Result,Fighter,KD,Sig. str.,Sig. str. %,Total str.,Td,Td %,Sub. att,Rev.,Ctrl,Head (SS),Body (SS),Leg (SS),Distance (SS),Clinch (SS),Ground (SS)
W,Islam Makhachev,1,22 of 44,50%,78 of 114,7 of 15,46%,0,0,12:30,9 of 31,3 of 3,10 of 10,15 of 36,6 of 7,1 of 1
L,Ian Machado Garry,0,29 of 65,44%,89 of 141,0 of 0,---,0,0,0:34,7 of 40,16 of 17,6 of 8,22 of 57,7 of 8,0 of 0
W,Mackenzie Dern,0,65 of 168,38%,122 of 239,4 of 6,66%,1,0,10:48,40 of 140,14 of 17,11 of 11,55 of 153,2 of 2,8 of 13
L,Gillian Robertson,0,49 of 131,37%,136 of 237,1 of 3,33%,0,2,6:47,37 of 107,9 of 19,3 of 5,24 of 100,8 of 10,17 of 21
W,Jalin Turner,1,9 of 14,64%,9 of 14,0 of 0,---,0,0,0:05,8 of 11,1 of 2,0 of 1,1 of 4,0 of 0,8 of 10
L,Kaue Fernandes,0,2 of 4,50%,2 of 4,0 of 0,---,0,0,0:00,1 of 2,0 of 1,1 of 1,2 of 4,0 of 0,0 of 0
L,Mansur Abdul-Malik,0,34 of 67,50%,34 of 68,1 of 1,100%,0,0,0:37,19 of 48,9 of 11,6 of 8,22 of 45,9 of 14,3 of 8
W,Dustin Stoltzfus,0,43 of 70,61%,61 of 92,2 of 7,28%,1,0,3:02,25 of 48,12 of 15,6 of 7,15 of 32,14 of 22,14 of 16
L,Edson Barboza,0,30 of 64,46%,30 of 64,0 of 0,---,0,0,0:00,13 of 42,11 of 16,6 of 6,29 of 63,1 of 1,0 of 0
W,Esteban Ribovics,0,63 of 126,50%,70 of 133,0 of 0,---,0,0,0:19,41 of 101,10 of 11,12 of 14,49 of 107,14 of 18,0 of 1
W,Chidi Njokuani,0,155 of 229,67%,159 of 233,0 of 1,0%,0,0,0:12,51 of 100,56 of 76,48 of 53,149 of 222,6 of 7,0 of 0
L,Joel Alvarez,0,74 of 164,45%,76 of 166,0 of 0,---,0,0,0:26,37 of 120,19 of 25,18 of 19,72 of 161,2 of 3,0 of 0
W,Charles Johnson,0,66 of 142,46%,70 of 146,0 of 5,0%,1,0,0:13,40 of 106,14 of 22,12 of 14,63 of 136,1 of 2,2 of 4
L,Eduardo Chapolin,1,55 of 131,41%,59 of 137,1 of 4,25%,0,0,1:12,22 of 84,13 of 20,20 of 27,49 of 122,2 of 3,4 of 6
W,Donte Johnson,1,11 of 31,35%,11 of 31,0 of 0,---,0,0,0:00,9 of 29,1 of 1,1 of 1,9 of 28,0 of 1,2 of 2
L,Eric McConico,0,6 of 15,40%,6 of 15,0 of 1,0%,0,0,0:03,4 of 13,1 of 1,1 of 1,5 of 14,1 of 1,0 of 0
L,Vicente Luque,0,46 of 122,37%,50 of 127,0 of 1,0%,1,0,0:44,31 of 104,7 of 7,8 of 11,43 of 118,3 of 4,0 of 0
W,Tresean Gore,0,65 of 136,47%,98 of 179,0 of 2,0%,1,0,3:45,53 of 120,2 of 3,10 of 13,39 of 107,4 of 5,22 of 24
L,Rafael Tobias,0,13 of 56,23%,14 of 58,1 of 1,100%,0,0,0:55,5 of 47,5 of 5,3 of 4,11 of 52,1 of 2,1 of 2
W,Lucas Fernando,2,69 of 115,60%,69 of 115,0 of 0,---,0,0,0:09,37 of 80,18 of 20,14 of 15,66 of 111,1 of 1,2 of 3
W,Neil Magny,0,24 of 38,63%,61 of 78,0 of 1,0%,1,1,0:59,20 of 34,1 of 1,3 of 3,9 of 18,2 of 3,13 of 17
L,Ramiz Brahimaj,0,7 of 9,77%,20 of 24,1 of 3,33%,0,1,6:25,2 of 3,1 of 1,4 of 5,5 of 7,0 of 0,2 of 2
W,Jeremiah Wells,0,16 of 45,35%,28 of 57,1 of 1,100%,1,1,0:23,14 of 43,2 of 2,0 of 0,16 of 45,0 of 0,0 of 0
L,Myktybek Orolbai,0,26 of 35,74%,67 of 83,4 of 6,66%,0,0,6:20,22 of 30,4 of 5,0 of 0,7 of 15,0 of 0,19 of 20
L,Mateusz Gamrot,0,3 of 10,30%,3 of 10,0 of 1,0%,2,0,0:20,3 of 10,0 of 0,0 of 0,3 of 10,0 of 0,0 of 0
W,Quillan Salkilld,0,10 of 24,41%,20 of 35,1 of 1,100%,1,0,2:02,8 of 19,1 of 4,1 of 1,6 of 18,3 of 4,1 of 2
W,Diego Ferreira,0,116 of 236,49%,124 of 246,4 of 9,44%,0,0,2:47,94 of 207,20 of 27,2 of 2,101 of 218,8 of 9,7 of 9
L,Billy Quarantillo,0,73 of 208,35%,113 of 249,1 of 3,33%,0,0,1:48,50 of 167,16 of 31,7 of 10,68 of 199,3 of 5,2 of 4
L,Darren Elkins,0,0 of 2,0%,0 of 2,0 of 1,0%,0,0,0:00,0 of 2,0 of 0,0 of 0,0 of 2,0 of 0,0 of 0
W,Yadier del Valle,1,5 of 6,83%,5 of 6,0 of 0,---,0,0,0:09,4 of 5,0 of 0,1 of 1,2 of 3,1 of 1,2 of 2
L,Amanda Lemos,0,56 of 100,56%,68 of 115,0 of 2,0%,0,0,0:22,29 of 63,17 of 27,10 of 10,52 of 96,4 of 4,0 of 0
W,Alexia Thainara,0,81 of 125,64%,199 of 246,2 of 6,33%,0,0,7:43,35 of 71,22 of 27,24 of 27,52 of 91,24 of 29,5 of 5
L,Billy Ray Goff,0,25 of 57,43%,35 of 67,0 of 8,0%,0,0,2:46,8 of 36,11 of 13,6 of 8,18 of 49,7 of 8,0 of 0
W,Ty Miller,2,133 of 221,60%,163 of 251,0 of 0,---,0,0,1:00,121 of 204,11 of 16,1 of 1,92 of 166,14 of 19,27 of 36
W,Steven Asplund,2,66 of 109,60%,134 of 180,0 of 1,0%,1,0,4:44,51 of 92,9 of 11,6 of 6,27 of 63,19 of 24,20 of 22
L,Guilherme Pat,1,45 of 76,59%,72 of 103,0 of 0,---,0,0,2:50,25 of 55,13 of 14,7 of 7,36 of 66,9 of 9,0 of 1
W,Diyar Nurgozhay,2,48 of 70,68%,48 of 70,0 of 0,---,0,0,0:08,17 of 30,14 of 16,17 of 24,34 of 56,2 of 2,12 of 12
L,Bruno Lopes,0,14 of 25,56%,14 of 25,1 of 1,100%,0,0,0:03,2 of 11,4 of 6,8 of 8,14 of 25,0 of 0,0 of 0
L,Louie Sutherland,0,3 of 4,75%,3 of 4,0 of 1,0%,0,0,0:11,1 of 2,0 of 0,2 of 2,3 of 4,0 of 0,0 of 0
W,Jose Montanha,0,2 of 7,28%,7 of 12,1 of 2,50%,1,0,1:01,2 of 7,0 of 0,0 of 0,1 of 6,1 of 1,0 of 0
W,Manoel Sousa,1,67 of 119,56%,89 of 141,1 of 1,100%,0,0,2:49,43 of 86,5 of 7,19 of 26,49 of 98,13 of 16,5 of 5
L,Richie Miranda,0,46 of 119,38%,126 of 213,1 of 9,11%,0,0,3:51,41 of 108,4 of 9,1 of 2,28 of 91,7 of 14,11 of 14
W,Miles Johns,1,12 of 28,42%,12 of 28,0 of 0,---,0,0,0:04,11 of 25,0 of 1,1 of 2,8 of 24,0 of 0,4 of 4
L,Gianni Vazquez,0,7 of 25,28%,7 of 25,0 of 0,---,0,0,0:00,4 of 21,1 of 2,2 of 2,7 of 25,0 of 0,0 of 0
W,Juliana Miller,0,24 of 44,54%,45 of 70,2 of 4,50%,1,0,4:42,19 of 36,5 of 7,0 of 1,6 of 11,5 of 5,13 of 28
L,Ravena Oliveira,0,7 of 18,38%,18 of 30,0 of 0,---,0,0,0:06,2 of 12,2 of 2,3 of 4,5 of 16,2 of 2,0 of 0
L,Gigi Canuto,0,56 of 107,52%,102 of 159,4 of 7,57%,1,0,6:10,41 of 81,6 of 16,9 of 10,52 of 102,2 of 3,2 of 2
W,Carol Foro,0,106 of 173,61%,125 of 192,0 of 0,---,0,1,0:50,64 of 120,30 of 38,12 of 15,91 of 148,8 of 12,7 of 13
W,Uros Medic,1,11 of 14,78%,11 of 14,0 of 0,---,0,0,0:04,9 of 11,1 of 2,1 of 1,5 of 6,0 of 0,6 of 8
L,Daniel Rodriguez,0,1 of 3,33%,1 of 3,0 of 0,---,0,0,0:00,0 of 2,0 of 0,1 of 1,1 of 3,0 of 0,0 of 0
L,Jan Blachowicz,0,3 of 7,42%,6 of 11,0 of 0,---,0,0,0:04,1 of 5,2 of 2,0 of 0,3 of 5,0 of 2,0 of 0
W,Navajo Stirling,0,35 of 46,76%,36 of 47,0 of 1,0%,0,0,1:04,22 of 30,3 of 5,10 of 11,15 of 22,0 of 0,20 of 24
W,Aleksandar Rakic,0,71 of 136,52%,83 of 149,0 of 0,---,0,0,3:11,28 of 84,27 of 34,16 of 18,66 of 131,5 of 5,0 of 0
L,Marcin Tybura,0,33 of 129,25%,37 of 133,0 of 2,0%,0,0,0:00,18 of 94,8 of 27,7 of 8,29 of 123,4 of 6,0 of 0
L,Dusko Todorovic,0,1 of 1,100%,1 of 1,2 of 3,66%,0,0,1:00,0 of 0,0 of 0,1 of 1,1 of 1,0 of 0,0 of 0
W,Robert Valentin,0,1 of 3,33%,13 of 15,1 of 1,100%,2,1,2:37,0 of 1,1 of 2,0 of 0,1 of 3,0 of 0,0 of 0
L,Vlasto Cepo,0,7 of 24,29%,7 of 24,0 of 0,---,0,0,0:00,5 of 22,2 of 2,0 of 0,7 of 24,0 of 0,0 of 0
W,Gilbert Urbina,1,30 of 48,62%,36 of 54,0 of 0,---,0,0,0:22,27 of 45,2 of 2,1 of 1,8 of 22,0 of 0,22 of 26
L,Milos Janicic,0,6 of 19,31%,7 of 20,0 of 0,---,0,0,0:00,5 of 18,1 of 1,0 of 0,6 of 18,0 of 1,0 of 0
W,Noah Gugnon,0,5 of 11,45%,6 of 13,0 of 0,---,1,0,0:40,1 of 7,0 of 0,4 of 4,5 of 9,0 of 0,0 of 2
L,Ludovit Klein,0,46 of 87,52%,47 of 88,0 of 1,0%,0,0,0:00,24 of 61,17 of 21,5 of 5,44 of 85,2 of 2,0 of 0
W,Tofiq Musayev,1,46 of 110,41%,59 of 128,0 of 1,0%,0,0,1:02,26 of 83,10 of 15,10 of 12,42 of 104,1 of 1,3 of 5
L,Oban Elliott,0,6 of 11,54%,6 of 11,0 of 1,0%,0,0,0:00,4 of 8,1 of 2,1 of 1,6 of 11,0 of 0,0 of 0
W,Michael Oliveira,2,14 of 25,56%,18 of 29,0 of 0,---,0,0,0:15,13 of 23,1 of 2,0 of 0,4 of 11,0 of 0,10 of 14
W,Borislav Nikolic,0,57 of 147,38%,87 of 189,1 of 1,100%,2,1,4:05,51 of 136,2 of 6,4 of 5,41 of 123,3 of 8,13 of 16
L,Mark Vologdin,1,42 of 102,41%,43 of 103,3 of 8,37%,0,0,1:11,26 of 78,7 of 13,9 of 11,36 of 87,6 of 14,0 of 1
L,Dennis Buzukja,0,46 of 89,51%,68 of 111,0 of 0,---,0,0,0:00,35 of 75,9 of 11,2 of 3,44 of 87,2 of 2,0 of 0
W,Bogdan Grad,0,44 of 74,59%,67 of 100,4 of 12,33%,2,0,4:24,32 of 59,7 of 10,5 of 5,24 of 51,6 of 7,14 of 16
W,Mateusz Rebecki,0,75 of 98,76%,132 of 174,1 of 1,100%,0,0,4:04,71 of 93,4 of 5,0 of 0,7 of 14,0 of 0,68 of 84
L,Kyle Prepolec,0,2 of 13,15%,11 of 23,0 of 0,---,0,0,0:00,1 of 11,1 of 2,0 of 0,1 of 12,0 of 0,1 of 1
W,Nina Milosevic,1,21 of 39,53%,21 of 39,0 of 0,---,0,0,0:00,14 of 29,7 of 10,0 of 0,16 of 30,5 of 9,0 of 0
L,Hailey Cowan,0,13 of 48,27%,13 of 48,0 of 2,0%,0,0,0:00,7 of 36,5 of 11,1 of 1,12 of 45,1 of 3,0 of 0
W,Jovan Leka,1,10 of 16,62%,10 of 16,0 of 0,---,0,0,0:02,8 of 13,1 of 1,1 of 2,6 of 10,2 of 2,2 of 4
L,Alexander Poppeck,0,8 of 18,44%,8 of 18,0 of 0,---,0,0,0:00,2 of 12,1 of 1,5 of 5,8 of 18,0 of 0,0 of 0
L,Marina Spasic,0,25 of 53,47%,25 of 53,0 of 0,---,0,0,0:00,18 of 46,1 of 1,6 of 6,25 of 53,0 of 0,0 of 0
W,Stephanie Luciano,0,20 of 47,42%,22 of 49,1 of 2,50%,1,0,0:26,14 of 38,0 of 1,6 of 8,20 of 46,0 of 1,0 of 0
W,Magomed Ankalaev,0,54 of 113,47%,156 of 235,2 of 4,50%,3,0,8:26,19 of 63,26 of 39,9 of 11,44 of 98,4 of 4,6 of 11
L,Bogdan Guskov,0,39 of 63,61%,45 of 70,0 of 0,---,1,0,0:00,2 of 21,3 of 4,34 of 38,39 of 63,0 of 0,0 of 0
L,Steve Erceg,0,11 of 42,26%,11 of 42,0 of 1,0%,0,0,0:08,9 of 37,2 of 5,0 of 0,10 of 41,1 of 1,0 of 0
W,Ramazan Temirov,2,27 of 61,44%,32 of 67,0 of 0,---,0,0,0:06,25 of 56,1 of 4,1 of 1,25 of 59,0 of 0,2 of 2
W,Magomed Zaynukov,0,74 of 131,56%,109 of 167,2 of 6,33%,0,0,0:54,46 of 93,8 of 15,20 of 23,53 of 107,21 of 24,0 of 0
L,Damian Rzepecki,0,16 of 62,25%,32 of 80,1 of 7,14%,0,0,5:02,6 of 46,4 of 8,6 of 8,15 of 60,1 of 2,0 of 0
W,Rizvan Kuniev,1,66 of 120,55%,68 of 122,0 of 0,---,0,0,2:21,46 of 94,20 of 26,0 of 0,35 of 75,30 of 44,1 of 1
L,Tyrell Fortune,0,20 of 43,46%,29 of 52,0 of 2,0%,0,0,0:00,12 of 33,4 of 5,4 of 5,10 of 30,10 of 13,0 of 0
W,Abubakar Vagaev,0,27 of 70,38%,91 of 138,4 of 10,40%,0,0,7:46,16 of 52,7 of 13,4 of 5,18 of 59,7 of 9,2 of 2
L,Saygid Izagakhmaev,0,33 of 83,39%,73 of 124,2 of 7,28%,3,0,2:46,16 of 63,7 of 9,10 of 11,23 of 69,8 of 11,2 of 3
W,Valter Walker,0,1 of 1,100%,3 of 3,0 of 0,---,2,0,0:09,0 of 0,1 of 1,0 of 0,1 of 1,0 of 0,0 of 0
L,Thomas Petersen,0,0 of 1,0%,6 of 7,0 of 1,0%,0,0,0:37,0 of 1,0 of 0,0 of 0,0 of 1,0 of 0,0 of 0
L,Dustin Jacoby,0,34 of 93,36%,34 of 93,0 of 0,---,0,0,0:00,8 of 45,3 of 11,23 of 37,34 of 93,0 of 0,0 of 0
W,Muhammad Saidov,2,60 of 133,45%,60 of 133,0 of 0,---,0,0,0:02,41 of 105,9 of 16,10 of 12,52 of 121,4 of 7,4 of 5
L,Santiago Ponzinibbio,0,14 of 86,16%,14 of 86,0 of 1,0%,0,0,0:00,10 of 79,1 of 3,3 of 4,14 of 86,0 of 0,0 of 0
W,Sam Patterson,2,64 of 132,48%,65 of 133,0 of 0,---,0,0,0:08,58 of 118,6 of 14,0 of 0,59 of 125,0 of 0,5 of 7
L,Ismael Bonfim,0,1 of 3,33%,1 of 3,1 of 3,33%,0,0,2:03,0 of 1,0 of 0,1 of 2,1 of 3,0 of 0,0 of 0
W,Axel Sola,1,33 of 44,75%,77 of 96,0 of 0,---,1,0,2:03,31 of 42,2 of 2,0 of 0,2 of 4,25 of 25,6 of 15
W,Magomed Tuchalov,0,35 of 80,43%,57 of 110,8 of 14,57%,1,0,4:20,12 of 46,5 of 14,18 of 20,34 of 77,0 of 0,1 of 3
L,Brendson Ribeiro,0,39 of 118,33%,49 of 130,0 of 1,0%,0,0,0:08,18 of 73,4 of 11,17 of 34,37 of 115,0 of 0,2 of 3
W,Nurullo Aliev,0,13 of 34,38%,81 of 106,8 of 13,61%,1,1,12:25,12 of 30,1 of 4,0 of 0,4 of 17,1 of 4,8 of 13
L,Mike Davis,0,22 of 37,59%,55 of 71,0 of 0,---,2,0,0:36,9 of 23,11 of 12,2 of 2,9 of 23,2 of 3,11 of 11
L,Cody Gibson,0,44 of 81,54%,53 of 94,1 of 3,33%,3,0,1:16,13 of 47,25 of 28,6 of 6,22 of 55,21 of 25,1 of 1
W,Abdul Hussein,1,65 of 99,65%,91 of 133,1 of 2,50%,3,2,7:47,58 of 91,7 of 8,0 of 0,38 of 63,11 of 12,16 of 24
W,Dricus Du Plessis,0,136 of 273,49%,139 of 278,0 of 2,0%,0,0,0:06,102 of 230,24 of 30,10 of 13,132 of 267,4 of 4,0 of 2
L,Kamaru Usman,0,92 of 234,39%,99 of 244,0 of 7,0%,0,0,0:24,49 of 170,37 of 58,6 of 6,88 of 230,4 of 4,0 of 0
L,Jared Cannonier,0,15 of 46,32%,36 of 69,5 of 8,62%,0,0,6:12,7 of 36,6 of 8,2 of 2,6 of 33,8 of 12,1 of 1
W,Christian Leroy Duncan,0,68 of 117,58%,94 of 148,1 of 3,33%,0,1,2:16,37 of 85,17 of 18,14 of 14,43 of 82,25 of 34,0 of 1
W,Chase Hooper,0,3 of 7,42%,4 of 8,1 of 2,50%,1,0,1:27,2 of 6,0 of 0,1 of 1,3 of 7,0 of 0,0 of 0
L,Mitch Ramirez,0,1 of 1,100%,3 of 3,0 of 0,---,0,0,0:00,0 of 0,0 of 0,1 of 1,1 of 1,0 of 0,0 of 0
L,Tabatha Ricci,0,24 of 102,23%,26 of 108,1 of 8,12%,0,0,0:30,18 of 89,5 of 9,1 of 4,22 of 99,2 of 3,0 of 0
W,Fatima Kline,0,66 of 164,40%,86 of 195,7 of 9,77%,1,1,5:00,41 of 130,20 of 28,5 of 6,56 of 151,9 of 12,1 of 1
W,Tommy McMillen,2,252 of 513,49%,255 of 517,0 of 0,---,0,0,0:57,185 of 429,52 of 65,15 of 19,234 of 484,11 of 19,7 of 10
L,Alberto Montes,0,56 of 147,38%,56 of 147,0 of 0,---,0,0,0:00,48 of 134,4 of 8,4 of 5,56 of 147,0 of 0,0 of 0
L,Austin Bashi,0,32 of 87,36%,54 of 111,3 of 14,21%,1,1,3:10,23 of 74,7 of 10,2 of 3,26 of 78,4 of 7,2 of 2
W,Jose Delgado,1,35 of 85,41%,70 of 126,1 of 3,33%,0,0,1:54,22 of 70,9 of 11,4 of 4,29 of 78,5 of 6,1 of 1
W,Jean-Paul Lebosnoyani,0,52 of 152,34%,67 of 168,3 of 4,75%,2,0,2:09,35 of 125,10 of 19,7 of 8,41 of 132,11 of 20,0 of 0
L,Seokhyeon Ko,0,66 of 168,39%,80 of 186,0 of 4,0%,0,1,1:47,55 of 153,7 of 11,4 of 4,61 of 163,2 of 2,3 of 3
L,Levi Rodrigues Jr.,0,11 of 32,34%,26 of 52,0 of 0,---,0,0,0:00,7 of 27,0 of 0,4 of 5,11 of 32,0 of 0,0 of 0
W,Felipe Franco,0,39 of 56,69%,52 of 72,3 of 6,50%,0,0,3:51,38 of 55,1 of 1,0 of 0,12 of 20,0 of 0,27 of 36
W,Ezra Elliott,0,6 of 11,54%,21 of 29,12 of 18,66%,3,0,11:01,4 of 8,1 of 2,1 of 1,2 of 6,0 of 1,4 of 4
L,Damien Anderson,0,7 of 20,35%,23 of 37,0 of 2,0%,1,0,0:47,5 of 16,2 of 2,0 of 2,2 of 8,3 of 4,2 of 8
W,Alden Coria,0,44 of 127,34%,60 of 144,3 of 5,60%,4,0,2:17,35 of 118,8 of 8,1 of 1,42 of 125,1 of 1,1 of 1
L,Stewart Nicoll,0,28 of 90,31%,32 of 94,5 of 9,55%,0,0,4:17,20 of 77,4 of 7,4 of 6,28 of 90,0 of 0,0 of 0
W,RJ Harris,1,15 of 26,57%,17 of 28,0 of 0,---,0,0,0:10,12 of 23,0 of 0,3 of 3,7 of 11,0 of 0,8 of 15
L,Alvin Hines,0,11 of 25,44%,11 of 25,0 of 0,---,0,0,0:00,0 of 5,2 of 7,9 of 13,11 of 25,0 of 0,0 of 0
L,Anna Melisano,0,2 of 6,33%,6 of 10,0 of 0,---,0,0,0:00,1 of 4,0 of 1,1 of 1,2 of 6,0 of 0,0 of 0
W,Dione Barbosa,0,5 of 7,71%,22 of 29,1 of 2,50%,2,0,3:31,2 of 4,3 of 3,0 of 0,1 of 2,2 of 2,2 of 3
L,Conor McGregor,0,0 of 6,0%,5 of 11,0 of 0,---,0,0,0:00,0 of 6,0 of 0,0 of 0,0 of 5,0 of 1,0 of 0
W,Max Holloway,0,12 of 19,63%,14 of 22,0 of 0,---,0,0,0:37,8 of 15,0 of 0,4 of 4,5 of 6,0 of 0,7 of 13
L,Benoit Saint Denis,0,1 of 3,33%,1 of 3,0 of 1,0%,0,0,0:04,1 of 3,0 of 0,0 of 0,1 of 3,0 of 0,0 of 0
W,Paddy Pimblett,0,4 of 5,80%,4 of 5,0 of 0,---,1,0,0:37,2 of 3,0 of 0,2 of 2,4 of 5,0 of 0,0 of 0
L,Cory Sandhagen,0,89 of 176,50%,104 of 196,1 of 4,25%,0,0,1:13,70 of 150,9 of 16,10 of 10,73 of 154,16 of 22,0 of 0
W,Mario Bautista,1,114 of 185,61%,143 of 215,8 of 20,40%,3,0,3:21,76 of 141,20 of 24,18 of 20,82 of 145,17 of 18,15 of 22
W,Brandon Royval,0,84 of 152,55%,146 of 218,3 of 6,50%,2,0,4:53,78 of 146,4 of 4,2 of 2,55 of 117,11 of 13,18 of 22
L,Lone'er Kavanagh,1,56 of 94,59%,63 of 101,1 of 2,50%,1,0,2:09,31 of 63,17 of 19,8 of 12,34 of 61,10 of 13,12 of 20
W,King Green,1,43 of 72,59%,57 of 86,0 of 0,---,0,0,0:03,18 of 43,20 of 24,5 of 5,35 of 59,0 of 2,8 of 11
L,Terrance McKinney,0,45 of 80,56%,59 of 96,1 of 1,100%,0,0,2:12,40 of 75,5 of 5,0 of 0,25 of 58,2 of 3,18 of 19
L,Nikita Krylov,0,51 of 99,51%,57 of 106,3 of 6,50%,0,0,2:10,21 of 62,17 of 23,13 of 14,45 of 92,6 of 7,0 of 0
W,Robert Whittaker,0,54 of 111,48%,55 of 112,0 of 0,---,0,0,0:00,54 of 111,0 of 0,0 of 0,51 of 105,3 of 6,0 of 0
W,Gable Steveson,1,41 of 57,71%,41 of 57,0 of 1,0%,0,0,0:10,25 of 39,12 of 14,4 of 4,28 of 40,12 of 16,1 of 1
L,Elisha Ellison,0,13 of 33,39%,14 of 34,0 of 0,---,0,0,0:00,10 of 30,3 of 3,0 of 0,9 of 28,4 of 5,0 of 0
L,Cody Garbrandt,0,13 of 32,40%,13 of 32,0 of 1,0%,0,0,0:00,10 of 29,2 of 2,1 of 1,12 of 29,1 of 3,0 of 0
W,Adrian Yanez,1,16 of 30,53%,16 of 30,0 of 0,---,0,0,0:00,13 of 27,2 of 2,1 of 1,12 of 25,4 of 5,0 of 0
W,Luke Riley,1,43 of 67,64%,43 of 67,0 of 0,---,0,0,0:02,30 of 53,9 of 10,4 of 4,35 of 58,6 of 7,2 of 2
L,Kai Kamaka III,0,23 of 41,56%,23 of 41,0 of 0,---,0,0,0:00,9 of 23,4 of 5,10 of 13,23 of 41,0 of 0,0 of 0
L,Tracy Cortez,0,72 of 156,46%,74 of 158,1 of 9,11%,0,0,0:31,48 of 127,12 of 17,12 of 12,66 of 149,6 of 7,0 of 0
W,Wang Cong,0,137 of 215,63%,153 of 231,0 of 0,---,0,0,1:22,77 of 140,28 of 33,32 of 42,126 of 199,6 of 8,5 of 8
W,Damian Pinas,1,25 of 33,75%,28 of 37,0 of 1,0%,0,0,0:03,12 of 20,5 of 5,8 of 8,24 of 32,0 of 0,1 of 1
L,Cesar Almeida,0,37 of 50,74%,39 of 52,1 of 1,100%,0,0,0:33,8 of 16,15 of 20,14 of 14,37 of 50,0 of 0,0 of 0
W,Farid Basharat,0,86 of 134,64%,95 of 145,5 of 22,22%,0,0,4:02,65 of 109,6 of 9,15 of 16,68 of 107,5 of 7,13 of 20
L,John Garza,0,82 of 187,43%,92 of 197,0 of 0,---,0,1,0:13,55 of 151,27 of 33,0 of 3,66 of 165,16 of 21,0 of 1
W,Ryan Gandra,1,10 of 20,50%,10 of 20,0 of 0,---,0,0,0:05,8 of 16,2 of 4,0 of 0,5 of 13,0 of 0,5 of 7
L,Zach Reese,0,5 of 10,50%,5 of 10,0 of 0,---,0,0,0:00,3 of 8,1 of 1,1 of 1,5 of 10,0 of 0,0 of 0
W,Alessandro Costa,0,21 of 49,42%,25 of 53,0 of 0,---,2,0,1:01,15 of 36,4 of 7,2 of 6,19 of 45,0 of 1,2 of 3
L,Cody Durden,0,28 of 73,38%,30 of 75,0 of 2,0%,0,0,0:12,21 of 66,2 of 2,5 of 5,27 of 71,1 of 2,0 of 0
W,Rafael Fiziev,1,25 of 39,64%,28 of 43,2 of 2,100%,0,0,0:42,13 of 21,2 of 4,10 of 14,16 of 27,3 of 5,6 of 7
L,Manuel Torres,0,22 of 52,42%,26 of 56,0 of 0,---,0,0,0:06,16 of 45,4 of 5,2 of 2,20 of 48,2 of 4,0 of 0
W,Shara Magomedov,0,52 of 85,61%,112 of 165,0 of 0,---,0,1,0:53,16 of 39,18 of 24,18 of 22,44 of 75,5 of 6,3 of 4
L,Michel Pereira,1,35 of 82,42%,61 of 113,0 of 2,0%,0,0,4:04,21 of 55,9 of 16,5 of 11,19 of 54,1 of 1,15 of 27
L,Nazim Sadykhov,0,0 of 16,0%,0 of 16,0 of 0,---,0,0,0:00,0 of 10,0 of 1,0 of 5,0 of 16,0 of 0,0 of 0
W,Matheus Camilo,1,4 of 10,40%,4 of 10,0 of 0,---,0,0,0:03,3 of 8,0 of 0,1 of 2,2 of 6,0 of 0,2 of 4
W,Asu Almabayev,0,28 of 51,54%,73 of 102,6 of 9,66%,1,0,8:48,15 of 34,7 of 10,6 of 7,18 of 37,1 of 1,9 of 13
L,Charles Johnson,0,21 of 45,46%,32 of 57,0 of 0,---,1,0,0:00,5 of 19,8 of 14,8 of 12,18 of 41,3 of 4,0 of 0
W,Ikram Aliskerov,0,47 of 98,47%,114 of 179,5 of 6,83%,1,0,8:53,32 of 80,9 of 12,6 of 6,36 of 84,0 of 1,11 of 13
L,Brunno Ferreira,0,19 of 55,34%,23 of 61,0 of 1,0%,0,0,0:07,13 of 48,3 of 4,3 of 3,19 of 55,0 of 0,0 of 0
W,Abus Magomedov,1,10 of 27,37%,10 of 27,0 of 0,---,1,0,0:36,5 of 20,4 of 5,1 of 2,9 of 25,1 of 1,0 of 1
L,Michal Oleksiejczuk,0,5 of 19,26%,5 of 19,0 of 0,---,0,0,0:03,1 of 12,2 of 4,2 of 3,5 of 19,0 of 0,0 of 0
W,Farman Hasanov,0,21 of 41,51%,53 of 87,17 of 27,62%,0,0,11:12,20 of 39,1 of 2,0 of 0,19 of 37,0 of 0,2 of 4
L,Eric Nolan,0,15 of 51,29%,29 of 67,0 of 0,---,0,0,0:03,14 of 50,1 of 1,0 of 0,15 of 51,0 of 0,0 of 0
W,Abdul Rakhman Yakhyaev,1,6 of 8,75%,6 of 8,0 of 0,---,0,0,0:03,6 of 8,0 of 0,0 of 0,1 of 1,0 of 0,5 of 7
L,Julius Walker,0,0 of 1,0%,0 of 1,0 of 0,---,0,0,0:00,0 of 1,0 of 0,0 of 0,0 of 1,0 of 0,0 of 0
W,Nursulton Ruziboev,0,1 of 3,33%,13 of 18,2 of 2,100%,1,0,2:28,0 of 1,1 of 2,0 of 0,1 of 3,0 of 0,0 of 0
L,Andrey Pulyaev,0,2 of 6,33%,15 of 23,0 of 0,---,0,0,0:00,0 of 4,2 of 2,0 of 0,2 of 6,0 of 0,0 of 0
W,Kaan Ofli,1,17 of 26,65%,42 of 53,0 of 0,---,1,0,0:32,9 of 17,4 of 5,4 of 4,13 of 21,0 of 0,4 of 5
L,Javier Reyes,0,7 of 35,20%,7 of 35,0 of 0,---,0,0,0:00,3 of 29,2 of 4,2 of 2,7 of 35,0 of 0,0 of 0
W,Daniil Donchenko,2,71 of 107,66%,73 of 109,0 of 0,---,0,0,0:27,16 of 44,26 of 32,29 of 31,61 of 93,10 of 13,0 of 1
L,Theodor Berggren,0,23 of 64,35%,29 of 71,0 of 0,---,0,0,0:17,15 of 50,7 of 13,1 of 1,20 of 60,3 of 4,0 of 0
L,Bekzat Almakhan,1,69 of 159,43%,70 of 160,0 of 0,---,0,0,0:02,59 of 148,9 of 10,1 of 1,65 of 155,4 of 4,0 of 0
W,Jean Matsumoto,0,79 of 229,34%,89 of 241,2 of 10,20%,0,0,1:38,44 of 176,11 of 21,24 of 32,70 of 211,6 of 14,3 of 4
W,Tahir Abdullayev,0,37 of 87,42%,60 of 111,2 of 6,33%,0,0,3:12,26 of 74,8 of 10,3 of 3,14 of 55,4 of 6,19 of 26
L,Jefferson Nascimento,0,35 of 72,48%,54 of 100,0 of 1,0%,0,0,0:33,11 of 38,19 of 26,5 of 8,33 of 70,2 of 2,0 of 0
W,Manel Kape,1,19 of 56,33%,47 of 88,0 of 0,---,0,0,0:10,11 of 47,2 of 3,6 of 6,13 of 46,0 of 1,6 of 9
L,Kyoji Horiguchi,0,27 of 53,50%,53 of 89,2 of 5,40%,0,0,4:00,21 of 43,4 of 5,2 of 5,20 of 42,0 of 1,7 of 10
L,Ion Cutelaba,0,19 of 48,39%,58 of 88,5 of 7,71%,1,2,3:01,10 of 36,3 of 4,6 of 8,14 of 41,2 of 4,3 of 3
W,Navajo Stirling,0,52 of 70,74%,59 of 77,0 of 1,0%,0,2,1:53,38 of 54,11 of 12,3 of 4,31 of 44,1 of 2,20 of 24
L,Hyder Amil,0,23 of 48,47%,23 of 48,0 of 1,0%,0,0,0:00,11 of 30,7 of 8,5 of 10,19 of 42,4 of 6,0 of 0
W,Christian Rodriguez,1,20 of 38,52%,23 of 43,1 of 3,33%,1,0,0:23,17 of 35,3 of 3,0 of 0,18 of 34,0 of 0,2 of 4
L,Melsik Baghdasaryan,0,3 of 13,23%,3 of 13,0 of 0,---,0,0,0:00,0 of 9,3 of 3,0 of 1,3 of 13,0 of 0,0 of 0
W,Murtazali Magomedov,0,5 of 7,71%,7 of 9,1 of 2,50%,1,0,0:27,3 of 5,0 of 0,2 of 2,5 of 5,0 of 0,0 of 2
W,Vinicius Oliveira,1,105 of 152,69%,105 of 152,0 of 1,0%,0,0,0:17,47 of 90,28 of 31,30 of 31,89 of 134,10 of 12,6 of 6
L,Andre Fili,0,40 of 113,35%,40 of 113,0 of 1,0%,0,0,0:00,31 of 104,9 of 9,0 of 0,38 of 110,2 of 3,0 of 0
L,Andre Lima,0,51 of 114,44%,58 of 121,0 of 2,0%,0,0,1:41,16 of 52,13 of 31,22 of 31,49 of 112,2 of 2,0 of 0
W,Kevin Borjas,0,51 of 136,37%,52 of 137,0 of 1,0%,0,0,0:08,32 of 106,16 of 24,3 of 6,48 of 133,3 of 3,0 of 0
W,Bia Mesquita,0,3 of 10,30%,28 of 37,0 of 0,---,1,0,0:12,2 of 7,1 of 2,0 of 1,3 of 10,0 of 0,0 of 0
L,Melissa Mullins,0,10 of 25,40%,13 of 28,1 of 1,100%,0,0,1:27,8 of 23,2 of 2,0 of 0,8 of 22,2 of 2,0 of 1
L,Allan Nascimento,1,58 of 142,40%,98 of 195,0 of 4,0%,0,0,4:21,28 of 96,21 of 31,9 of 15,41 of 123,10 of 11,7 of 8
W,Mitch Raposo,0,38 of 89,42%,54 of 108,0 of 1,0%,0,0,0:47,29 of 80,9 of 9,0 of 0,37 of 88,1 of 1,0 of 0
W,Gaston Bolanos,0,87 of 193,45%,94 of 202,1 of 2,50%,0,0,0:22,35 of 120,34 of 49,18 of 24,86 of 190,1 of 3,0 of 0
L,Michael Aswell Jr.,0,105 of 252,41%,115 of 267,0 of 3,0%,0,0,1:06,86 of 226,18 of 24,1 of 2,95 of 237,9 of 11,1 of 4
L,Leon Shahbazyan,0,0 of 1,0%,0 of 1,0 of 0,---,0,0,0:00,0 of 0,0 of 1,0 of 0,0 of 1,0 of 0,0 of 0
W,Levan Chokheli,1,6 of 11,54%,6 of 11,0 of 0,---,0,0,0:01,3 of 8,1 of 1,2 of 2,6 of 8,0 of 0,0 of 3
L,Karol Rosa,0,7 of 26,26%,126 of 147,0 of 0,---,0,0,0:00,4 of 20,1 of 3,2 of 3,6 of 24,0 of 1,1 of 1
W,Luana Santos,0,9 of 11,81%,110 of 120,2 of 10,20%,0,0,12:21,6 of 8,3 of 3,0 of 0,6 of 8,1 of 1,2 of 2
W,Shane Collins,0,76 of 138,55%,111 of 175,0 of 6,0%,3,0,2:34,46 of 102,23 of 27,7 of 9,66 of 125,10 of 13,0 of 0
L,Otari Tanzilovi,0,58 of 89,65%,74 of 105,5 of 9,55%,0,0,4:14,38 of 66,15 of 17,5 of 6,41 of 70,17 of 19,0 of 0
L,Ilia Topuria,1,97 of 162,59%,111 of 177,1 of 3,33%,0,0,2:32,55 of 112,37 of 45,5 of 5,68 of 125,22 of 29,7 of 8
W,Justin Gaethje,0,91 of 192,47%,119 of 228,0 of 5,0%,0,0,1:32,79 of 175,8 of 12,4 of 5,73 of 167,15 of 21,3 of 4
L,Alex Pereira,0,12 of 33,36%,12 of 33,0 of 0,---,0,0,0:00,3 of 20,1 of 3,8 of 10,12 of 33,0 of 0,0 of 0
W,Ciryl Gane,1,54 of 86,62%,54 of 86,0 of 2,0%,0,0,0:12,39 of 71,4 of 4,11 of 11,36 of 66,3 of 3,15 of 17
W,Sean O'Malley,1,41 of 81,50%,41 of 81,0 of 0,---,0,0,0:02,32 of 66,7 of 13,2 of 2,41 of 81,0 of 0,0 of 0
L,Aiemann Zahabi,0,32 of 56,57%,32 of 56,0 of 0,---,0,0,0:00,6 of 25,0 of 0,26 of 31,32 of 56,0 of 0,0 of 0
W,Josh Hokit,1,86 of 117,73%,105 of 138,2 of 3,66%,1,0,4:04,74 of 103,7 of 9,5 of 5,39 of 60,11 of 13,36 of 44
L,Derrick Lewis,0,7 of 40,17%,8 of 41,0 of 1,0%,0,0,0:00,5 of 37,2 of 2,0 of 1,4 of 34,3 of 6,0 of 0
W,Mauricio Ruffy,2,19 of 40,47%,20 of 41,0 of 0,---,0,0,0:13,16 of 36,1 of 2,2 of 2,17 of 37,0 of 0,2 of 3
L,Michael Chandler,0,3 of 12,25%,3 of 12,0 of 3,0%,0,0,0:00,2 of 7,0 of 3,1 of 2,3 of 12,0 of 0,0 of 0
W,Bo Nickal,1,16 of 24,66%,44 of 53,1 of 1,100%,0,0,3:14,15 of 23,0 of 0,1 of 1,7 of 13,0 of 0,9 of 11
L,Kyle Daukaus,0,2 of 7,28%,26 of 31,0 of 0,---,0,0,0:00,1 of 6,0 of 0,1 of 1,2 of 7,0 of 0,0 of 0
W,Diego Lopes,1,24 of 66,36%,24 of 66,0 of 1,0%,0,0,0:05,21 of 57,2 of 8,1 of 1,17 of 58,0 of 0,7 of 8
L,Steve Garcia,0,47 of 104,45%,47 of 104,0 of 0,---,0,0,0:00,33 of 89,3 of 4,11 of 11,47 of 104,0 of 0,0 of 0
L,Belal Muhammad,0,86 of 275,31%,86 of 275,0 of 2,0%,0,0,0:08,52 of 228,22 of 33,12 of 14,86 of 273,0 of 2,0 of 0
W,Gabriel Bonfim,0,128 of 260,49%,128 of 261,0 of 1,0%,0,0,0:00,83 of 212,11 of 11,34 of 37,126 of 258,2 of 2,0 of 0
W,Brendan Allen,0,89 of 194,45%,91 of 196,1 of 4,25%,0,0,0:28,61 of 160,10 of 16,18 of 18,79 of 174,10 of 20,0 of 0
L,Edmen Shahbazyan,0,90 of 180,50%,90 of 180,0 of 1,0%,0,0,0:08,83 of 171,4 of 4,3 of 5,85 of 173,5 of 7,0 of 0
L,Fares Ziam,0,16 of 32,50%,48 of 70,3 of 5,60%,1,1,5:07,11 of 26,3 of 4,2 of 2,12 of 26,3 of 4,1 of 2
W,Tom Nolan,0,31 of 66,46%,65 of 116,2 of 6,33%,0,1,6:47,13 of 38,11 of 16,7 of 12,13 of 32,7 of 13,11 of 21
W,Bryce Mitchell,0,22 of 41,53%,54 of 77,2 of 5,40%,2,1,11:40,9 of 24,10 of 12,3 of 5,12 of 31,6 of 6,4 of 4
L,Santiago Luna,0,9 of 25,36%,112 of 130,0 of 1,0%,1,1,1:14,4 of 13,4 of 11,1 of 1,9 of 25,0 of 0,0 of 0
W,Iwo Baraniewski,1,6 of 22,27%,6 of 22,0 of 1,0%,0,0,0:17,2 of 18,1 of 1,3 of 3,4 of 6,0 of 2,2 of 14
L,Junior Tafa,0,0 of 8,0%,0 of 8,0 of 0,---,0,0,0:00,0 of 6,0 of 2,0 of 0,0 of 8,0 of 0,0 of 0
L,Matt Schnell,0,8 of 21,38%,8 of 21,0 of 0,---,0,0,0:00,5 of 17,1 of 2,2 of 2,8 of 21,0 of 0,0 of 0
W,Alessandro Costa,1,19 of 23,82%,19 of 23,0 of 0,---,0,0,0:05,16 of 18,2 of 2,1 of 3,7 of 11,0 of 0,12 of 12
W,Marcus McGhee,0,79 of 202,39%,79 of 202,0 of 2,0%,0,0,0:00,60 of 171,13 of 22,6 of 9,79 of 202,0 of 0,0 of 0
L,John Yannis,0,55 of 115,47%,55 of 115,0 of 0,---,0,0,0:00,27 of 77,20 of 30,8 of 8,54 of 114,1 of 1,0 of 0
L,Bruno Silva,0,17 of 29,58%,17 of 29,0 of 3,0%,0,0,0:00,11 of 22,3 of 4,3 of 3,17 of 29,0 of 0,0 of 0
W,Edgar Chairez,2,24 of 44,54%,24 of 44,0 of 0,---,1,0,0:24,20 of 37,2 of 5,2 of 2,21 of 38,0 of 0,3 of 6
L,Priscila Cachoeira,0,7 of 13,53%,9 of 16,1 of 1,100%,0,0,0:23,6 of 11,0 of 1,1 of 1,6 of 12,0 of 0,1 of 1
W,Chelsea Chandler,1,11 of 25,44%,24 of 41,0 of 0,---,1,0,1:52,9 of 22,2 of 3,0 of 0,9 of 22,2 of 2,0 of 1
L,Jordan Leavitt,0,7 of 9,77%,27 of 29,0 of 5,0%,1,1,2:21,3 of 3,4 of 6,0 of 0,3 of 4,4 of 5,0 of 0
W,Joanderson Brito,0,5 of 13,38%,15 of 24,0 of 0,---,1,0,1:17,3 of 10,2 of 2,0 of 1,3 of 11,2 of 2,0 of 0
W,Jeisla Chaves,0,64 of 99,64%,92 of 136,3 of 6,50%,1,0,4:29,35 of 66,20 of 24,9 of 9,36 of 68,15 of 18,13 of 13
L,Yuneisy Duben,0,62 of 112,55%,110 of 165,2 of 4,50%,0,1,3:18,41 of 83,14 of 16,7 of 13,44 of 90,8 of 9,10 of 13
W,Ketlen Souza,1,13 of 17,76%,13 of 17,0 of 0,---,0,0,0:03,11 of 15,0 of 0,2 of 2,12 of 16,0 of 0,1 of 1
L,Ariane Carnelossi,0,8 of 21,38%,8 of 21,0 of 0,---,0,0,0:00,4 of 12,3 of 8,1 of 1,8 of 21,0 of 0,0 of 0
W,Song Yadong,0,24 of 52,46%,30 of 58,1 of 1,100%,1,0,0:03,6 of 29,4 of 7,14 of 16,23 of 50,1 of 2,0 of 0
L,Deiveson Figueiredo,0,9 of 17,52%,17 of 26,1 of 4,25%,0,0,0:35,2 of 8,5 of 7,2 of 2,9 of 17,0 of 0,0 of 0
L,Zhang Mingyang,0,16 of 37,43%,28 of 51,0 of 0,---,0,0,0:43,2 of 21,13 of 15,1 of 1,7 of 27,9 of 10,0 of 0
W,Alonzo Menifield,2,28 of 52,53%,42 of 68,0 of 0,---,0,0,1:47,26 of 50,0 of 0,2 of 2,23 of 44,2 of 5,3 of 3
W,Sergei Pavlovich,1,7 of 9,77%,10 of 13,0 of 0,---,0,0,0:05,7 of 9,0 of 0,0 of 0,6 of 7,0 of 0,1 of 2
L,Tallison Teixeira,0,0 of 4,0%,0 of 4,0 of 0,---,0,0,0:00,0 of 2,0 of 0,0 of 2,0 of 4,0 of 0,0 of 0
W,Kai Asakura,1,9 of 21,42%,9 of 21,0 of 0,---,0,0,0:03,6 of 17,2 of 2,1 of 2,8 of 18,0 of 0,1 of 3
L,Cameron Smotherman,0,3 of 7,42%,3 of 7,0 of 0,---,0,0,0:00,3 of 6,0 of 1,0 of 0,3 of 7,0 of 0,0 of 0
W,Jake Matthews,1,55 of 96,57%,109 of 173,0 of 0,---,0,0,9:30,46 of 87,9 of 9,0 of 0,49 of 89,0 of 0,6 of 7
L,Carlston Harris,0,27 of 75,36%,40 of 88,0 of 3,0%,0,1,0:27,12 of 57,11 of 13,4 of 5,27 of 75,0 of 0,0 of 0
NC,Alex Perez,0,9 of 45,20%,22 of 58,0 of 2,0%,1,0,0:32,4 of 29,3 of 11,2 of 5,8 of 42,1 of 3,0 of 0
NC,Sumudaerji,1,26 of 53,49%,31 of 58,1 of 2,50%,0,0,1:11,15 of 38,5 of 9,6 of 6,20 of 45,1 of 1,5 of 7
L,YiSak Lee,0,10 of 25,40%,10 of 25,0 of 0,---,0,0,0:00,3 of 15,1 of 2,6 of 8,10 of 25,0 of 0,0 of 0
W,Luis Felipe Dias,1,21 of 40,52%,21 of 40,0 of 0,---,0,0,0:03,14 of 31,3 of 4,4 of 5,18 of 36,0 of 0,3 of 4
L,Ding Meng,0,63 of 146,43%,63 of 146,0 of 0,---,0,0,0:00,13 of 74,8 of 21,42 of 51,62 of 145,1 of 1,0 of 0
W,Jose Souza,0,72 of 153,47%,72 of 153,0 of 0,---,0,0,0:00,61 of 135,7 of 14,4 of 4,71 of 151,1 of 2,0 of 0
L,Aoriqileng,0,6 of 11,54%,12 of 17,0 of 0,---,1,0,0:00,4 of 9,2 of 2,0 of 0,6 of 9,0 of 0,0 of 2
W,Cody Haddon,1,57 of 70,81%,84 of 105,2 of 6,33%,0,0,5:30,46 of 59,10 of 10,1 of 1,8 of 17,4 of 4,45 of 49
W,Rei Tsuruya,0,17 of 27,62%,20 of 30,1 of 3,33%,1,0,2:17,17 of 26,0 of 1,0 of 0,3 of 8,0 of 0,14 of 19
L,Luis Gurule,0,1 of 2,50%,1 of 2,0 of 0,---,0,0,0:00,0 of 0,0 of 1,1 of 1,1 of 2,0 of 0,0 of 0
W,Angela Hill,0,122 of 197,61%,136 of 212,1 of 4,25%,1,0,2:06,77 of 145,43 of 50,2 of 2,94 of 162,28 of 35,0 of 0
L,Xiong Jingnan,0,68 of 198,34%,91 of 224,0 of 0,---,0,0,0:07,33 of 146,21 of 34,14 of 18,58 of 180,10 of 18,0 of 0
L,Zhu Kangjie,0,7 of 14,50%,12 of 19,0 of 0,---,0,0,0:00,2 of 8,2 of 2,3 of 4,7 of 14,0 of 0,0 of 0
W,Rodrigo Vera,1,17 of 29,58%,25 of 38,1 of 1,100%,0,0,0:41,13 of 20,1 of 1,3 of 8,7 of 16,1 of 2,9 of 11
L,Loma Lookboonmee,0,3 of 7,42%,10 of 16,0 of 0,---,0,0,0:08,1 of 3,0 of 1,2 of 3,2 of 5,1 of 2,0 of 0
W,Jaqueline Amorim,0,0 of 7,0%,5 of 15,0 of 2,0%,3,1,2:58,0 of 4,0 of 1,0 of 2,0 of 7,0 of 0,0 of 0
W,Arnold Allen,1,98 of 152,64%,156 of 222,7 of 7,100%,0,0,9:28,81 of 134,6 of 7,11 of 11,79 of 131,0 of 2,19 of 19
L,Melquizael Costa,0,100 of 254,39%,118 of 280,0 of 4,0%,0,0,1:45,47 of 173,20 of 42,33 of 39,97 of 249,0 of 1,3 of 4
W,Dooho Choi,1,72 of 138,52%,79 of 145,0 of 0,---,0,0,0:11,56 of 122,13 of 13,3 of 3,67 of 133,3 of 3,2 of 2
L,Daniel Santos,0,72 of 182,39%,74 of 186,0 of 6,0%,0,0,0:54,54 of 156,15 of 22,3 of 4,64 of 172,8 of 10,0 of 0
L,Malcolm Wellmaker,0,15 of 33,45%,15 of 34,0 of 0,---,0,0,0:00,3 of 11,9 of 18,3 of 4,14 of 32,1 of 1,0 of 0
W,Juan Diaz,0,13 of 25,52%,18 of 32,5 of 8,62%,1,0,3:48,3 of 9,3 of 3,7 of 13,10 of 21,2 of 3,1 of 1
W,Modestas Bukauskas,0,36 of 80,45%,52 of 99,0 of 0,---,0,0,2:15,21 of 64,10 of 11,5 of 5,30 of 74,6 of 6,0 of 0
L,Christian Edwards,0,36 of 71,50%,51 of 89,0 of 4,0%,0,0,4:22,13 of 41,17 of 20,6 of 10,27 of 61,9 of 10,0 of 0
L,Timmy Cuamba,0,29 of 80,36%,29 of 80,0 of 0,---,0,0,0:11,12 of 54,9 of 13,8 of 13,29 of 80,0 of 0,0 of 0
W,Benardo Sopaj,1,37 of 56,66%,66 of 92,1 of 3,33%,2,0,1:54,34 of 53,0 of 0,3 of 3,14 of 32,0 of 0,23 of 24
L,Nikolay Veretennikov,0,13 of 25,52%,20 of 33,0 of 0,---,0,0,0:00,8 of 19,3 of 4,2 of 2,12 of 23,1 of 2,0 of 0
W,Khaos Williams,1,21 of 56,37%,36 of 73,0 of 0,---,0,0,0:54,9 of 35,7 of 9,5 of 12,20 of 52,1 of 4,0 of 0
L,Tuco Tokkos,0,54 of 123,43%,57 of 126,0 of 6,0%,1,0,1:09,40 of 100,8 of 16,6 of 7,52 of 120,2 of 3,0 of 0
W,Ivan Erslan,0,37 of 66,56%,118 of 166,2 of 3,66%,0,0,8:31,35 of 64,2 of 2,0 of 0,28 of 52,4 of 6,5 of 8
W,Tommy Gantt,0,28 of 38,73%,72 of 84,6 of 17,35%,0,0,5:15,19 of 27,9 of 11,0 of 0,3 of 10,10 of 12,15 of 16
L,Artur Minev,0,8 of 13,61%,28 of 33,0 of 1,0%,0,0,0:53,2 of 7,5 of 5,1 of 1,3 of 7,5 of 6,0 of 0
W,Ketlen Vieira,0,30 of 92,32%,66 of 158,1 of 4,25%,0,0,4:42,27 of 86,2 of 5,1 of 1,29 of 90,0 of 0,1 of 2
L,Jacqueline Cavalcanti,0,53 of 110,48%,72 of 130,0 of 0,---,0,0,0:00,15 of 62,16 of 25,22 of 23,53 of 110,0 of 0,0 of 0
W,Cody Brundage,1,43 of 60,71%,44 of 62,0 of 0,---,0,0,0:34,40 of 55,2 of 2,1 of 3,8 of 12,0 of 0,35 of 48
L,Andre Petroski,0,8 of 17,47%,21 of 30,1 of 1,100%,0,0,1:56,2 of 7,1 of 4,5 of 6,7 of 16,0 of 0,1 of 1
W,Alice Ardelean,0,46 of 94,48%,80 of 139,1 of 1,100%,1,0,4:05,22 of 61,10 of 17,14 of 16,45 of 93,1 of 1,0 of 0
L,Polyana Viana,0,34 of 75,45%,80 of 137,0 of 0,---,0,0,0:13,9 of 44,13 of 19,12 of 12,29 of 66,5 of 9,0 of 0
L,Daniel Barez,0,113 of 246,45%,117 of 252,1 of 3,33%,0,0,0:48,79 of 208,20 of 22,14 of 16,108 of 241,5 of 5,0 of 0
W,Luis Gurule,0,149 of 299,49%,178 of 335,1 of 5,20%,1,1,2:26,129 of 273,8 of 13,12 of 13,133 of 278,16 of 21,0 of 0
L,Shauna Bannon,0,29 of 49,59%,158 of 183,0 of 1,0%,0,0,1:50,16 of 31,9 of 11,4 of 7,19 of 38,1 of 2,9 of 9
W,Nicolle Caliari,0,20 of 38,52%,50 of 68,4 of 9,44%,1,0,9:18,18 of 35,2 of 3,0 of 0,8 of 26,2 of 2,10 of 10
L,Khamzat Chimaev,0,98 of 240,40%,137 of 283,9 of 13,69%,0,0,7:16,52 of 163,35 of 65,11 of 12,96 of 237,2 of 3,0 of 0
W,Sean Strickland,0,123 of 312,39%,160 of 355,0 of 1,0%,0,0,3:01,118 of 302,5 of 10,0 of 0,119 of 306,1 of 1,3 of 5
W,Joshua Van,2,131 of 209,62%,190 of 269,1 of 2,50%,2,0,1:21,118 of 195,12 of 12,1 of 2,104 of 173,9 of 10,18 of 26
L,Tatsuro Taira,0,55 of 151,36%,100 of 199,8 of 21,38%,0,0,10:38,45 of 131,3 of 10,7 of 10,43 of 131,4 of 7,8 of 13
W,Alexander Volkov,0,88 of 143,61%,88 of 143,0 of 1,0%,0,0,0:03,22 of 70,23 of 29,43 of 44,88 of 143,0 of 0,0 of 0
L,Waldo Cortes Acosta,0,54 of 130,41%,54 of 130,0 of 1,0%,0,0,0:01,30 of 91,6 of 13,18 of 26,53 of 129,1 of 1,0 of 0
W,Sean Brady,0,77 of 180,42%,245 of 416,4 of 10,40%,0,0,12:09,76 of 179,0 of 0,1 of 1,6 of 15,0 of 0,71 of 165
L,Joaquin Buckley,0,5 of 31,16%,21 of 53,0 of 0,---,0,0,0:00,2 of 27,2 of 3,1 of 1,5 of 31,0 of 0,0 of 0
W,King Green,0,57 of 87,65%,64 of 95,1 of 1,100%,1,0,1:34,44 of 69,9 of 14,4 of 4,22 of 41,0 of 0,35 of 46
L,Jeremy Stephens,0,5 of 13,38%,7 of 15,0 of 0,---,1,0,0:07,3 of 10,0 of 1,2 of 2,4 of 12,1 of 1,0 of 0
W,Ateba Gautier,1,23 of 82,28%,27 of 86,0 of 0,---,0,0,0:00,15 of 69,6 of 11,2 of 2,20 of 79,1 of 1,2 of 2
L,Ozzy Diaz,0,6 of 20,30%,8 of 22,0 of 3,0%,0,0,1:03,5 of 18,1 of 2,0 of 0,6 of 20,0 of 0,0 of 0
L,Joel Alvarez,0,8 of 22,36%,9 of 23,0 of 0,---,0,0,0:00,7 of 20,1 of 2,0 of 0,8 of 22,0 of 0,0 of 0
W,Yaroslav Amosov,0,16 of 28,57%,22 of 34,6 of 11,54%,1,0,3:52,11 of 20,1 of 2,4 of 6,9 of 20,5 of 6,2 of 2
W,Grant Dawson,0,35 of 94,37%,71 of 136,1 of 3,33%,4,0,7:08,19 of 67,14 of 23,2 of 4,24 of 81,6 of 7,5 of 6
L,Mateusz Rebecki,1,33 of 64,51%,49 of 81,1 of 5,20%,0,1,2:22,27 of 56,1 of 2,5 of 6,27 of 50,4 of 4,2 of 10
W,Jim Miller,0,9 of 17,52%,10 of 18,0 of 0,---,1,0,0:00,5 of 13,3 of 3,1 of 1,9 of 17,0 of 0,0 of 0
L,Jared Gordon,0,7 of 16,43%,8 of 17,2 of 2,100%,0,0,0:44,4 of 11,2 of 3,1 of 2,7 of 15,0 of 1,0 of 0
W,Roman Kopylov,3,61 of 124,49%,69 of 132,1 of 1,100%,0,0,2:34,46 of 97,12 of 17,3 of 10,46 of 102,4 of 5,11 of 17
L,Marco Tulio,0,62 of 160,38%,80 of 178,0 of 0,---,0,0,0:00,28 of 105,18 of 34,16 of 21,62 of 159,0 of 1,0 of 0
W,Pat Sabatini,0,25 of 70,35%,78 of 125,3 of 20,15%,0,0,11:12,7 of 44,6 of 10,12 of 16,18 of 57,7 of 13,0 of 0
L,William Gomis,0,23 of 64,35%,54 of 98,0 of 0,---,0,0,0:00,12 of 50,8 of 10,3 of 4,13 of 49,10 of 15,0 of 0
W,Baisangur Susurkaev,0,107 of 213,50%,136 of 242,1 of 5,20%,1,0,2:16,56 of 143,31 of 48,20 of 22,98 of 202,2 of 2,7 of 9
L,Djorden Santos,0,78 of 211,36%,89 of 222,0 of 1,0%,0,0,0:21,69 of 198,5 of 8,4 of 5,70 of 201,8 of 10,0 of 0
L,Clayton Carpenter,0,68 of 153,44%,70 of 155,1 of 7,14%,0,0,1:07,24 of 82,25 of 49,19 of 22,61 of 143,6 of 8,1 of 2
W,Jose Ochoa,1,153 of 269,56%,180 of 296,0 of 2,0%,0,0,1:09,79 of 174,45 of 64,29 of 31,140 of 248,8 of 11,5 of 10
L,Jack Della Maddalena,0,41 of 76,53%,53 of 90,2 of 5,40%,0,0,1:13,25 of 52,8 of 15,8 of 9,41 of 76,0 of 0,0 of 0
W,Carlos Prates,3,104 of 193,53%,104 of 193,0 of 0,---,0,0,0:42,79 of 164,11 of 14,14 of 15,89 of 171,1 of 1,14 of 21
L,Beneil Dariush,0,3 of 9,33%,4 of 10,2 of 5,40%,0,0,2:32,2 of 7,0 of 1,1 of 1,3 of 7,0 of 2,0 of 0
W,Quillan Salkilld,1,12 of 19,63%,15 of 24,0 of 2,0%,0,0,0:20,11 of 18,1 of 1,0 of 0,7 of 13,2 of 3,3 of 3
L,Tim Elliott,0,90 of 261,34%,93 of 265,2 of 11,18%,0,0,0:34,44 of 191,11 of 27,35 of 43,87 of 255,3 of 6,0 of 0
W,Steve Erceg,0,136 of 254,53%,136 of 254,1 of 3,33%,0,0,0:29,122 of 236,14 of 18,0 of 0,129 of 245,7 of 9,0 of 0
W,Marwan Rahiki,1,22 of 40,55%,22 of 40,0 of 0,---,0,0,0:04,14 of 25,2 of 7,6 of 8,19 of 36,0 of 0,3 of 4
L,Ollie Schmid,0,9 of 30,30%,9 of 30,0 of 0,---,0,0,0:00,0 of 15,3 of 6,6 of 9,9 of 30,0 of 0,0 of 0
L,Shamil Gaziev,0,41 of 100,41%,51 of 110,1 of 2,50%,0,0,3:36,30 of 88,11 of 12,0 of 0,34 of 92,7 of 8,0 of 0
W,Brando Pericic,1,89 of 163,54%,100 of 177,0 of 0,---,0,0,0:00,62 of 134,14 of 16,13 of 13,81 of 150,8 of 13,0 of 0
L,Tai Tuivasa,0,13 of 22,59%,27 of 37,0 of 0,---,0,0,0:42,12 of 21,0 of 0,1 of 1,2 of 9,5 of 5,6 of 8
W,Louie Sutherland,0,21 of 25,84%,111 of 130,5 of 11,45%,0,2,11:45,15 of 18,0 of 0,6 of 7,7 of 9,4 of 5,10 of 11
W,Cam Rowston,0,79 of 150,52%,125 of 217,3 of 7,42%,0,0,10:10,69 of 137,6 of 9,4 of 4,32 of 82,2 of 2,45 of 66
L,Robert Bryczek,0,17 of 37,45%,39 of 65,0 of 0,---,1,0,0:05,5 of 22,8 of 10,4 of 5,17 of 37,0 of 0,0 of 0
W,Junior Tafa,0,21 of 31,67%,22 of 32,0 of 0,---,0,0,0:09,20 of 30,0 of 0,1 of 1,10 of 19,1 of 2,10 of 10
L,Kevin Christian,0,13 of 21,61%,13 of 21,0 of 2,0%,0,0,0:00,2 of 7,2 of 3,9 of 11,13 of 21,0 of 0,0 of 0
W,Jacob Malkoun,0,36 of 82,43%,54 of 103,3 of 3,100%,0,0,2:17,30 of 74,6 of 8,0 of 0,36 of 81,0 of 0,0 of 1
L,Gerald Meerschaert,0,32 of 76,42%,53 of 100,0 of 3,0%,3,2,4:23,23 of 66,6 of 7,3 of 3,31 of 74,0 of 1,1 of 1
W,Colby Thicknesse,0,46 of 117,39%,57 of 132,0 of 6,0%,4,1,3:01,15 of 73,21 of 32,10 of 12,43 of 112,3 of 5,0 of 0
L,Vince Morales,0,48 of 121,39%,56 of 134,2 of 2,100%,0,1,3:34,37 of 103,9 of 15,2 of 3,42 of 112,5 of 8,1 of 1
L,Ben Johnston,0,12 of 16,75%,38 of 44,2 of 2,100%,0,1,9:16,11 of 15,1 of 1,0 of 0,0 of 3,2 of 2,10 of 11
W,Wes Schultz,1,12 of 17,70%,22 of 32,0 of 3,0%,5,1,1:37,6 of 11,6 of 6,0 of 0,6 of 11,6 of 6,0 of 0
W,Jonathan Micallef,0,55 of 112,49%,83 of 147,1 of 4,25%,0,1,3:26,39 of 94,13 of 15,3 of 3,46 of 99,7 of 9,2 of 4
L,Themba Gorimbo,0,39 of 90,43%,74 of 132,2 of 5,40%,0,0,5:25,22 of 70,3 of 6,14 of 14,34 of 83,2 of 4,3 of 3
L,Dom Mar Fan,0,1 of 2,50%,3 of 5,0 of 0,---,0,1,0:28,0 of 0,0 of 1,1 of 1,1 of 2,0 of 0,0 of 0
W,Kody Steele,0,1 of 1,100%,19 of 25,1 of 1,100%,1,0,1:44,1 of 1,0 of 0,0 of 0,1 of 1,0 of 0,0 of 0
W,Aljamain Sterling,0,46 of 89,51%,220 of 293,6 of 11,54%,1,0,13:49,25 of 56,12 of 16,9 of 17,25 of 59,15 of 22,6 of 8
L,Youssef Zalal,0,35 of 65,53%,61 of 97,0 of 0,---,1,0,3:59,25 of 51,6 of 7,4 of 7,32 of 62,3 of 3,0 of 0
L,Norma Dumont,0,51 of 100,51%,66 of 117,0 of 1,0%,0,0,2:09,20 of 54,16 of 22,15 of 24,44 of 93,7 of 7,0 of 0
W,Joselyne Edwards,0,70 of 152,46%,121 of 207,0 of 3,0%,0,1,2:21,20 of 63,32 of 51,18 of 38,68 of 150,1 of 1,1 of 1
W,Rafa Garcia,0,59 of 169,34%,79 of 194,4 of 7,57%,0,0,1:50,52 of 161,1 of 2,6 of 6,57 of 165,2 of 3,0 of 1
L,Alexander Hernandez,0,50 of 145,34%,54 of 149,0 of 1,0%,0,0,0:00,40 of 126,9 of 14,1 of 5,50 of 145,0 of 0,0 of 0
W,Davey Grant,0,162 of 307,52%,164 of 309,0 of 1,0%,0,0,0:02,56 of 183,45 of 59,61 of 65,148 of 289,14 of 18,0 of 0
L,Adrian Luna Martinetti,0,99 of 196,50%,100 of 199,1 of 5,20%,0,0,0:43,48 of 136,37 of 43,14 of 17,91 of 183,8 of 13,0 of 0
L,Montel Jackson,1,35 of 66,53%,72 of 104,0 of 0,---,0,0,0:23,26 of 57,8 of 8,1 of 1,26 of 53,3 of 5,6 of 8
W,Raoni Barcelos,0,21 of 38,55%,33 of 51,6 of 18,33%,2,0,7:45,7 of 18,8 of 11,6 of 9,13 of 30,7 of 7,1 of 1
L,Marcus Buchecha,0,8 of 13,61%,8 of 13,1 of 7,14%,1,0,1:09,4 of 8,1 of 1,3 of 4,7 of 12,0 of 0,1 of 1
W,Ryan Spann,1,15 of 27,55%,20 of 35,0 of 0,---,0,0,2:56,11 of 22,3 of 4,1 of 1,8 of 17,0 of 0,7 of 10
L,Rodolfo Vieira,1,40 of 70,57%,58 of 93,4 of 15,26%,1,0,6:24,15 of 43,11 of 11,14 of 16,35 of 64,5 of 6,0 of 0
W,Eric McConico,0,54 of 102,52%,73 of 123,2 of 2,100%,0,0,0:51,42 of 87,8 of 11,4 of 4,49 of 95,5 of 7,0 of 0
W,Jackson McVey,1,21 of 29,72%,38 of 50,0 of 0,---,1,0,2:03,16 of 22,5 of 7,0 of 0,2 of 4,5 of 7,14 of 18
L,Sedriques Dumas,0,3 of 4,75%,9 of 11,0 of 0,---,0,0,0:02,0 of 0,2 of 3,1 of 1,1 of 1,2 of 3,0 of 0
L,Mayra Bueno Silva,0,26 of 45,57%,34 of 53,0 of 0,---,1,1,1:39,11 of 27,10 of 12,5 of 6,22 of 38,3 of 6,1 of 1
W,Michelle Montague,0,42 of 83,50%,108 of 161,2 of 6,33%,0,2,10:14,41 of 80,1 of 3,0 of 0,21 of 58,0 of 1,21 of 24
L,Jafel Filho,0,23 of 63,36%,50 of 93,2 of 3,66%,0,1,3:08,10 of 44,7 of 13,6 of 6,16 of 54,7 of 9,0 of 0
W,Cody Durden,0,34 of 72,47%,91 of 136,5 of 5,100%,1,0,5:14,21 of 54,4 of 6,9 of 12,24 of 61,3 of 4,7 of 7
W,Francis Marshall,0,33 of 69,47%,60 of 99,2 of 3,66%,0,0,6:36,26 of 59,3 of 6,4 of 4,28 of 64,4 of 4,1 of 1
L,Lucas Brennan,0,9 of 36,25%,20 of 48,0 of 6,0%,1,0,0:47,4 of 23,2 of 10,3 of 3,9 of 35,0 of 1,0 of 0
L,Max Griffin,0,40 of 89,44%,43 of 94,4 of 9,44%,0,0,1:03,36 of 83,1 of 2,3 of 4,37 of 84,3 of 4,0 of 1
W,Victor Valenzuela,0,53 of 117,45%,53 of 117,1 of 2,50%,0,0,0:36,33 of 91,15 of 19,5 of 7,50 of 111,3 of 6,0 of 0
W,Talita Alencar,0,60 of 195,30%,80 of 216,3 of 5,60%,0,0,2:27,34 of 151,19 of 35,7 of 9,54 of 188,1 of 1,5 of 6
L,Julia Polastri,0,78 of 111,70%,87 of 125,0 of 0,---,0,0,0:04,48 of 78,12 of 14,18 of 19,72 of 103,6 of 8,0 of 0
L,Gilbert Burns,0,40 of 92,43%,42 of 94,0 of 7,0%,0,0,0:01,16 of 60,10 of 12,14 of 20,39 of 89,1 of 3,0 of 0
W,Mike Malott,2,56 of 121,46%,56 of 121,0 of 0,---,0,0,0:14,51 of 112,3 of 6,2 of 3,44 of 103,1 of 4,11 of 14
L,Kyler Phillips,0,36 of 77,46%,48 of 92,7 of 13,53%,0,0,7:13,28 of 68,6 of 7,2 of 2,34 of 75,0 of 0,2 of 2
W,Charles Jourdain,0,58 of 104,55%,88 of 142,1 of 4,25%,0,1,0:21,28 of 62,26 of 37,4 of 5,41 of 86,17 of 18,0 of 0
L,Mandel Nallo,1,16 of 31,51%,16 of 31,0 of 0,---,0,0,0:10,13 of 28,1 of 1,2 of 2,15 of 30,1 of 1,0 of 0
W,Jai Herbert,2,19 of 28,67%,30 of 43,0 of 0,---,0,0,0:27,18 of 27,0 of 0,1 of 1,7 of 14,0 of 1,12 of 13
W,Jasmine Jasudavicius,0,18 of 76,23%,72 of 138,3 of 5,60%,0,0,8:09,11 of 65,5 of 9,2 of 2,17 of 74,1 of 2,0 of 0
L,Karine Silva,0,15 of 43,34%,88 of 127,0 of 0,---,2,0,0:00,5 of 30,1 of 3,9 of 10,14 of 42,1 of 1,0 of 0
L,Thiago Moises,0,45 of 101,44%,46 of 103,2 of 15,13%,0,0,2:33,34 of 81,1 of 3,10 of 17,42 of 97,2 of 3,1 of 1
W,Gauge Young,1,122 of 226,53%,131 of 237,0 of 0,---,0,1,1:07,62 of 157,27 of 34,33 of 35,114 of 211,2 of 2,6 of 13
L,Dennis Buzukja,0,5 of 13,38%,5 of 13,0 of 0,---,0,0,0:00,0 of 6,2 of 4,3 of 3,5 of 13,0 of 0,0 of 0
W,Marcio Barbosa,1,4 of 8,50%,4 of 8,0 of 0,---,0,0,0:00,4 of 8,0 of 0,0 of 0,4 of 8,0 of 0,0 of 0
L,Julien Leblanc,0,4 of 6,66%,4 of 6,0 of 0,---,0,0,0:00,1 of 3,2 of 2,1 of 1,4 of 6,0 of 0,0 of 0
W,Robert Valentin,0,7 of 13,53%,14 of 20,1 of 1,100%,1,0,1:42,1 of 7,2 of 2,4 of 4,7 of 13,0 of 0,0 of 0
L,Tanner Boser,0,60 of 97,61%,77 of 117,0 of 1,0%,0,0,1:30,30 of 64,9 of 12,21 of 21,47 of 82,13 of 14,0 of 1
W,Gokhan Saricam,1,57 of 121,47%,79 of 145,0 of 4,0%,0,0,1:20,40 of 101,8 of 10,9 of 10,39 of 99,10 of 13,8 of 9
W,Melissa Croden,0,69 of 153,45%,92 of 185,4 of 8,50%,1,0,5:12,51 of 121,12 of 24,6 of 8,43 of 115,17 of 25,9 of 13
L,Daria Zhelezniakova,0,41 of 118,34%,81 of 163,0 of 0,---,0,0,0:00,30 of 100,7 of 14,4 of 4,35 of 106,6 of 12,0 of 0
W,JJ Aldrich,0,50 of 149,33%,52 of 154,0 of 2,0%,0,0,0:44,35 of 127,5 of 8,10 of 14,50 of 149,0 of 0,0 of 0
L,Jamey-Lyn Horth,0,70 of 230,30%,73 of 233,0 of 0,---,0,0,0:00,28 of 158,25 of 48,17 of 24,70 of 230,0 of 0,0 of 0
D,John Castaneda,0,135 of 253,53%,160 of 279,0 of 0,---,0,0,1:15,79 of 181,19 of 31,37 of 41,124 of 233,10 of 18,1 of 2
D,Mark Vologdin,0,91 of 217,41%,96 of 222,1 of 6,16%,0,0,0:31,53 of 165,26 of 34,12 of 18,84 of 202,7 of 15,0 of 0
L,Jamie Siraj,0,6 of 24,25%,6 of 24,0 of 2,0%,0,0,0:00,4 of 17,2 of 5,0 of 2,6 of 24,0 of 0,0 of 0
W,John Yannis,1,21 of 34,61%,21 of 34,0 of 0,---,0,0,0:09,12 of 24,8 of 8,1 of 2,16 of 27,0 of 0,5 of 7
L,Jiri Prochazka,0,14 of 20,70%,14 of 20,0 of 0,---,0,0,0:00,6 of 11,1 of 1,7 of 8,14 of 20,0 of 0,0 of 0
W,Carlos Ulberg,1,27 of 42,64%,27 of 42,0 of 0,---,0,0,0:04,21 of 35,1 of 2,5 of 5,16 of 30,0 of 0,11 of 12
L,Azamat Murzakanov,0,34 of 70,48%,34 of 70,1 of 2,50%,1,0,0:20,26 of 59,8 of 11,0 of 0,30 of 65,4 of 5,0 of 0
W,Paulo Costa,1,55 of 80,68%,61 of 86,0 of 1,0%,0,1,1:20,27 of 44,16 of 23,12 of 13,44 of 66,6 of 7,5 of 7
L,Curtis Blaydes,0,174 of 302,57%,214 of 345,2 of 7,28%,0,0,2:05,151 of 276,17 of 19,6 of 7,112 of 226,60 of 73,2 of 3
W,Josh Hokit,0,177 of 293,60%,181 of 298,0 of 1,0%,0,0,0:31,164 of 278,13 of 15,0 of 0,146 of 252,31 of 41,0 of 0
W,Dominick Reyes,0,34 of 73,46%,34 of 73,0 of 0,---,0,0,0:00,10 of 35,7 of 17,17 of 21,34 of 72,0 of 1,0 of 0
L,Johnny Walker,0,42 of 80,52%,42 of 80,0 of 1,0%,0,0,0:10,7 of 31,6 of 11,29 of 38,41 of 78,1 of 2,0 of 0
W,Cub Swanson,2,37 of 49,75%,40 of 52,0 of 0,---,0,0,0:06,23 of 33,7 of 7,7 of 9,35 of 46,0 of 0,2 of 3
L,Nate Landwehr,0,15 of 30,50%,15 of 30,0 of 0,---,0,0,0:00,9 of 22,1 of 1,5 of 7,15 of 30,0 of 0,0 of 0
L,Patricio Pitbull,0,49 of 88,55%,49 of 88,0 of 0,---,0,0,0:00,28 of 60,14 of 19,7 of 9,37 of 76,12 of 12,0 of 0
W,Aaron Pico,0,100 of 181,55%,104 of 185,6 of 13,46%,0,0,3:25,79 of 156,11 of 15,10 of 10,90 of 166,6 of 9,4 of 6
W,Kevin Holland,0,56 of 91,61%,137 of 176,0 of 3,0%,2,0,4:05,24 of 55,10 of 11,22 of 25,39 of 68,11 of 15,6 of 8
L,Randy Brown,0,46 of 95,48%,67 of 121,0 of 4,0%,0,0,2:43,25 of 65,14 of 17,7 of 13,31 of 75,12 of 17,3 of 3
W,Mateusz Gamrot,0,18 of 34,52%,38 of 56,4 of 6,66%,1,0,6:50,15 of 29,3 of 5,0 of 0,4 of 18,0 of 0,14 of 16
L,Esteban Ribovics,0,4 of 21,19%,16 of 34,0 of 0,---,0,0,0:00,2 of 15,0 of 2,2 of 4,4 of 21,0 of 0,0 of 0
W,Tatiana Suarez,0,12 of 26,46%,56 of 77,3 of 3,100%,1,0,5:12,4 of 14,8 of 12,0 of 0,1 of 14,5 of 5,6 of 7
L,Loopy Godinez,0,18 of 25,72%,25 of 33,2 of 2,100%,0,0,0:23,16 of 23,1 of 1,1 of 1,2 of 6,6 of 6,10 of 13
D,Chris Padilla,0,147 of 271,54%,164 of 291,1 of 4,25%,0,0,2:09,71 of 164,30 of 40,46 of 67,124 of 242,22 of 28,1 of 1
D,MarQuel Mederos,0,112 of 180,62%,117 of 186,1 of 6,16%,0,0,0:16,81 of 147,12 of 13,19 of 20,91 of 155,21 of 25,0 of 0
L,Kelvin Gastelum,0,9 of 20,45%,12 of 23,1 of 1,100%,0,0,1:16,4 of 14,4 of 5,1 of 1,8 of 18,1 of 1,0 of 1
W,Vicente Luque,1,12 of 28,42%,16 of 34,0 of 0,---,1,0,1:04,6 of 19,1 of 1,5 of 8,8 of 21,0 of 0,4 of 7
W,Charles Radtke,0,24 of 47,51%,121 of 164,4 of 5,80%,0,0,9:07,24 of 46,0 of 1,0 of 0,14 of 33,1 of 1,9 of 13
L,Francisco Prado,0,29 of 66,43%,41 of 79,0 of 0,---,2,2,1:50,16 of 46,9 of 12,4 of 8,17 of 45,1 of 3,11 of 18
W,Renato Moicano,0,21 of 36,58%,62 of 84,1 of 4,25%,1,0,3:16,16 of 31,4 of 4,1 of 1,20 of 34,1 of 1,0 of 1
L,Chris Duncan,0,27 of 62,43%,30 of 66,0 of 2,0%,0,0,0:01,8 of 39,5 of 7,14 of 16,25 of 60,2 of 2,0 of 0
W,Virna Jandiroba,0,26 of 64,40%,122 of 174,6 of 12,50%,0,0,8:00,19 of 56,7 of 8,0 of 0,24 of 60,1 of 3,1 of 1
L,Tabatha Ricci,0,37 of 82,45%,89 of 144,1 of 2,50%,0,1,1:03,27 of 68,5 of 7,5 of 7,33 of 77,4 of 5,0 of 0
W,Abdul Rakhman Yakhyaev,0,7 of 15,46%,23 of 38,2 of 3,66%,1,0,1:56,6 of 14,1 of 1,0 of 0,3 of 11,0 of 0,4 of 4
L,Brendson Ribeiro,0,8 of 17,47%,8 of 17,0 of 0,---,0,0,0:00,5 of 13,1 of 1,2 of 3,8 of 17,0 of 0,0 of 0
W,Ethyn Ewing,1,114 of 197,57%,116 of 200,0 of 0,---,0,0,0:22,88 of 168,20 of 21,6 of 8,107 of 187,5 of 8,2 of 2
L,Rafael Estevam,0,44 of 185,23%,45 of 186,0 of 8,0%,0,0,0:00,35 of 165,3 of 5,6 of 15,44 of 184,0 of 1,0 of 0
W,Tommy McMillen,1,74 of 134,55%,76 of 138,0 of 0,---,0,0,0:06,51 of 98,23 of 36,0 of 0,62 of 113,9 of 16,3 of 5
L,Manolo Zecchini,0,20 of 61,32%,21 of 64,0 of 0,---,0,0,0:15,14 of 48,6 of 12,0 of 1,19 of 56,1 of 5,0 of 0
W,Jose Delano,0,107 of 172,62%,127 of 193,0 of 5,0%,0,0,0:38,71 of 132,34 of 37,2 of 3,84 of 143,23 of 29,0 of 0
L,Robert Ruchala,0,67 of 198,33%,69 of 200,0 of 3,0%,0,0,1:08,40 of 149,20 of 32,7 of 17,60 of 188,7 of 10,0 of 0
L,Guilherme Pat,0,17 of 31,54%,25 of 42,0 of 0,---,0,0,0:00,9 of 22,3 of 3,5 of 6,16 of 29,1 of 2,0 of 0
W,Thomas Petersen,1,28 of 41,68%,164 of 199,0 of 5,0%,0,0,8:36,22 of 33,2 of 4,4 of 4,10 of 20,4 of 5,14 of 16
W,Alessandro Costa,1,43 of 89,48%,47 of 97,2 of 3,66%,0,0,1:18,26 of 67,11 of 13,6 of 9,41 of 85,1 of 3,1 of 1
L,Stewart Nicoll,0,47 of 99,47%,47 of 99,0 of 5,0%,0,0,0:06,26 of 73,12 of 16,9 of 10,47 of 99,0 of 0,0 of 0
L,Lando Vannata,0,27 of 36,75%,31 of 42,2 of 7,28%,0,0,2:16,19 of 25,5 of 8,3 of 3,20 of 27,3 of 3,4 of 6
W,Darrius Flowers,0,20 of 36,55%,44 of 69,2 of 2,100%,1,0,0:23,10 of 26,4 of 4,6 of 6,15 of 29,1 of 1,4 of 6
W,Alice Pereira,1,32 of 71,45%,86 of 128,0 of 0,---,0,0,0:03,21 of 54,10 of 15,1 of 2,27 of 64,3 of 5,2 of 2
L,Hailey Cowan,0,31 of 64,48%,56 of 97,2 of 3,66%,0,0,4:16,17 of 42,10 of 16,4 of 6,23 of 53,7 of 8,1 of 3
L,Azamat Bekoev,1,70 of 115,60%,128 of 175,2 of 5,40%,0,0,1:57,33 of 58,30 of 50,7 of 7,49 of 91,11 of 12,10 of 12
W,Tresean Gore,0,78 of 113,69%,98 of 136,2 of 3,66%,1,0,4:09,51 of 85,8 of 8,19 of 20,62 of 92,9 of 14,7 of 7
W,Dione Barbosa,0,30 of 67,44%,108 of 154,3 of 6,50%,1,1,6:06,19 of 53,9 of 12,2 of 2,16 of 49,5 of 7,9 of 11
L,Melissa Gatto,0,33 of 67,49%,64 of 109,3 of 12,25%,0,1,4:48,14 of 40,9 of 15,10 of 12,30 of 62,2 of 4,1 of 1
W,Kai Kamaka III,0,105 of 159,66%,144 of 199,0 of 1,0%,0,0,0:23,44 of 94,47 of 51,14 of 14,83 of 131,22 of 28,0 of 0
L,Dakota Hope,1,106 of 258,41%,155 of 312,1 of 3,33%,0,0,1:18,62 of 201,43 of 54,1 of 3,61 of 197,44 of 57,1 of 4
L,Israel Adesanya,0,42 of 75,56%,58 of 92,0 of 2,0%,0,0,0:00,22 of 54,8 of 8,12 of 13,42 of 74,0 of 1,0 of 0
W,Joe Pyfer,0,36 of 70,51%,52 of 90,2 of 8,25%,0,0,2:44,33 of 64,2 of 3,1 of 3,18 of 42,2 of 7,16 of 21
W,Alexa Grasso,1,12 of 38,31%,12 of 38,0 of 0,---,1,0,0:02,8 of 31,0 of 0,4 of 7,11 of 37,0 of 0,1 of 1
L,Maycee Barber,0,5 of 25,20%,5 of 25,0 of 0,---,0,0,0:00,4 of 24,0 of 0,1 of 1,5 of 25,0 of 0,0 of 0
W,Michael Chiesa,0,0 of 1,0%,0 of 1,1 of 2,50%,1,0,0:23,0 of 1,0 of 0,0 of 0,0 of 1,0 of 0,0 of 0
L,Niko Price,0,1 of 3,33%,1 of 3,1 of 1,100%,0,0,0:08,0 of 2,1 of 1,0 of 0,0 of 2,1 of 1,0 of 0
L,Julian Erosa,0,17 of 46,36%,18 of 47,0 of 0,---,0,0,0:03,13 of 40,2 of 2,2 of 4,16 of 45,1 of 1,0 of 0
W,Lerryan Douglas,2,29 of 48,60%,30 of 49,0 of 0,---,0,0,0:05,18 of 37,3 of 3,8 of 8,25 of 39,2 of 6,2 of 3
L,Mansur Abdul-Malik,0,16 of 60,26%,16 of 61,3 of 8,37%,0,0,2:07,10 of 45,3 of 9,3 of 6,14 of 55,2 of 5,0 of 0
W,Yousri Belgaroui,2,94 of 156,60%,107 of 170,0 of 0,---,0,0,0:59,54 of 103,22 of 32,18 of 21,75 of 133,17 of 20,2 of 3
W,Terrance McKinney,0,13 of 27,48%,15 of 29,0 of 0,---,0,0,0:13,12 of 26,1 of 1,0 of 0,5 of 5,0 of 0,8 of 22
L,Kyle Nelson,0,1 of 3,33%,1 of 3,0 of 0,---,0,0,0:00,0 of 2,0 of 0,1 of 1,1 of 3,0 of 0,0 of 0
L,Ignacio Bahamondes,1,32 of 62,51%,46 of 83,0 of 1,0%,2,1,1:17,16 of 34,10 of 17,6 of 11,22 of 47,4 of 6,6 of 9
W,Tofiq Musayev,0,34 of 72,47%,93 of 167,3 of 5,60%,0,1,7:51,27 of 59,5 of 8,2 of 5,12 of 34,2 of 5,20 of 33
L,Chase Hooper,0,11 of 32,34%,13 of 34,0 of 2,0%,0,0,0:06,3 of 18,5 of 8,3 of 6,11 of 31,0 of 1,0 of 0
W,Lance Gibson Jr.,1,13 of 22,59%,19 of 28,0 of 0,---,0,0,0:07,6 of 13,2 of 3,5 of 6,7 of 14,6 of 8,0 of 0
L,Marcin Tybura,0,47 of 110,42%,85 of 153,0 of 1,0%,0,0,0:41,22 of 77,20 of 27,5 of 6,36 of 96,11 of 14,0 of 0
W,Tyrell Fortune,0,30 of 59,50%,49 of 81,3 of 5,60%,0,0,5:07,24 of 53,6 of 6,0 of 0,18 of 43,6 of 6,6 of 10
W,Casey O'Neill,1,25 of 66,37%,25 of 66,0 of 0,---,0,0,0:00,16 of 54,3 of 6,6 of 6,25 of 66,0 of 0,0 of 0
L,Gabriella Fernandes,0,8 of 33,24%,8 of 33,0 of 0,---,0,0,0:00,3 of 27,3 of 3,2 of 3,8 of 33,0 of 0,0 of 0
W,Navajo Stirling,1,63 of 119,52%,90 of 157,0 of 0,---,0,0,1:31,30 of 74,21 of 27,12 of 18,43 of 96,2 of 3,18 of 20
L,Bruno Lopes,0,28 of 63,44%,36 of 71,0 of 8,0%,0,0,1:00,15 of 42,6 of 9,7 of 12,23 of 57,5 of 6,0 of 0
D,Ricky Simon,0,44 of 139,31%,52 of 149,2 of 5,40%,0,0,2:06,33 of 121,7 of 13,4 of 5,38 of 132,2 of 2,4 of 5
D,Adrian Yanez,1,71 of 169,42%,73 of 171,0 of 0,---,0,0,0:06,63 of 159,6 of 8,2 of 2,67 of 156,0 of 0,4 of 13
W,Alexia Thainara,0,73 of 150,48%,137 of 227,6 of 11,54%,2,0,9:34,32 of 91,25 of 37,16 of 22,53 of 119,12 of 18,8 of 13
L,Bruna Brasil,0,37 of 56,66%,72 of 94,0 of 1,0%,0,0,0:00,13 of 29,15 of 17,9 of 10,31 of 50,6 of 6,0 of 0
W,Movsar Evloev,0,86 of 189,45%,124 of 234,9 of 10,90%,0,0,3:54,47 of 134,33 of 44,6 of 11,80 of 178,1 of 2,5 of 9
L,Lerone Murphy,0,89 of 239,37%,89 of 239,0 of 0,---,0,0,0:00,45 of 175,24 of 38,20 of 26,89 of 238,0 of 1,0 of 0
W,Luke Riley,0,100 of 177,56%,113 of 192,0 of 0,---,0,0,0:00,65 of 134,31 of 36,4 of 7,90 of 166,10 of 11,0 of 0
L,Michael Aswell Jr.,0,61 of 180,33%,107 of 233,1 of 1,100%,0,0,2:49,48 of 158,13 of 21,0 of 1,58 of 169,3 of 11,0 of 0
W,Michael Page,0,27 of 55,49%,33 of 61,0 of 0,---,0,0,0:26,17 of 38,4 of 8,6 of 9,27 of 55,0 of 0,0 of 0
L,Sam Patterson,0,12 of 64,18%,25 of 78,0 of 2,0%,0,0,2:47,4 of 50,4 of 6,4 of 8,10 of 60,2 of 4,0 of 0
W,Iwo Baraniewski,1,10 of 13,76%,10 of 13,0 of 0,---,0,0,0:04,9 of 12,0 of 0,1 of 1,2 of 5,0 of 0,8 of 8
L,Austen Lane,0,0 of 4,0%,0 of 4,0 of 0,---,0,0,0:00,0 of 3,0 of 0,0 of 1,0 of 4,0 of 0,0 of 0
L,Roman Dolidze,0,10 of 34,29%,40 of 94,3 of 4,75%,0,0,7:07,8 of 31,0 of 0,2 of 3,9 of 33,1 of 1,0 of 0
W,Christian Leroy Duncan,0,54 of 99,54%,78 of 125,0 of 2,0%,0,0,1:08,18 of 52,6 of 12,30 of 35,51 of 92,1 of 4,2 of 3
L,Kurtis Campbell,0,17 of 41,41%,17 of 43,2 of 5,40%,0,0,1:56,12 of 29,2 of 8,3 of 4,15 of 39,2 of 2,0 of 0
W,Danny Silva,2,16 of 32,50%,20 of 36,1 of 1,100%,0,1,1:05,11 of 26,4 of 5,1 of 1,11 of 23,4 of 7,1 of 2
W,Mason Jones,0,110 of 236,46%,123 of 251,0 of 0,---,0,0,0:05,76 of 193,29 of 37,5 of 6,83 of 193,26 of 42,1 of 1
L,Axel Sola,0,65 of 135,48%,68 of 141,3 of 7,42%,0,0,2:19,49 of 116,16 of 19,0 of 0,61 of 125,4 of 10,0 of 0
W,Nathaniel Wood,0,67 of 178,37%,67 of 178,0 of 1,0%,0,0,0:00,32 of 128,2 of 3,33 of 47,67 of 177,0 of 1,0 of 0
L,Losene Keita,0,52 of 119,43%,52 of 119,0 of 0,---,0,0,0:00,36 of 101,13 of 15,3 of 3,52 of 119,0 of 0,0 of 0
W,Mario Pinto,0,34 of 58,58%,137 of 166,2 of 14,14%,0,0,6:15,25 of 48,6 of 7,3 of 3,20 of 42,13 of 15,1 of 1
L,Felipe Franco,0,21 of 60,35%,60 of 100,0 of 1,0%,0,0,0:00,13 of 51,7 of 8,1 of 1,13 of 51,8 of 9,0 of 0
W,Mantas Kondratavicius,1,75 of 107,70%,135 of 177,2 of 4,50%,1,0,6:06,61 of 93,14 of 14,0 of 0,42 of 68,17 of 19,16 of 20
L,Antonio Trocoli,0,17 of 39,43%,29 of 54,1 of 12,8%,0,0,5:03,10 of 28,3 of 7,4 of 4,15 of 35,2 of 4,0 of 0
L,Louie Sutherland,0,9 of 18,50%,9 of 18,1 of 3,33%,0,0,0:40,5 of 14,2 of 2,2 of 2,7 of 15,2 of 3,0 of 0
W,Brando Pericic,0,19 of 26,73%,34 of 46,0 of 0,---,0,0,0:19,13 of 20,6 of 6,0 of 0,5 of 9,9 of 10,5 of 7
L,Shem Rock,0,47 of 128,36%,52 of 134,1 of 6,16%,0,0,0:55,26 of 101,16 of 22,5 of 5,43 of 123,3 of 3,1 of 2
W,Abdul-Kareem Al-Selwady,0,81 of 146,55%,105 of 173,0 of 4,0%,0,0,0:19,48 of 102,13 of 14,20 of 30,71 of 130,8 of 11,2 of 5
W,Shanelle Dyer,0,49 of 78,62%,50 of 79,1 of 1,100%,0,0,0:34,22 of 42,13 of 17,14 of 19,35 of 57,8 of 11,6 of 10
L,Ravena Oliveira,0,26 of 80,32%,32 of 86,0 of 1,0%,0,0,0:12,16 of 65,9 of 10,1 of 5,24 of 78,2 of 2,0 of 0
L,Josh Emmett,0,3 of 12,25%,3 of 12,0 of 1,0%,0,0,0:00,2 of 11,1 of 1,0 of 0,3 of 12,0 of 0,0 of 0
W,Kevin Vallejos,2,36 of 55,65%,43 of 68,0 of 0,---,0,0,0:38,30 of 49,4 of 4,2 of 2,12 of 21,10 of 14,14 of 20
L,Amanda Lemos,0,42 of 73,57%,51 of 84,1 of 1,100%,1,1,2:04,31 of 61,8 of 8,3 of 4,27 of 57,2 of 2,13 of 14
W,Gillian Robertson,0,12 of 26,46%,64 of 81,3 of 7,42%,0,2,9:17,5 of 12,2 of 4,5 of 10,10 of 23,1 of 1,1 of 2
L,Andre Fili,0,62 of 141,43%,70 of 154,4 of 6,66%,0,1,0:59,46 of 121,11 of 13,5 of 7,61 of 139,0 of 0,1 of 2
W,Jose Delgado,0,94 of 169,55%,103 of 179,1 of 3,33%,0,0,0:36,37 of 99,34 of 47,23 of 23,83 of 153,9 of 14,2 of 2
W,Marwan Rahiki,0,90 of 164,54%,93 of 171,0 of 0,---,0,0,1:35,60 of 126,18 of 25,12 of 13,88 of 160,2 of 4,0 of 0
L,Harry Hardwick,0,65 of 149,43%,76 of 164,0 of 1,0%,0,0,0:44,39 of 117,11 of 13,15 of 19,65 of 148,0 of 1,0 of 0
W,Ion Cutelaba,0,14 of 20,70%,40 of 49,1 of 2,50%,1,0,2:27,4 of 9,4 of 5,6 of 6,10 of 15,1 of 1,3 of 4
L,Oumar Sy,0,5 of 11,45%,5 of 11,0 of 1,0%,0,0,0:18,1 of 7,0 of 0,4 of 4,5 of 11,0 of 0,0 of 0
W,Charles Johnson,0,85 of 162,52%,110 of 189,0 of 6,0%,0,0,0:06,43 of 101,30 of 46,12 of 15,61 of 132,24 of 30,0 of 0
L,Bruno Silva,0,73 of 136,53%,101 of 171,0 of 8,0%,0,0,3:43,52 of 106,14 of 21,7 of 9,71 of 131,2 of 5,0 of 0
L,Chris Curtis,0,12 of 31,38%,57 of 81,0 of 0,---,0,0,0:06,6 of 25,6 of 6,0 of 0,9 of 28,2 of 2,1 of 1
W,Myktybek Orolbai,0,20 of 28,71%,83 of 102,19 of 24,79%,0,0,12:33,13 of 18,3 of 4,4 of 6,5 of 10,1 of 1,14 of 17
W,Vitor Petrino,0,92 of 161,57%,92 of 162,0 of 4,0%,0,0,1:17,59 of 126,18 of 18,15 of 17,92 of 160,0 of 1,0 of 0
L,Steven Asplund,1,61 of 158,38%,73 of 172,0 of 0,---,0,0,0:12,48 of 140,4 of 8,9 of 10,58 of 154,1 of 2,2 of 2
W,Elijah Smith,1,16 of 27,59%,18 of 29,0 of 0,---,1,1,1:35,14 of 25,1 of 1,1 of 1,5 of 13,3 of 3,8 of 11
L,SuYoung You,0,3 of 3,100%,21 of 27,4 of 8,50%,0,0,2:42,3 of 3,0 of 0,0 of 0,3 of 3,0 of 0,0 of 0
L,Bolaji Oki,0,84 of 170,49%,108 of 196,1 of 2,50%,0,0,3:23,42 of 111,28 of 44,14 of 15,62 of 143,17 of 19,5 of 8
W,Manoel Sousa,2,71 of 179,39%,86 of 196,0 of 3,0%,1,0,1:09,48 of 150,16 of 21,7 of 8,62 of 161,8 of 14,1 of 4
L,Brad Tavares,1,48 of 86,55%,55 of 95,0 of 1,0%,0,0,0:29,29 of 64,17 of 20,2 of 2,31 of 59,14 of 21,3 of 6
W,Eryk Anders,0,35 of 84,41%,68 of 133,3 of 9,33%,0,1,9:20,26 of 69,9 of 15,0 of 0,15 of 47,19 of 36,1 of 1
W,Bia Mesquita,0,18 of 27,66%,31 of 40,1 of 1,100%,1,0,1:46,16 of 25,1 of 1,1 of 1,6 of 6,0 of 1,12 of 20
L,Montse Rendon,0,0 of 8,0%,0 of 8,0 of 0,---,0,0,0:00,0 of 6,0 of 1,0 of 1,0 of 8,0 of 0,0 of 0
L,Luan Lacerda,0,62 of 168,36%,72 of 182,4 of 11,36%,0,0,3:06,35 of 118,22 of 44,5 of 6,53 of 150,9 of 18,0 of 0
W,Hecher Sosa,0,104 of 221,47%,137 of 263,0 of 0,---,0,0,0:34,67 of 170,25 of 37,12 of 14,88 of 189,16 of 32,0 of 0
W,Piera Rodriguez,0,107 of 231,46%,111 of 237,1 of 6,16%,0,0,2:35,52 of 163,45 of 55,10 of 13,72 of 188,34 of 42,1 of 1
L,Sam Hughes,0,77 of 144,53%,91 of 160,0 of 7,0%,0,0,0:22,47 of 110,13 of 17,17 of 17,65 of 132,12 of 12,0 of 0
L,Max Holloway,0,26 of 45,57%,73 of 92,0 of 0,---,0,0,1:36,18 of 36,6 of 7,2 of 2,25 of 44,1 of 1,0 of 0
W,Charles Oliveira,0,50 of 66,75%,110 of 137,5 of 13,38%,4,0,20:49,37 of 51,7 of 9,6 of 6,24 of 37,2 of 2,24 of 27
W,Caio Borralho,0,57 of 98,58%,71 of 112,1 of 1,100%,0,0,2:52,32 of 65,9 of 16,16 of 17,55 of 95,0 of 0,2 of 3
L,Reinier de Ridder,0,55 of 141,39%,111 of 199,2 of 8,25%,0,0,2:46,37 of 117,10 of 15,8 of 9,53 of 139,2 of 2,0 of 0
L,Rob Font,0,10 of 31,32%,29 of 50,0 of 1,0%,0,1,0:13,6 of 25,2 of 4,2 of 2,10 of 31,0 of 0,0 of 0
W,Raul Rosas Jr.,0,8 of 33,24%,47 of 75,16 of 18,88%,0,1,10:05,5 of 29,0 of 0,3 of 4,8 of 32,0 of 0,0 of 1
W,Drew Dober,1,22 of 55,40%,22 of 55,0 of 0,---,0,0,0:00,9 of 33,7 of 14,6 of 8,21 of 54,0 of 0,1 of 1
L,Michael Johnson,0,27 of 76,35%,27 of 76,0 of 0,---,0,0,0:00,18 of 55,0 of 11,9 of 10,27 of 76,0 of 0,0 of 0
W,Gregory Rodrigues,1,2 of 6,33%,2 of 6,0 of 0,---,0,0,0:00,1 of 4,1 of 2,0 of 0,2 of 6,0 of 0,0 of 0
L,Brunno Ferreira,0,2 of 5,40%,2 of 5,0 of 0,---,0,0,0:00,1 of 2,0 of 1,1 of 2,2 of 5,0 of 0,0 of 0
W,Cody Garbrandt,0,28 of 54,51%,28 of 54,0 of 8,0%,0,0,0:53,13 of 39,11 of 11,4 of 4,17 of 42,11 of 12,0 of 0
L,Xiao Long,0,59 of 108,54%,70 of 119,1 of 2,50%,0,0,0:47,11 of 41,19 of 28,29 of 39,51 of 99,3 of 4,5 of 5
W,Donte Johnson,0,45 of 106,42%,84 of 146,0 of 0,---,0,1,3:32,35 of 92,4 of 8,6 of 6,35 of 92,0 of 0,10 of 14
L,Cody Brundage,0,31 of 83,37%,34 of 88,2 of 7,28%,0,0,4:22,19 of 70,2 of 3,10 of 10,31 of 82,0 of 1,0 of 0
L,Ricky Turcios,0,22 of 60,36%,36 of 74,0 of 3,0%,0,0,1:54,14 of 51,3 of 4,5 of 5,20 of 58,2 of 2,0 of 0
W,Alberto Montes,0,32 of 58,55%,39 of 65,0 of 0,---,1,0,0:21,19 of 42,10 of 13,3 of 3,26 of 52,6 of 6,0 of 0
L,Cody Durden,0,8 of 21,38%,54 of 69,3 of 8,37%,0,3,4:50,5 of 18,0 of 0,3 of 3,7 of 18,1 of 1,0 of 2
W,Nyamjargal Tumendemberel,0,25 of 42,59%,43 of 60,4 of 4,100%,1,2,6:52,20 of 34,1 of 3,4 of 5,7 of 19,1 of 1,17 of 22
W,Sumudaerji,0,62 of 148,41%,69 of 156,4 of 5,80%,0,0,2:36,44 of 116,11 of 23,7 of 9,55 of 141,3 of 3,4 of 4
L,Jesus Aguilar,0,31 of 106,29%,42 of 120,1 of 5,20%,0,0,2:05,12 of 63,8 of 24,11 of 19,30 of 105,1 of 1,0 of 0
L,Rafael Tobias,0,39 of 101,38%,52 of 114,2 of 8,25%,1,0,2:31,29 of 86,7 of 10,3 of 5,26 of 84,4 of 6,9 of 11
W,Diyar Nurgozhay,0,94 of 143,65%,100 of 150,0 of 1,0%,0,1,1:28,33 of 71,37 of 47,24 of 25,81 of 122,5 of 6,8 of 15
L,Luke Fernandez,0,16 of 33,48%,26 of 43,0 of 0,---,0,0,0:22,12 of 28,3 of 4,1 of 1,9 of 26,7 of 7,0 of 0
W,Rodolfo Bellato,1,30 of 46,65%,32 of 48,0 of 0,---,0,0,0:11,24 of 39,4 of 5,2 of 2,9 of 18,1 of 1,20 of 27
L,Brandon Moreno,0,79 of 168,47%,134 of 229,0 of 8,0%,0,0,7:20,51 of 133,15 of 21,13 of 14,69 of 154,10 of 14,0 of 0
W,Lone'er Kavanagh,0,97 of 205,47%,136 of 245,0 of 1,0%,0,0,0:00,60 of 160,18 of 24,19 of 21,92 of 198,5 of 7,0 of 0
L,Marlon Vera,0,42 of 145,28%,52 of 156,0 of 0,---,0,0,0:04,26 of 113,11 of 21,5 of 11,41 of 142,1 of 3,0 of 0
W,David Martinez,0,71 of 155,45%,86 of 173,2 of 4,50%,0,0,1:43,48 of 126,16 of 20,7 of 9,67 of 148,1 of 2,3 of 5
L,Daniel Zellhuber,0,17 of 78,21%,17 of 78,0 of 0,---,1,0,0:00,7 of 59,4 of 10,6 of 9,17 of 77,0 of 1,0 of 0
W,King Green,1,86 of 134,64%,100 of 148,3 of 3,100%,0,0,2:05,39 of 72,21 of 29,26 of 33,71 of 119,5 of 5,10 of 10
W,Edgar Chairez,0,66 of 136,48%,69 of 139,0 of 0,---,0,0,0:00,41 of 104,18 of 23,7 of 9,63 of 133,1 of 1,2 of 2
L,Felipe Bunes,0,54 of 132,40%,113 of 202,1 of 3,33%,0,0,3:50,44 of 115,5 of 10,5 of 7,52 of 129,2 of 3,0 of 0
W,Imanol Rodriguez,1,46 of 84,54%,55 of 93,1 of 3,33%,0,0,3:33,35 of 67,7 of 11,4 of 6,30 of 63,2 of 4,14 of 17
L,Kevin Borjas,2,22 of 52,42%,24 of 54,0 of 0,---,0,0,0:00,17 of 45,3 of 5,2 of 2,20 of 49,2 of 3,0 of 0
W,Santiago Luna,0,131 of 227,57%,155 of 257,5 of 5,100%,1,0,3:23,97 of 176,30 of 47,4 of 4,102 of 190,24 of 32,5 of 5
L,Angel Pacheco,0,56 of 216,25%,77 of 238,1 of 1,100%,0,0,0:43,41 of 195,13 of 19,2 of 2,52 of 210,4 of 6,0 of 0
W,Ryan Gandra,1,14 of 29,48%,14 of 29,0 of 0,---,0,0,0:00,14 of 27,0 of 2,0 of 0,13 of 28,0 of 0,1 of 1
L,Jose Daniel Medina,0,0 of 3,0%,0 of 3,0 of 0,---,0,0,0:00,0 of 2,0 of 1,0 of 0,0 of 3,0 of 0,0 of 0
W,Ailin Perez,0,27 of 38,71%,68 of 83,6 of 10,60%,0,0,7:36,14 of 19,9 of 13,4 of 6,8 of 15,10 of 13,9 of 10
L,Macy Chiasson,0,8 of 23,34%,41 of 74,0 of 2,0%,0,2,3:51,4 of 16,4 of 7,0 of 0,1 of 16,3 of 3,4 of 4
W,Cristian Quinonez,0,38 of 61,62%,54 of 80,7 of 10,70%,2,0,7:06,34 of 53,4 of 8,0 of 0,35 of 58,0 of 0,3 of 3
L,Kris Moutinho,0,28 of 71,39%,32 of 75,0 of 2,0%,0,0,0:31,13 of 51,7 of 11,8 of 9,28 of 71,0 of 0,0 of 0
L,Douglas Silva de Andrade,0,17 of 27,62%,19 of 29,0 of 0,---,0,0,0:04,8 of 15,2 of 4,7 of 8,17 of 26,0 of 1,0 of 0
W,Javier Reyes,1,46 of 75,61%,87 of 125,1 of 2,50%,0,0,1:57,42 of 69,4 of 5,0 of 1,9 of 32,0 of 0,37 of 43
W,Regina Tarin,0,114 of 239,47%,125 of 250,1 of 3,33%,0,0,1:02,76 of 185,34 of 48,4 of 6,91 of 209,23 of 30,0 of 0
L,Ernesta Kareckaite,0,105 of 249,42%,127 of 279,1 of 2,50%,0,0,1:17,79 of 212,20 of 30,6 of 7,88 of 225,17 of 24,0 of 0
L,Erik Silva,0,5 of 9,55%,5 of 9,0 of 0,---,0,0,0:00,2 of 6,1 of 1,2 of 2,5 of 9,0 of 0,0 of 0
W,Francis Marshall,0,3 of 5,60%,10 of 13,1 of 2,50%,1,0,1:42,0 of 2,0 of 0,3 of 3,3 of 5,0 of 0,0 of 0
W,Damian Pinas,2,15 of 23,65%,22 of 30,0 of 0,---,0,0,0:49,9 of 16,2 of 3,4 of 4,8 of 13,1 of 1,6 of 9
L,Wes Schultz,0,3 of 13,23%,5 of 16,0 of 6,0%,0,0,0:28,0 of 6,2 of 5,1 of 2,3 of 12,0 of 1,0 of 0
W,Sean Strickland,1,110 of 241,45%,111 of 242,0 of 0,---,0,0,0:18,93 of 219,9 of 14,8 of 8,101 of 230,2 of 3,7 of 8
L,Anthony Hernandez,0,55 of 122,45%,57 of 124,0 of 1,0%,0,0,0:32,29 of 93,13 of 16,13 of 13,55 of 120,0 of 2,0 of 0
L,Geoff Neal,0,3 of 10,30%,3 of 10,0 of 0,---,0,0,0:00,1 of 6,1 of 3,1 of 1,3 of 10,0 of 0,0 of 0
W,Uros Medic,1,10 of 19,52%,10 of 19,0 of 0,---,0,0,0:00,4 of 10,6 of 9,0 of 0,10 of 19,0 of 0,0 of 0
L,Dan Ige,0,7 of 11,63%,12 of 16,1 of 3,33%,0,0,1:31,2 of 5,2 of 3,3 of 3,7 of 11,0 of 0,0 of 0
W,Melquizael Costa,1,19 of 40,47%,26 of 48,1 of 1,100%,0,0,0:32,9 of 26,7 of 9,3 of 5,13 of 29,4 of 5,2 of 6
W,Serghei Spivac,0,67 of 149,44%,102 of 185,1 of 4,25%,0,0,3:00,65 of 145,1 of 3,1 of 1,67 of 148,0 of 1,0 of 0
L,Ante Delija,0,61 of 172,35%,61 of 173,0 of 0,---,0,0,0:12,56 of 166,5 of 6,0 of 0,58 of 168,3 of 4,0 of 0
W,Jacobe Smith,0,33 of 47,70%,37 of 51,2 of 2,100%,0,0,0:21,18 of 29,9 of 10,6 of 8,23 of 37,0 of 0,10 of 10
L,Josiah Harrell,0,7 of 14,50%,7 of 14,0 of 2,0%,0,0,0:01,1 of 6,3 of 5,3 of 3,7 of 14,0 of 0,0 of 0
L,Zach Reese,0,74 of 148,50%,81 of 160,1 of 3,33%,1,0,0:47,24 of 90,30 of 38,20 of 20,72 of 142,2 of 6,0 of 0
W,Michel Pereira,0,63 of 132,47%,70 of 139,2 of 2,100%,0,0,0:48,29 of 75,31 of 53,3 of 4,53 of 119,9 of 11,1 of 2
L,Chidi Njokuani,0,120 of 205,58%,124 of 210,0 of 2,0%,0,0,0:06,45 of 110,39 of 57,36 of 38,105 of 187,14 of 16,1 of 2
W,Carlos Leal,0,115 of 276,41%,126 of 287,0 of 5,0%,0,0,2:20,71 of 226,29 of 35,15 of 15,112 of 271,3 of 5,0 of 0
NC,Ode Osbourne,0,32 of 90,35%,48 of 107,0 of 1,0%,0,1,0:58,21 of 74,11 of 15,0 of 1,27 of 84,5 of 6,0 of 0
NC,Alibi Idiris,0,30 of 75,40%,62 of 117,5 of 15,33%,0,0,6:10,22 of 58,1 of 5,7 of 12,22 of 64,2 of 4,6 of 7
W,Alden Coria,0,79 of 175,45%,96 of 193,1 of 4,25%,0,1,1:42,52 of 137,15 of 26,12 of 12,70 of 165,6 of 7,3 of 3
L,Luis Gurule,0,50 of 150,33%,59 of 169,1 of 3,33%,0,0,1:21,32 of 122,8 of 16,10 of 12,45 of 140,5 of 10,0 of 0
L,Nora Cornolle,0,20 of 35,57%,37 of 58,0 of 0,---,0,0,0:23,9 of 22,6 of 7,5 of 6,8 of 19,12 of 16,0 of 0
W,Joselyne Edwards,0,19 of 30,63%,44 of 63,2 of 4,50%,1,0,4:33,17 of 24,2 of 5,0 of 1,4 of 13,2 of 4,13 of 13
L,Ramiz Brahimaj,0,38 of 67,56%,43 of 73,3 of 11,27%,0,0,3:48,16 of 42,21 of 24,1 of 1,35 of 63,3 of 4,0 of 0
W,Punahele Soriano,0,40 of 92,43%,66 of 123,3 of 4,75%,0,0,5:00,29 of 79,11 of 13,0 of 0,25 of 74,14 of 15,1 of 3
L,Phil Rowe,0,54 of 111,48%,59 of 117,0 of 0,---,0,0,0:15,42 of 94,3 of 6,9 of 11,50 of 107,4 of 4,0 of 0
W,Jean-Paul Lebosnoyani,0,66 of 111,59%,84 of 136,3 of 9,33%,2,0,5:17,40 of 77,10 of 17,16 of 17,47 of 87,6 of 10,13 of 14
W,Jordan Leavitt,0,17 of 45,37%,45 of 86,4 of 8,50%,0,0,7:57,7 of 18,3 of 19,7 of 8,12 of 36,0 of 0,5 of 9
L,Yadier del Valle,0,13 of 42,30%,76 of 112,0 of 0,---,0,0,2:17,4 of 26,8 of 8,1 of 8,7 of 36,1 of 1,5 of 5
L,Juliana Miller,0,36 of 122,29%,46 of 138,2 of 13,15%,1,0,3:38,24 of 100,11 of 20,1 of 2,29 of 109,7 of 13,0 of 0
W,Carli Judice,0,79 of 185,42%,104 of 214,0 of 0,---,0,0,1:07,53 of 143,20 of 34,6 of 8,75 of 180,3 of 4,1 of 1
W,Mario Bautista,0,15 of 27,55%,49 of 63,5 of 7,71%,1,0,5:47,10 of 20,5 of 6,0 of 1,6 of 12,0 of 2,9 of 13
L,Vinicius Oliveira,0,12 of 21,57%,18 of 27,0 of 1,0%,0,0,1:39,3 of 10,3 of 5,6 of 6,9 of 18,3 of 3,0 of 0
L,Amir Albazi,0,16 of 67,23%,20 of 75,0 of 7,0%,0,0,3:50,12 of 62,4 of 5,0 of 0,12 of 60,4 of 6,0 of 1
W,Kyoji Horiguchi,0,73 of 136,53%,99 of 163,0 of 2,0%,0,0,1:02,65 of 123,3 of 6,5 of 7,71 of 133,2 of 3,0 of 0
L,Jailton Almeida,0,31 of 67,46%,50 of 92,0 of 8,0%,0,0,1:24,17 of 50,12 of 15,2 of 2,23 of 57,8 of 10,0 of 0
W,Rizvan Kuniev,0,43 of 93,46%,102 of 153,0 of 0,---,0,0,6:35,31 of 77,11 of 15,1 of 1,22 of 65,21 of 28,0 of 0
W,Michal Oleksiejczuk,0,140 of 221,63%,143 of 225,1 of 3,33%,0,0,0:30,91 of 161,39 of 49,10 of 11,138 of 218,1 of 1,1 of 2
L,Marc-Andre Barriault,0,77 of 201,38%,79 of 204,0 of 0,---,0,0,0:02,57 of 178,16 of 19,4 of 4,59 of 173,18 of 28,0 of 0
L,Jean Matsumoto,0,76 of 220,34%,111 of 263,7 of 11,63%,0,0,4:40,40 of 162,20 of 29,16 of 29,62 of 197,14 of 23,0 of 0
W,Farid Basharat,0,80 of 152,52%,95 of 172,2 of 7,28%,0,1,2:23,63 of 132,14 of 16,3 of 4,66 of 136,14 of 16,0 of 0
W,Dustin Jacoby,1,42 of 71,59%,47 of 79,0 of 0,---,0,0,0:59,35 of 64,3 of 3,4 of 4,22 of 38,9 of 10,11 of 23
L,Julius Walker,0,7 of 21,33%,12 of 26,3 of 7,42%,0,0,2:47,3 of 17,1 of 1,3 of 3,4 of 12,2 of 7,1 of 2
L,Alex Morono,0,40 of 146,27%,48 of 154,0 of 0,---,0,0,0:00,37 of 138,2 of 7,1 of 1,36 of 137,4 of 9,0 of 0
W,Daniil Donchenko,1,100 of 162,61%,134 of 214,0 of 0,---,0,0,2:20,45 of 99,21 of 28,34 of 35,82 of 134,7 of 11,11 of 17
W,Nikolay Veretennikov,0,19 of 30,63%,20 of 31,0 of 0,---,0,0,0:17,12 of 22,6 of 7,1 of 1,10 of 21,9 of 9,0 of 0
L,Niko Price,0,9 of 23,39%,12 of 27,0 of 0,---,0,0,0:00,7 of 19,1 of 1,1 of 3,9 of 22,0 of 1,0 of 0
L,Bruna Brasil,0,31 of 60,51%,65 of 101,1 of 4,25%,0,0,0:41,10 of 32,17 of 23,4 of 5,25 of 53,6 of 7,0 of 0
W,Ketlen Souza,0,33 of 69,47%,64 of 109,1 of 8,12%,0,0,8:03,18 of 42,12 of 22,3 of 5,24 of 59,9 of 10,0 of 0
W,Javid Basharat,1,59 of 97,60%,85 of 132,3 of 8,37%,0,0,5:38,33 of 64,13 of 17,13 of 16,44 of 78,1 of 2,14 of 17
L,Gianni Vazquez,0,24 of 108,22%,41 of 132,0 of 0,---,2,1,0:25,13 of 87,4 of 9,7 of 12,23 of 98,1 of 2,0 of 8
W,Wang Cong,1,39 of 71,54%,147 of 195,0 of 0,---,1,0,3:11,16 of 39,15 of 20,8 of 12,23 of 49,10 of 14,6 of 8
L,Eduarda Moura,0,12 of 34,35%,40 of 70,3 of 12,25%,1,0,8:06,12 of 33,0 of 1,0 of 0,11 of 29,1 of 3,0 of 2
L,Muin Gafurov,0,79 of 158,50%,92 of 174,2 of 5,40%,0,0,1:44,43 of 110,34 of 43,2 of 5,68 of 144,11 of 14,0 of 0
W,Jakub Wiklacz,0,56 of 148,37%,97 of 193,0 of 0,---,2,2,4:33,23 of 89,32 of 56,1 of 3,44 of 133,7 of 9,5 of 6
W,Klaudia Sygula,0,151 of 335,45%,159 of 349,0 of 3,0%,0,0,0:00,121 of 288,24 of 40,6 of 7,150 of 332,1 of 3,0 of 0
L,Priscila Cachoeira,0,99 of 219,45%,102 of 222,1 of 2,50%,0,0,0:16,72 of 188,8 of 11,19 of 20,99 of 216,0 of 1,0 of 2
W,Alexander Volkanovski,0,98 of 160,61%,112 of 178,2 of 7,28%,1,0,2:49,72 of 118,3 of 6,23 of 36,88 of 149,3 of 4,7 of 7
L,Diego Lopes,0,70 of 158,44%,74 of 162,2 of 5,40%,0,0,1:50,33 of 98,17 of 33,20 of 27,66 of 152,3 of 4,1 of 2
L,Dan Hooker,0,30 of 47,63%,51 of 68,0 of 1,0%,2,0,0:28,19 of 32,8 of 12,3 of 3,28 of 44,2 of 3,0 of 0
W,Benoit Saint Denis,0,97 of 127,76%,170 of 205,2 of 9,22%,2,0,6:14,83 of 113,14 of 14,0 of 0,20 of 32,10 of 11,67 of 84
L,Rafael Fiziev,0,36 of 66,54%,37 of 67,0 of 1,0%,0,0,0:00,9 of 31,15 of 19,12 of 16,34 of 64,2 of 2,0 of 0
W,Mauricio Ruffy,1,55 of 88,62%,60 of 93,0 of 0,---,0,0,0:45,45 of 77,4 of 4,6 of 7,42 of 66,1 of 2,12 of 20
L,Tai Tuivasa,0,42 of 58,72%,56 of 74,0 of 0,---,0,0,3:58,21 of 36,10 of 10,11 of 12,27 of 35,11 of 17,4 of 6
W,Tallison Teixeira,0,51 of 74,68%,117 of 144,3 of 9,33%,0,0,7:00,39 of 60,10 of 11,2 of 3,26 of 47,4 of 4,21 of 23
W,Quillan Salkilld,0,5 of 8,62%,18 of 21,2 of 3,66%,1,0,0:39,1 of 2,1 of 2,3 of 4,3 of 5,2 of 3,0 of 0
L,Jamie Mullarkey,0,1 of 4,25%,6 of 9,1 of 1,100%,0,0,1:14,1 of 4,0 of 0,0 of 0,0 of 3,1 of 1,0 of 0
L,Junior Tafa,1,38 of 70,54%,38 of 70,0 of 0,---,0,0,0:07,21 of 49,14 of 18,3 of 3,37 of 66,0 of 3,1 of 1
W,Billy Elekana,0,24 of 51,47%,27 of 54,1 of 5,20%,1,0,1:40,20 of 45,3 of 5,1 of 1,22 of 49,1 of 1,1 of 1
W,Cam Rowston,0,57 of 119,47%,73 of 139,0 of 0,---,0,0,2:04,41 of 96,7 of 13,9 of 10,32 of 70,6 of 8,19 of 41
L,Cody Brundage,0,29 of 65,44%,31 of 67,0 of 1,0%,0,0,0:19,22 of 58,1 of 1,6 of 6,27 of 61,2 of 4,0 of 0
W,Jacob Malkoun,1,117 of 181,64%,151 of 219,2 of 8,25%,3,0,5:16,115 of 179,2 of 2,0 of 0,97 of 153,4 of 5,16 of 23
L,Torrez Finney,0,27 of 77,35%,42 of 95,0 of 1,0%,0,0,0:20,25 of 73,2 of 4,0 of 0,25 of 74,2 of 3,0 of 0
W,Jonathan Micallef,0,19 of 59,32%,30 of 70,1 of 1,100%,1,0,1:35,13 of 49,5 of 9,1 of 1,16 of 53,3 of 6,0 of 0
L,Oban Elliott,0,40 of 82,48%,47 of 89,0 of 2,0%,0,0,1:11,34 of 74,1 of 3,5 of 5,35 of 74,5 of 7,0 of 1
W,Kaan Ofli,0,48 of 107,44%,53 of 114,0 of 7,0%,0,1,2:57,22 of 78,19 of 22,7 of 7,38 of 91,7 of 11,3 of 5
L,Yizha,1,68 of 124,54%,75 of 133,3 of 3,100%,0,0,1:15,44 of 93,17 of 24,7 of 7,58 of 109,5 of 7,5 of 8
L,Sangwook Kim,0,68 of 134,50%,92 of 160,1 of 10,10%,0,0,5:30,37 of 94,29 of 38,2 of 2,50 of 108,18 of 26,0 of 0
W,Dom Mar Fan,0,99 of 173,57%,135 of 211,1 of 4,25%,0,1,3:07,79 of 142,18 of 29,2 of 2,63 of 129,29 of 36,7 of 8
W,Keiichiro Nakamura,1,45 of 119,37%,46 of 120,0 of 0,---,0,0,0:04,21 of 86,11 of 18,13 of 15,41 of 112,1 of 3,3 of 4
L,Sebastian Szalay,0,79 of 204,38%,80 of 205,1 of 1,100%,0,0,0:00,47 of 150,24 of 46,8 of 8,78 of 202,1 of 1,0 of 1
L,Sulangrangbo,0,56 of 125,44%,62 of 131,0 of 0,---,0,0,0:14,53 of 116,3 of 8,0 of 1,52 of 121,4 of 4,0 of 0
W,Lawrence Lui,0,52 of 150,34%,82 of 181,7 of 15,46%,0,0,4:59,41 of 129,6 of 16,5 of 5,39 of 132,6 of 11,7 of 7
W,Justin Gaethje,2,144 of 254,56%,200 of 313,3 of 3,100%,0,0,5:55,120 of 222,15 of 21,9 of 11,102 of 198,20 of 27,22 of 29
L,Paddy Pimblett,0,156 of 311,50%,170 of 326,0 of 5,0%,0,0,0:48,83 of 221,48 of 63,25 of 27,140 of 284,16 of 27,0 of 0
W,Sean O'Malley,0,48 of 92,52%,67 of 111,0 of 0,---,0,0,0:00,23 of 53,16 of 28,9 of 11,48 of 92,0 of 0,0 of 0
L,Song Yadong,0,36 of 94,38%,69 of 130,3 of 7,42%,0,0,2:06,15 of 55,2 of 6,19 of 33,36 of 94,0 of 0,0 of 0
W,Waldo Cortes Acosta,1,44 of 62,70%,46 of 64,1 of 1,100%,0,0,0:28,35 of 53,5 of 5,4 of 4,27 of 45,1 of 1,16 of 16
L,Derrick Lewis,0,8 of 43,18%,8 of 43,0 of 0,---,0,0,0:00,6 of 37,2 of 5,0 of 1,8 of 43,0 of 0,0 of 0
W,Natalia Silva,0,51 of 133,38%,63 of 147,1 of 2,50%,0,0,1:24,25 of 95,8 of 14,18 of 24,50 of 132,1 of 1,0 of 0
L,Rose Namajunas,0,26 of 94,27%,46 of 119,1 of 5,20%,0,0,2:09,11 of 64,3 of 13,12 of 17,26 of 92,0 of 2,0 of 0
L,Arnold Allen,0,56 of 116,48%,60 of 121,0 of 0,---,0,0,0:54,37 of 86,11 of 22,8 of 8,53 of 113,3 of 3,0 of 0
W,Jean Silva,0,74 of 136,54%,78 of 141,4 of 6,66%,0,0,0:32,43 of 103,22 of 23,9 of 10,68 of 127,6 of 9,0 of 0
W,Umar Nurmagomedov,0,34 of 72,47%,103 of 167,2 of 6,33%,0,0,4:50,19 of 50,11 of 17,4 of 5,28 of 58,2 of 3,4 of 11
L,Deiveson Figueiredo,0,8 of 27,29%,28 of 58,0 of 0,---,0,0,0:09,4 of 18,4 of 8,0 of 1,7 of 26,1 of 1,0 of 0
W,Ateba Gautier,2,34 of 112,30%,34 of 112,0 of 0,---,0,0,0:00,24 of 98,9 of 13,1 of 1,30 of 103,4 of 9,0 of 0
L,Andrey Pulyaev,0,59 of 123,47%,59 of 123,0 of 0,---,0,0,0:00,34 of 83,19 of 32,6 of 8,57 of 121,2 of 2,0 of 0
W,Nikita Krylov,1,72 of 137,52%,94 of 164,1 of 4,25%,0,0,2:37,25 of 76,22 of 34,25 of 27,64 of 128,5 of 6,3 of 3
L,Modestas Bukauskas,0,40 of 108,37%,43 of 111,0 of 0,---,0,0,0:56,35 of 101,2 of 4,3 of 3,40 of 108,0 of 0,0 of 0
W,Alex Perez,2,39 of 75,52%,55 of 94,0 of 0,---,0,0,0:14,27 of 60,9 of 10,3 of 5,33 of 67,4 of 6,2 of 2
L,Charles Johnson,0,8 of 25,32%,8 of 25,0 of 1,0%,0,0,0:00,4 of 14,3 of 9,1 of 2,8 of 25,0 of 0,0 of 0
W,Josh Hokit,0,37 of 57,64%,71 of 97,1 of 2,50%,0,0,3:47,31 of 48,6 of 9,0 of 0,17 of 31,9 of 11,11 of 15
L,Denzel Freeman,0,0 of 7,0%,0 of 8,0 of 1,0%,0,0,0:00,0 of 7,0 of 0,0 of 0,0 of 7,0 of 0,0 of 0
L,Adam Fugitt,0,36 of 73,49%,39 of 76,0 of 2,0%,0,0,0:00,10 of 42,21 of 26,5 of 5,30 of 67,6 of 6,0 of 0
W,Ty Miller,1,59 of 121,48%,65 of 129,0 of 0,---,0,0,0:03,55 of 115,4 of 6,0 of 0,55 of 115,3 of 4,1 of 2
L,Brandon Royval,0,17 of 26,65%,17 of 26,0 of 0,---,0,0,0:00,5 of 10,6 of 8,6 of 8,17 of 26,0 of 0,0 of 0
W,Manel Kape,1,17 of 23,73%,18 of 24,0 of 0,---,0,0,0:04,6 of 10,5 of 6,6 of 7,15 of 21,0 of 0,2 of 2
L,Giga Chikadze,0,12 of 22,54%,19 of 29,0 of 0,---,0,0,0:00,2 of 10,10 of 10,0 of 2,12 of 22,0 of 0,0 of 0
W,Kevin Vallejos,1,20 of 32,62%,23 of 35,0 of 1,0%,0,0,1:28,14 of 24,2 of 3,4 of 5,15 of 26,1 of 2,4 of 4
L,Cesar Almeida,0,12 of 20,60%,25 of 37,0 of 0,---,0,1,0:29,2 of 7,7 of 9,3 of 4,12 of 17,0 of 0,0 of 3
W,Cezary Oleksiejczuk,0,14 of 19,73%,113 of 126,6 of 7,85%,0,1,11:15,9 of 13,5 of 6,0 of 0,10 of 15,1 of 1,3 of 3
W,Melquizael Costa,1,4 of 9,44%,4 of 9,0 of 0,---,0,0,0:02,1 of 3,1 of 1,2 of 5,4 of 9,0 of 0,0 of 0
L,Morgan Charriere,0,2 of 4,50%,2 of 4,0 of 0,---,0,0,0:00,0 of 2,0 of 0,2 of 2,2 of 4,0 of 0,0 of 0
D,Kennedy Nzechukwu,0,24 of 48,50%,58 of 87,0 of 0,---,0,0,3:37,21 of 43,3 of 5,0 of 0,13 of 32,2 of 2,9 of 14
D,Marcus Buchecha,0,27 of 44,61%,47 of 66,3 of 13,23%,0,0,6:20,23 of 38,4 of 6,0 of 0,2 of 12,2 of 4,23 of 28
W,King Green,0,65 of 141,46%,74 of 150,1 of 2,50%,0,0,0:44,25 of 77,24 of 40,16 of 24,56 of 129,1 of 1,8 of 11
L,Lance Gibson Jr.,0,30 of 72,41%,35 of 77,2 of 3,66%,0,0,1:10,9 of 39,8 of 14,13 of 19,27 of 66,3 of 6,0 of 0
L,Neil Magny,0,5 of 11,45%,15 of 24,0 of 0,---,0,0,0:00,2 of 8,2 of 2,1 of 1,5 of 11,0 of 0,0 of 0
W,Yaroslav Amosov,0,9 of 19,47%,13 of 27,1 of 2,50%,1,0,1:56,3 of 12,0 of 0,6 of 7,8 of 17,0 of 0,1 of 2
W,Joanderson Brito,0,33 of 57,57%,66 of 93,8 of 12,66%,2,1,7:59,16 of 36,7 of 10,10 of 11,19 of 36,7 of 10,7 of 11
L,Isaac Thomson,0,21 of 47,44%,127 of 164,4 of 5,80%,0,1,3:00,14 of 33,6 of 10,1 of 4,14 of 37,6 of 8,1 of 2
L,Sean Sharaf,0,66 of 153,43%,66 of 154,0 of 1,0%,0,0,0:00,50 of 134,15 of 18,1 of 1,66 of 149,0 of 4,0 of 0
W,Steven Asplund,0,170 of 292,58%,172 of 294,0 of 0,---,0,0,0:03,154 of 276,6 of 6,10 of 10,166 of 285,4 of 7,0 of 0
L,Melissa Croden,0,22 of 74,29%,56 of 109,0 of 1,0%,0,1,0:44,9 of 53,7 of 8,6 of 13,18 of 69,4 of 5,0 of 0
W,Luana Santos,0,12 of 24,50%,93 of 110,3 of 7,42%,1,0,9:21,6 of 16,4 of 5,2 of 3,10 of 20,2 of 3,0 of 1
L,Allen Frye Jr.,0,33 of 86,38%,73 of 132,0 of 0,---,0,0,7:55,17 of 65,12 of 12,4 of 9,19 of 69,14 of 17,0 of 0
W,Guilherme Pat,0,64 of 100,64%,76 of 114,0 of 0,---,0,0,0:44,53 of 88,8 of 9,3 of 3,54 of 90,10 of 10,0 of 0
W,Jamey-Lyn Horth,0,16 of 22,72%,18 of 24,0 of 0,---,0,0,0:03,12 of 17,3 of 4,1 of 1,9 of 15,7 of 7,0 of 0
L,Tereza Bleda,0,2 of 12,16%,2 of 12,0 of 4,0%,0,0,1:20,0 of 8,2 of 2,0 of 2,1 of 11,1 of 1,0 of 0
L,Merab Dvalishvili,0,134 of 383,34%,196 of 458,2 of 29,6%,2,1,5:12,105 of 341,22 of 34,7 of 8,116 of 353,18 of 30,0 of 0
W,Petr Yan,0,139 of 230,60%,159 of 251,5 of 9,55%,0,0,2:55,109 of 195,17 of 19,13 of 16,119 of 204,18 of 24,2 of 2
L,Alexandre Pantoja,0,6 of 11,54%,6 of 11,0 of 0,---,0,0,0:00,4 of 8,1 of 1,1 of 2,5 of 10,1 of 1,0 of 0
W,Joshua Van,0,2 of 4,50%,2 of 4,0 of 0,---,0,0,0:00,2 of 4,0 of 0,0 of 0,2 of 3,0 of 1,0 of 0
L,Brandon Moreno,0,9 of 17,52%,9 of 17,0 of 0,---,1,0,0:05,8 of 14,0 of 2,1 of 1,7 of 15,0 of 0,2 of 2
W,Tatsuro Taira,0,28 of 48,58%,45 of 65,1 of 4,25%,0,1,4:27,23 of 42,3 of 3,2 of 3,7 of 19,2 of 4,19 of 25
L,Henry Cejudo,0,60 of 116,51%,77 of 136,1 of 7,14%,0,0,2:39,33 of 83,10 of 12,17 of 21,51 of 104,7 of 10,2 of 2
W,Payton Talbott,1,134 of 217,61%,156 of 240,3 of 5,60%,0,0,3:31,89 of 167,34 of 39,11 of 11,90 of 168,28 of 31,16 of 18
D,Jan Blachowicz,1,84 of 149,56%,100 of 173,0 of 0,---,1,0,0:08,56 of 112,11 of 17,17 of 20,74 of 135,2 of 3,8 of 11
D,Bogdan Guskov,1,80 of 140,57%,98 of 160,0 of 0,---,0,0,4:09,69 of 127,2 of 3,9 of 10,52 of 96,0 of 0,28 of 44
L,Grant Dawson,0,8 of 21,38%,8 of 21,0 of 2,0%,0,0,0:00,4 of 13,2 of 4,2 of 4,8 of 21,0 of 0,0 of 0
W,Manuel Torres,1,9 of 17,52%,9 of 17,0 of 0,---,0,0,0:04,5 of 12,4 of 5,0 of 0,8 of 12,0 of 0,1 of 5
L,Terrance McKinney,0,31 of 57,54%,31 of 57,0 of 0,---,0,0,0:00,26 of 50,5 of 7,0 of 0,24 of 45,6 of 11,1 of 1
W,Chris Duncan,1,38 of 55,69%,53 of 75,1 of 2,50%,1,0,1:10,36 of 51,2 of 3,0 of 1,10 of 20,6 of 8,22 of 27
W,Maycee Barber,0,55 of 85,64%,89 of 130,3 of 5,60%,0,1,6:20,41 of 66,4 of 7,10 of 12,30 of 52,0 of 1,25 of 32
L,Karine Silva,0,21 of 45,46%,57 of 87,2 of 3,66%,0,1,3:28,8 of 30,4 of 5,9 of 10,16 of 32,1 of 4,4 of 9
L,Nazim Sadykhov,0,4 of 16,25%,7 of 21,0 of 2,0%,0,0,0:39,1 of 11,0 of 0,3 of 5,4 of 16,0 of 0,0 of 0
W,Fares Ziam,1,31 of 49,63%,76 of 96,2 of 5,40%,2,0,5:58,21 of 36,2 of 3,8 of 10,18 of 31,4 of 5,9 of 13
L,Marvin Vettori,0,88 of 186,47%,90 of 188,1 of 4,25%,0,0,1:08,78 of 176,1 of 1,9 of 9,86 of 181,2 of 4,0 of 1
W,Brunno Ferreira,0,77 of 149,51%,77 of 149,1 of 7,14%,0,0,0:05,60 of 130,9 of 10,8 of 9,73 of 143,3 of 3,1 of 3
L,Edson Barboza,0,10 of 20,50%,10 of 20,0 of 0,---,0,1,0:07,4 of 14,4 of 4,2 of 2,10 of 19,0 of 1,0 of 0
W,Jalin Turner,2,39 of 66,59%,43 of 73,0 of 0,---,0,0,0:38,29 of 55,8 of 9,2 of 2,33 of 53,5 of 10,1 of 3
W,Iwo Baraniewski,2,22 of 32,68%,28 of 39,0 of 1,0%,0,0,0:11,18 of 27,3 of 4,1 of 1,6 of 14,6 of 6,10 of 12
L,Ibo Aslan,1,30 of 53,56%,31 of 54,0 of 1,0%,0,0,0:06,29 of 47,0 of 4,1 of 2,19 of 35,11 of 18,0 of 0
W,Mansur Abdul-Malik,0,2 of 4,50%,2 of 4,1 of 1,100%,1,0,0:42,2 of 4,0 of 0,0 of 0,1 of 3,0 of 0,1 of 1
L,Antonio Trocoli,0,3 of 6,50%,3 of 6,0 of 1,0%,0,0,0:00,2 of 4,0 of 1,1 of 1,3 of 6,0 of 0,0 of 0
L,Muhammad Naimov,0,18 of 48,37%,35 of 69,0 of 5,0%,0,0,2:08,7 of 29,6 of 10,5 of 9,13 of 40,5 of 8,0 of 0
W,Mairon Santos,1,27 of 45,60%,43 of 61,0 of 1,0%,0,0,0:47,11 of 27,8 of 10,8 of 8,19 of 34,7 of 8,1 of 3
W,Arman Tsarukyan,0,42 of 60,70%,69 of 89,2 of 4,50%,1,0,6:02,33 of 49,3 of 5,6 of 6,18 of 31,2 of 2,22 of 27
L,Dan Hooker,0,10 of 33,30%,17 of 41,0 of 0,---,2,0,0:10,3 of 20,6 of 12,1 of 1,9 of 30,1 of 3,0 of 0
L,Belal Muhammad,0,56 of 139,40%,97 of 197,0 of 7,0%,0,0,3:35,45 of 126,8 of 9,3 of 4,52 of 131,4 of 8,0 of 0
W,Ian Machado Garry,0,72 of 141,51%,96 of 167,0 of 2,0%,0,0,0:39,35 of 98,10 of 15,27 of 28,66 of 134,6 of 7,0 of 0
W,Volkan Oezdemir,1,13 of 35,37%,14 of 37,0 of 0,---,0,0,0:00,12 of 33,0 of 1,1 of 1,13 of 35,0 of 0,0 of 0
L,Alonzo Menifield,0,2 of 7,28%,2 of 7,0 of 0,---,0,0,0:00,1 of 5,1 of 2,0 of 0,2 of 7,0 of 0,0 of 0
L,Jack Hermansson,0,19 of 38,50%,19 of 38,0 of 0,---,0,0,0:00,9 of 25,5 of 8,5 of 5,17 of 36,2 of 2,0 of 0
W,Myktybek Orolbai,1,15 of 33,45%,15 of 33,0 of 0,---,0,0,0:03,9 of 25,3 of 5,3 of 3,13 of 31,1 of 1,1 of 1
W,Waldo Cortes Acosta,2,10 of 21,47%,15 of 26,0 of 0,---,0,0,0:08,8 of 19,1 of 1,1 of 1,9 of 18,0 of 1,1 of 2
L,Shamil Gaziev,0,6 of 15,40%,6 of 15,0 of 0,---,0,0,0:00,4 of 13,1 of 1,1 of 1,6 of 15,0 of 0,0 of 0
L,Tagir Ulanbekov,0,6 of 27,22%,10 of 32,1 of 2,50%,1,0,1:25,3 of 18,2 of 8,1 of 1,6 of 25,0 of 2,0 of 0
W,Kyoji Horiguchi,2,49 of 77,63%,120 of 157,0 of 1,0%,1,0,5:34,36 of 60,4 of 4,9 of 13,25 of 41,0 of 3,24 of 33
L,Bogdan Grad,0,7 of 13,53%,17 of 24,4 of 7,57%,0,0,3:55,6 of 12,1 of 1,0 of 0,1 of 5,2 of 2,4 of 6
W,Luke Riley,1,14 of 23,60%,20 of 32,0 of 0,---,0,0,0:15,11 of 19,1 of 2,2 of 2,4 of 11,1 of 1,9 of 11
W,Nicolas Dalby,0,26 of 63,41%,87 of 140,0 of 2,0%,0,1,6:29,13 of 41,8 of 16,5 of 6,11 of 40,13 of 21,2 of 2
L,Saygid Izagakhmaev,0,20 of 34,58%,65 of 88,4 of 10,40%,0,0,5:18,11 of 23,9 of 10,0 of 1,8 of 19,10 of 12,2 of 3
L,Alex Perez,0,40 of 98,40%,84 of 143,3 of 5,60%,0,0,2:18,14 of 57,15 of 23,11 of 18,32 of 85,3 of 7,5 of 6
W,Asu Almabayev,0,36 of 90,40%,68 of 126,2 of 5,40%,1,0,1:12,24 of 76,8 of 10,4 of 4,32 of 84,4 of 6,0 of 0
W,Abdul Rakhman Yakhyaev,1,6 of 10,60%,11 of 16,1 of 1,100%,1,0,0:24,6 of 10,0 of 0,0 of 0,3 of 4,0 of 0,3 of 6
L,Rafael Cerqueira,0,0 of 1,0%,0 of 1,0 of 0,---,0,0,0:00,0 of 1,0 of 0,0 of 0,0 of 1,0 of 0,0 of 0
L,Bekzat Almakhan,0,39 of 119,32%,42 of 122,0 of 1,0%,0,0,0:01,26 of 102,8 of 11,5 of 6,38 of 116,1 of 2,0 of 1
W,Aleksandre Topuria,0,47 of 81,58%,55 of 89,2 of 7,28%,0,0,2:20,45 of 75,1 of 5,1 of 1,44 of 77,1 of 2,2 of 2
W,Ismail Naurdiev,1,3 of 6,50%,3 of 6,0 of 0,---,0,0,0:02,2 of 5,1 of 1,0 of 0,3 of 6,0 of 0,0 of 0
L,Ryan Loder,0,1 of 4,25%,1 of 4,0 of 0,---,0,0,0:00,1 of 4,0 of 0,0 of 0,1 of 4,0 of 0,0 of 0
W,Nurullo Aliev,0,51 of 117,43%,63 of 133,1 of 5,20%,1,0,3:44,37 of 97,10 of 14,4 of 6,43 of 105,7 of 11,1 of 1
L,Shem Rock,0,44 of 104,42%,77 of 141,1 of 9,11%,0,0,0:32,9 of 53,18 of 32,17 of 19,40 of 97,4 of 7,0 of 0
L,Marek Bujlo,0,31 of 80,38%,31 of 80,0 of 0,---,0,0,0:28,3 of 22,6 of 14,22 of 44,31 of 79,0 of 0,0 of 1
W,Denzel Freeman,0,49 of 79,62%,49 of 79,0 of 0,---,0,0,0:00,19 of 43,6 of 10,24 of 26,45 of 73,4 of 6,0 of 0
L,Jack Della Maddalena,0,18 of 61,29%,30 of 74,0 of 1,0%,0,0,0:00,10 of 45,6 of 12,2 of 4,14 of 56,4 of 5,0 of 0
W,Islam Makhachev,0,30 of 57,52%,140 of 188,4 of 4,100%,0,0,19:10,14 of 40,6 of 7,10 of 10,20 of 41,3 of 4,7 of 12
W,Valentina Shevchenko,0,41 of 68,60%,137 of 186,5 of 6,83%,0,0,13:24,21 of 44,14 of 17,6 of 7,27 of 47,8 of 14,6 of 7
L,Zhang Weili,0,32 of 98,32%,80 of 161,0 of 1,0%,0,0,0:46,9 of 59,13 of 26,10 of 13,25 of 90,7 of 8,0 of 0
L,Sean Brady,0,8 of 22,36%,8 of 22,0 of 1,0%,0,0,0:00,5 of 15,0 of 0,3 of 7,8 of 22,0 of 0,0 of 0
W,Michael Morales,1,24 of 52,46%,24 of 52,0 of 0,---,0,0,0:02,24 of 50,0 of 1,0 of 1,21 of 47,0 of 1,3 of 4
L,Leon Edwards,0,12 of 17,70%,25 of 30,2 of 3,66%,0,0,3:00,4 of 8,0 of 0,8 of 9,11 of 16,1 of 1,0 of 0
W,Carlos Prates,1,21 of 32,65%,24 of 35,0 of 0,---,0,0,0:01,8 of 16,2 of 3,11 of 13,19 of 30,1 of 1,1 of 1
L,Beneil Dariush,0,3 of 5,60%,3 of 5,0 of 0,---,0,0,0:00,0 of 2,1 of 1,2 of 2,2 of 4,1 of 1,0 of 0
W,Benoit Saint Denis,1,3 of 5,60%,3 of 5,0 of 0,---,0,0,0:00,3 of 5,0 of 0,0 of 0,0 of 1,2 of 3,1 of 1
W,Bo Nickal,1,77 of 121,63%,94 of 143,2 of 3,66%,1,0,1:28,56 of 93,13 of 19,8 of 9,64 of 103,7 of 9,6 of 9
L,Rodolfo Vieira,0,24 of 64,37%,31 of 71,0 of 6,0%,0,0,1:00,7 of 38,6 of 12,11 of 14,23 of 63,1 of 1,0 of 0
L,Roman Kopylov,0,52 of 105,49%,54 of 109,2 of 2,100%,0,0,0:35,35 of 80,9 of 16,8 of 9,51 of 103,1 of 1,0 of 1
W,Gregory Rodrigues,0,90 of 173,52%,91 of 174,0 of 4,0%,1,0,0:24,59 of 133,28 of 37,3 of 3,84 of 164,6 of 9,0 of 0
W,Erin Blanchfield,0,52 of 116,44%,65 of 134,2 of 3,66%,1,1,2:43,38 of 100,6 of 8,8 of 8,51 of 115,1 of 1,0 of 0
L,Tracy Cortez,0,46 of 104,44%,50 of 108,1 of 3,33%,0,0,0:30,35 of 88,7 of 12,4 of 4,45 of 100,1 of 4,0 of 0
L,Malcolm Wellmaker,0,77 of 146,52%,82 of 151,0 of 3,0%,0,0,1:11,35 of 87,35 of 45,7 of 14,53 of 116,24 of 30,0 of 0
W,Ethyn Ewing,0,85 of 163,52%,99 of 179,3 of 5,60%,0,0,1:19,70 of 147,10 of 11,5 of 5,67 of 138,18 of 25,0 of 0
W,Kyle Daukaus,1,8 of 11,72%,8 of 11,0 of 0,---,1,0,0:17,8 of 10,0 of 0,0 of 1,4 of 7,0 of 0,4 of 4
L,Gerald Meerschaert,0,0 of 2,0%,0 of 2,0 of 0,---,0,0,0:00,0 of 2,0 of 0,0 of 0,0 of 2,0 of 0,0 of 0
W,Pat Sabatini,0,12 of 29,41%,40 of 61,7 of 12,58%,0,0,10:37,10 of 24,2 of 5,0 of 0,4 of 18,2 of 2,6 of 9
L,Chepe Mariscal,0,7 of 19,36%,48 of 71,0 of 0,---,0,1,0:48,2 of 13,2 of 3,3 of 3,6 of 13,1 of 4,0 of 2
L,Angela Hill,0,56 of 120,46%,65 of 137,0 of 0,---,0,0,0:29,34 of 85,15 of 27,7 of 8,44 of 103,12 of 17,0 of 0
W,Fatima Kline,0,115 of 223,51%,152 of 268,4 of 7,57%,0,0,5:16,89 of 189,23 of 30,3 of 4,71 of 167,15 of 20,29 of 36
W,Baisangur Susurkaev,1,53 of 88,60%,105 of 143,2 of 7,28%,0,0,3:13,20 of 52,25 of 28,8 of 8,42 of 76,11 of 12,0 of 0
L,Eric McConico,0,53 of 107,49%,90 of 150,0 of 0,---,0,0,2:17,28 of 81,10 of 11,15 of 15,36 of 89,17 of 18,0 of 0
L,Viacheslav Borshchev,0,65 of 188,34%,78 of 201,0 of 0,---,0,1,0:24,40 of 150,16 of 25,9 of 13,64 of 186,1 of 2,0 of 0
W,Matheus Camilo,0,39 of 93,41%,48 of 104,5 of 10,50%,0,0,3:22,27 of 79,6 of 6,6 of 8,37 of 90,1 of 2,1 of 1
W,Gabriel Bonfim,1,35 of 64,54%,35 of 64,0 of 0,---,0,0,0:00,11 of 36,1 of 1,23 of 27,33 of 62,2 of 2,0 of 0
L,Randy Brown,0,33 of 87,37%,33 of 87,0 of 0,---,0,0,0:00,11 of 48,9 of 21,13 of 18,33 of 87,0 of 0,0 of 0
L,Matt Schnell,0,4 of 11,36%,5 of 12,1 of 1,100%,0,1,0:15,1 of 8,2 of 2,1 of 1,4 of 11,0 of 0,0 of 0
W,Joseph Morales,0,5 of 11,45%,12 of 18,0 of 0,---,1,1,1:12,4 of 10,0 of 0,1 of 1,2 of 7,0 of 0,3 of 4
L,Muslim Salikhov,0,2 of 5,40%,2 of 5,0 of 0,---,0,0,0:00,0 of 1,0 of 1,2 of 3,2 of 5,0 of 0,0 of 0
W,Uros Medic,1,8 of 13,61%,9 of 14,0 of 0,---,0,0,0:05,5 of 9,3 of 3,0 of 1,5 of 9,0 of 0,3 of 4
W,Chris Padilla,0,64 of 109,58%,88 of 134,0 of 0,---,0,0,3:21,33 of 60,10 of 15,21 of 34,43 of 83,6 of 6,15 of 20
L,Ismael Bonfim,0,42 of 84,50%,47 of 89,1 of 3,33%,0,0,0:15,27 of 68,12 of 13,3 of 3,42 of 84,0 of 0,0 of 0
W,Christian Leroy Duncan,1,23 of 46,50%,40 of 66,1 of 1,100%,0,0,1:10,11 of 27,3 of 7,9 of 12,20 of 43,1 of 1,2 of 2
L,Marco Tulio,0,27 of 57,47%,42 of 75,2 of 5,40%,0,0,2:33,13 of 36,3 of 7,11 of 14,22 of 49,5 of 8,0 of 0
L,Hyder Amil,0,47 of 125,37%,80 of 164,0 of 1,0%,0,0,0:17,28 of 94,7 of 13,12 of 18,44 of 119,3 of 6,0 of 0
W,Jamall Emmers,0,50 of 101,49%,83 of 141,7 of 8,87%,1,0,8:35,37 of 83,13 of 17,0 of 1,38 of 83,3 of 4,9 of 14
L,Ricky Simon,0,67 of 181,37%,77 of 191,0 of 6,0%,0,1,1:25,57 of 165,9 of 15,1 of 1,58 of 170,3 of 4,6 of 7
W,Raoni Barcelos,0,82 of 187,43%,86 of 194,1 of 8,12%,0,0,0:09,53 of 150,19 of 24,10 of 13,80 of 184,2 of 3,0 of 0
L,Mayra Bueno Silva,0,39 of 97,40%,46 of 107,0 of 4,0%,0,0,1:12,15 of 62,8 of 14,16 of 21,36 of 93,3 of 4,0 of 0
W,Jacqueline Cavalcanti,0,80 of 164,48%,87 of 172,0 of 0,---,0,0,0:55,45 of 118,20 of 26,15 of 20,73 of 156,7 of 8,0 of 0
W,Josh Hokit,2,9 of 17,52%,11 of 19,0 of 0,---,0,0,0:08,9 of 17,0 of 0,0 of 0,7 of 15,1 of 1,1 of 1
L,Max Gimenis,0,3 of 7,42%,3 of 7,0 of 0,---,0,0,0:00,0 of 4,1 of 1,2 of 2,3 of 6,0 of 1,0 of 0
L,Tecia Pennington,0,58 of 125,46%,73 of 144,1 of 2,50%,0,0,0:32,15 of 56,9 of 19,34 of 50,58 of 118,0 of 7,0 of 0
W,Denise Gomes,0,53 of 138,38%,75 of 169,3 of 10,30%,0,1,3:51,19 of 86,15 of 29,19 of 23,48 of 129,2 of 5,3 of 4
L,Miles Johns,0,28 of 54,51%,33 of 61,0 of 1,0%,0,0,1:34,21 of 45,3 of 5,4 of 4,28 of 49,0 of 5,0 of 0
W,Daniel Marcos,0,27 of 47,57%,42 of 69,3 of 4,75%,1,0,3:59,15 of 33,8 of 10,4 of 4,14 of 34,13 of 13,0 of 0
W,Zach Reese,0,32 of 42,76%,81 of 97,3 of 3,100%,1,0,2:24,21 of 31,5 of 5,6 of 6,15 of 19,16 of 21,1 of 2
L,Jackson McVey,0,56 of 73,76%,68 of 86,0 of 0,---,0,1,2:23,28 of 39,27 of 33,1 of 1,9 of 19,47 of 54,0 of 0
W,Steve Garcia,1,33 of 62,53%,43 of 72,0 of 0,---,0,0,0:04,28 of 56,5 of 6,0 of 0,26 of 52,5 of 7,2 of 3
L,David Onama,0,2 of 16,12%,2 of 16,0 of 0,---,0,0,0:00,1 of 14,0 of 1,1 of 1,2 of 16,0 of 0,0 of 0
W,Waldo Cortes Acosta,1,12 of 17,70%,18 of 24,0 of 0,---,0,0,1:37,9 of 11,2 of 5,1 of 1,4 of 8,2 of 3,6 of 6
L,Ante Delija,0,16 of 36,44%,18 of 38,0 of 1,0%,0,0,0:25,13 of 33,2 of 2,1 of 1,15 of 33,1 of 3,0 of 0
W,Jeremiah Wells,0,32 of 53,60%,59 of 84,3 of 5,60%,3,0,6:05,23 of 43,5 of 5,4 of 5,21 of 39,0 of 0,11 of 14
L,Themba Gorimbo,0,18 of 33,54%,80 of 102,6 of 9,66%,0,1,5:39,8 of 22,9 of 10,1 of 1,15 of 30,1 of 1,2 of 2
L,Isaac Dulgarian,0,0 of 1,0%,3 of 6,0 of 1,0%,0,0,0:16,0 of 1,0 of 0,0 of 0,0 of 1,0 of 0,0 of 0
W,Yadier del Valle,0,1 of 1,100%,28 of 43,0 of 0,---,3,0,2:56,0 of 0,0 of 0,1 of 1,1 of 1,0 of 0,0 of 0
W,Charles Radtke,0,31 of 38,81%,163 of 214,3 of 5,60%,2,0,11:41,28 of 34,1 of 1,2 of 3,4 of 9,1 of 1,26 of 28
L,Daniel Frunza,0,6 of 24,25%,68 of 102,0 of 0,---,0,0,0:00,4 of 16,2 of 4,0 of 4,6 of 22,0 of 2,0 of 0
W,Allan Nascimento,0,52 of 115,45%,52 of 115,0 of 1,0%,1,0,0:21,19 of 69,7 of 17,26 of 29,51 of 114,1 of 1,0 of 0
L,Cody Durden,0,57 of 128,44%,57 of 128,1 of 3,33%,0,0,0:05,47 of 112,5 of 9,5 of 7,57 of 128,0 of 0,0 of 0
W,Billy Elekana,1,17 of 23,73%,19 of 25,0 of 0,---,1,0,0:21,11 of 15,2 of 2,4 of 6,8 of 12,0 of 0,9 of 11
L,Kevin Christian,0,14 of 17,82%,14 of 17,0 of 0,---,0,0,0:00,0 of 3,6 of 6,8 of 8,14 of 17,0 of 0,0 of 0
W,Timmy Cuamba,0,23 of 32,71%,39 of 48,2 of 4,50%,0,1,5:55,17 of 26,6 of 6,0 of 0,15 of 22,8 of 10,0 of 0
L,ChangHo Lee,0,15 of 26,57%,88 of 141,3 of 8,37%,0,0,6:25,10 of 18,2 of 4,3 of 4,13 of 24,2 of 2,0 of 0
W,Donte Johnson,0,10 of 18,55%,18 of 27,3 of 3,100%,1,0,3:04,9 of 17,0 of 0,1 of 1,3 of 10,6 of 7,1 of 1
L,Sedriques Dumas,0,5 of 16,31%,12 of 23,1 of 5,20%,0,0,2:03,0 of 10,4 of 5,1 of 1,3 of 12,2 of 2,0 of 2
L,Ketlen Vieira,0,25 of 83,30%,58 of 121,2 of 4,50%,1,0,5:19,10 of 60,5 of 10,10 of 13,25 of 79,0 of 2,0 of 2
W,Norma Dumont,0,62 of 101,61%,87 of 127,0 of 0,---,0,0,0:11,24 of 60,18 of 21,20 of 20,57 of 96,5 of 5,0 of 0
W,Alice Ardelean,0,138 of 280,49%,146 of 288,1 of 3,33%,0,0,0:41,103 of 235,23 of 30,12 of 15,137 of 277,1 of 3,0 of 0
L,Montserrat Conejo Ruiz,0,85 of 282,30%,91 of 291,1 of 6,16%,0,0,0:29,54 of 239,4 of 7,27 of 36,82 of 269,3 of 13,0 of 0
L,Phil Rowe,0,4 of 7,57%,11 of 15,0 of 0,---,0,1,0:07,2 of 5,1 of 1,1 of 1,4 of 7,0 of 0,0 of 0
W,Seokhyeon Ko,0,36 of 42,85%,124 of 157,4 of 4,100%,0,0,13:10,27 of 33,0 of 0,9 of 9,12 of 16,0 of 0,24 of 26
W,Talita Alencar,0,60 of 100,60%,79 of 122,5 of 8,62%,2,0,6:10,34 of 67,19 of 23,7 of 10,31 of 65,14 of 15,15 of 20
L,Ariane Carnelossi,0,25 of 76,32%,50 of 106,0 of 1,0%,0,0,2:19,10 of 57,3 of 5,12 of 14,25 of 71,0 of 5,0 of 0
NC,Tom Aspinall,0,27 of 39,69%,27 of 39,0 of 1,0%,0,0,0:00,14 of 25,5 of 6,8 of 8,27 of 39,0 of 0,0 of 0
NC,Ciryl Gane,0,30 of 40,75%,30 of 40,0 of 0,---,0,0,0:00,8 of 16,9 of 11,13 of 13,30 of 40,0 of 0,0 of 0
L,Virna Jandiroba,0,106 of 217,48%,208 of 331,9 of 17,52%,0,0,9:07,72 of 177,20 of 25,14 of 15,83 of 192,20 of 21,3 of 4
W,Mackenzie Dern,0,118 of 231,51%,249 of 372,2 of 8,25%,0,0,3:45,84 of 193,21 of 25,13 of 13,89 of 199,8 of 10,21 of 22
W,Umar Nurmagomedov,0,32 of 54,59%,81 of 105,11 of 14,78%,0,0,10:46,24 of 44,6 of 8,2 of 2,23 of 44,2 of 2,7 of 8
L,Mario Bautista,1,20 of 54,37%,33 of 67,0 of 1,0%,1,0,0:04,6 of 37,11 of 14,3 of 3,17 of 50,2 of 3,1 of 1
W,Alexander Volkov,0,24 of 27,88%,123 of 130,0 of 0,---,0,1,2:57,19 of 21,5 of 6,0 of 0,1 of 4,6 of 6,17 of 17
L,Jailton Almeida,0,9 of 10,90%,27 of 33,7 of 9,77%,0,0,10:47,8 of 9,1 of 1,0 of 0,1 of 1,4 of 4,4 of 5
L,Aleksandar Rakic,0,9 of 14,64%,13 of 18,0 of 2,0%,0,0,0:36,0 of 3,3 of 4,6 of 7,8 of 13,1 of 1,0 of 0
W,Azamat Murzakanov,1,3 of 8,37%,4 of 9,0 of 0,---,0,0,0:02,1 of 6,2 of 2,0 of 0,2 of 7,0 of 0,1 of 1
L,Nasrat Haqparast,0,10 of 13,76%,10 of 13,0 of 0,---,0,0,0:00,7 of 10,2 of 2,1 of 1,9 of 12,1 of 1,0 of 0
W,Quillan Salkilld,1,14 of 36,38%,14 of 36,0 of 4,0%,0,0,0:00,6 of 24,7 of 10,1 of 2,14 of 35,0 of 1,0 of 0
W,Ikram Aliskerov,0,91 of 134,67%,126 of 174,5 of 7,71%,0,0,6:07,57 of 94,26 of 29,8 of 11,79 of 120,3 of 4,9 of 10
L,JunYong Park,0,78 of 132,59%,91 of 151,0 of 0,---,0,0,0:19,57 of 108,18 of 20,3 of 4,73 of 127,2 of 2,3 of 3
W,Ludovit Klein,0,82 of 140,58%,90 of 149,0 of 0,---,0,0,0:00,69 of 127,9 of 9,4 of 4,72 of 126,0 of 2,10 of 12
L,Mateusz Rebecki,0,72 of 159,45%,113 of 208,3 of 12,25%,0,0,5:03,55 of 139,11 of 14,6 of 6,45 of 130,4 of 4,23 of 25
W,Valter Walker,0,5 of 5,100%,7 of 7,1 of 1,100%,1,0,0:31,0 of 0,2 of 2,3 of 3,5 of 5,0 of 0,0 of 0
L,Louie Sutherland,0,3 of 5,60%,3 of 5,0 of 0,---,0,0,0:00,1 of 1,0 of 2,2 of 2,3 of 5,0 of 0,0 of 0
W,Nathaniel Wood,1,99 of 176,56%,101 of 178,2 of 3,66%,0,0,0:58,63 of 124,7 of 8,29 of 44,88 of 159,7 of 10,4 of 7
L,Jose Delgado,1,134 of 232,57%,141 of 239,0 of 2,0%,0,0,1:28,92 of 178,35 of 46,7 of 8,100 of 190,14 of 16,20 of 26
W,Hamdy Abdelwahab,0,99 of 139,71%,170 of 221,9 of 14,64%,0,0,10:48,88 of 125,8 of 10,3 of 4,16 of 25,13 of 14,70 of 100
L,Chris Barnett,0,18 of 35,51%,28 of 46,0 of 0,---,0,0,0:00,7 of 21,4 of 4,7 of 10,14 of 30,3 of 4,1 of 1
L,Azat Maksum,0,19 of 88,21%,30 of 101,7 of 19,36%,0,0,5:27,14 of 80,1 of 3,4 of 5,17 of 85,1 of 2,1 of 1
W,Mitch Raposo,0,30 of 66,45%,53 of 92,0 of 0,---,0,0,0:49,20 of 50,7 of 13,3 of 3,30 of 65,0 of 1,0 of 0
L,Jaqueline Amorim,0,26 of 62,41%,48 of 88,2 of 6,33%,1,1,1:43,19 of 44,3 of 13,4 of 5,18 of 54,3 of 3,5 of 5
W,Mizuki,1,62 of 103,60%,150 of 203,2 of 2,100%,0,1,7:28,54 of 93,8 of 10,0 of 0,20 of 52,14 of 17,28 of 34
L,Reinier de Ridder,0,9 of 13,69%,61 of 72,3 of 7,42%,1,0,7:05,4 of 5,5 of 8,0 of 0,6 of 10,2 of 2,1 of 1
W,Brendan Allen,0,22 of 37,59%,97 of 134,1 of 1,100%,1,2,11:39,19 of 33,3 of 4,0 of 0,1 of 8,2 of 2,19 of 27
L,Kevin Holland,0,52 of 137,37%,76 of 162,1 of 1,100%,0,0,0:27,23 of 96,9 of 13,20 of 28,49 of 127,3 of 9,0 of 1
W,Mike Malott,0,49 of 95,51%,50 of 99,1 of 4,25%,1,1,2:31,35 of 73,10 of 15,4 of 7,44 of 88,1 of 3,4 of 4
L,Marlon Vera,1,56 of 152,36%,56 of 153,0 of 0,---,0,0,0:03,30 of 107,14 of 26,12 of 19,55 of 150,1 of 2,0 of 0
W,Aiemann Zahabi,0,81 of 152,53%,81 of 152,0 of 0,---,0,0,0:00,47 of 107,20 of 28,14 of 17,79 of 149,2 of 3,0 of 0
W,Manon Fiorot,0,16 of 27,59%,17 of 28,0 of 0,---,0,0,0:06,16 of 26,0 of 1,0 of 0,8 of 16,0 of 2,8 of 9
L,Jasmine Jasudavicius,0,2 of 14,14%,2 of 14,0 of 0,---,0,0,0:00,2 of 14,0 of 0,0 of 0,2 of 14,0 of 0,0 of 0
W,Charles Jourdain,1,25 of 43,58%,25 of 43,0 of 0,---,1,0,0:20,20 of 35,5 of 8,0 of 0,17 of 31,0 of 0,8 of 12
L,Davey Grant,0,9 of 26,34%,9 of 26,0 of 0,---,0,0,0:00,3 of 14,1 of 3,5 of 9,9 of 26,0 of 0,0 of 0
W,Kyle Nelson,1,63 of 135,46%,92 of 170,2 of 5,40%,0,0,3:11,41 of 103,14 of 23,8 of 9,46 of 106,7 of 14,10 of 15
L,Matt Frevola,0,43 of 136,31%,60 of 155,2 of 3,66%,0,1,1:58,23 of 103,10 of 20,10 of 13,39 of 129,4 of 7,0 of 0
L,Kyle Prepolec,0,51 of 164,31%,51 of 164,0 of 3,0%,0,0,0:02,36 of 139,7 of 13,8 of 12,51 of 164,0 of 0,0 of 0
W,Drew Dober,0,83 of 161,51%,85 of 163,0 of 1,0%,0,0,0:04,46 of 117,18 of 22,19 of 22,77 of 153,6 of 8,0 of 0
L,Cody Gibson,0,3 of 3,100%,3 of 3,0 of 0,---,0,0,0:00,1 of 1,0 of 0,2 of 2,3 of 3,0 of 0,0 of 0
W,Aoriqileng,1,5 of 8,62%,6 of 9,0 of 0,---,0,0,0:04,5 of 7,0 of 1,0 of 0,2 of 2,0 of 0,3 of 6
W,Bruno Silva,1,46 of 74,62%,60 of 92,5 of 9,55%,1,0,4:49,30 of 57,14 of 14,2 of 3,44 of 72,2 of 2,0 of 0
L,HyunSung Park,0,31 of 108,28%,56 of 136,1 of 4,25%,0,0,0:42,18 of 86,11 of 15,2 of 7,23 of 95,8 of 13,0 of 0
L,Danny Barlow,0,93 of 171,54%,106 of 186,0 of 0,---,0,0,0:00,56 of 129,12 of 15,25 of 27,92 of 170,0 of 0,1 of 1
W,Djorden Santos,0,99 of 216,45%,109 of 232,0 of 1,0%,0,0,1:55,74 of 182,11 of 18,14 of 16,95 of 211,1 of 1,3 of 4
W,Stephanie Luciano,0,60 of 124,48%,80 of 153,3 of 4,75%,1,0,2:53,22 of 69,14 of 23,24 of 32,46 of 102,5 of 6,9 of 16
L,Ravena Oliveira,0,24 of 103,23%,36 of 118,0 of 0,---,0,0,0:00,14 of 76,3 of 5,7 of 22,24 of 102,0 of 1,0 of 0
L,Azamat Bekoev,0,24 of 77,31%,27 of 83,4 of 8,50%,0,0,3:18,18 of 71,4 of 4,2 of 2,22 of 75,2 of 2,0 of 0
W,Yousri Belgaroui,0,102 of 138,73%,110 of 148,1 of 1,100%,0,0,0:40,73 of 108,17 of 17,12 of 13,94 of 130,4 of 4,4 of 4
W,Melissa Croden,1,99 of 175,56%,148 of 230,2 of 3,66%,0,0,5:05,74 of 141,12 of 16,13 of 18,57 of 108,13 of 20,29 of 47
L,Tainara Lisboa,0,42 of 92,45%,63 of 115,2 of 8,25%,0,0,2:19,23 of 70,18 of 21,1 of 1,23 of 70,19 of 22,0 of 0
W,Charles Oliveira,0,11 of 33,33%,18 of 40,1 of 1,100%,1,1,3:35,4 of 21,3 of 6,4 of 6,10 of 32,1 of 1,0 of 0
L,Mateusz Gamrot,0,18 of 42,42%,18 of 43,1 of 1,100%,0,0,1:00,16 of 40,2 of 2,0 of 0,18 of 42,0 of 0,0 of 0
W,Deiveson Figueiredo,0,23 of 43,53%,23 of 44,2 of 5,40%,0,0,2:18,4 of 19,9 of 11,10 of 13,22 of 42,0 of 0,1 of 1
L,Montel Jackson,0,30 of 70,42%,30 of 70,1 of 1,100%,0,0,0:02,14 of 51,7 of 8,9 of 11,28 of 67,2 of 3,0 of 0
L,Vicente Luque,0,30 of 99,30%,31 of 101,0 of 2,0%,0,0,0:00,16 of 74,6 of 13,8 of 12,30 of 99,0 of 0,0 of 0
W,Joel Alvarez,0,89 of 148,60%,197 of 288,1 of 1,100%,1,0,6:30,74 of 130,12 of 15,3 of 3,55 of 100,0 of 0,34 of 48
L,Jhonata Diniz,0,1 of 5,20%,4 of 9,0 of 0,---,0,1,0:09,0 of 2,0 of 1,1 of 2,1 of 5,0 of 0,0 of 0
W,Mario Pinto,0,29 of 33,87%,87 of 102,3 of 4,75%,2,1,7:28,28 of 31,0 of 0,1 of 2,2 of 3,0 of 0,27 of 30
L,Ricardo Ramos,0,1 of 4,25%,1 of 4,0 of 0,---,3,0,0:00,1 of 2,0 of 1,0 of 1,1 of 4,0 of 0,0 of 0
W,Kaan Ofli,0,1 of 1,100%,1 of 1,1 of 1,100%,1,0,1:56,0 of 0,0 of 0,1 of 1,1 of 1,0 of 0,0 of 0
L,Lucas Almeida,0,9 of 21,42%,9 of 21,0 of 0,---,0,0,0:00,3 of 14,1 of 1,5 of 6,9 of 21,0 of 0,0 of 0
W,Michael Aswell Jr.,2,30 of 54,55%,34 of 59,0 of 0,---,0,0,0:15,30 of 53,0 of 0,0 of 1,19 of 37,1 of 1,10 of 16
W,Jafel Filho,0,5 of 13,38%,28 of 38,1 of 1,100%,1,1,2:23,1 of 6,0 of 1,4 of 6,4 of 11,1 of 2,0 of 0
L,Clayton Carpenter,0,7 of 21,33%,12 of 27,0 of 0,---,0,1,1:04,2 of 9,3 of 8,2 of 4,5 of 18,2 of 3,0 of 0
W,Vitor Petrino,2,31 of 54,57%,33 of 61,1 of 6,16%,0,0,3:03,25 of 46,5 of 7,1 of 1,13 of 29,9 of 12,9 of 13
L,Thomas Petersen,0,16 of 35,45%,41 of 62,0 of 8,0%,0,0,2:06,7 of 25,9 of 10,0 of 0,13 of 29,3 of 6,0 of 0
W,Bia Mesquita,0,36 of 63,57%,61 of 98,2 of 3,66%,1,0,4:53,35 of 62,0 of 0,1 of 1,2 of 11,0 of 0,34 of 52
L,Irina Alekseeva,0,6 of 23,26%,17 of 34,0 of 0,---,0,0,0:00,3 of 12,0 of 3,3 of 8,6 of 23,0 of 0,0 of 0
W,Lucas Rocha,0,115 of 226,50%,130 of 244,3 of 4,75%,0,0,1:25,81 of 184,30 of 37,4 of 5,100 of 205,11 of 15,4 of 6
L,Stewart Nicoll,0,45 of 138,32%,46 of 139,2 of 20,10%,0,0,1:30,41 of 133,2 of 3,2 of 2,45 of 135,0 of 3,0 of 0
W,Julia Polastri,0,137 of 253,54%,142 of 261,0 of 0,---,0,0,0:46,85 of 193,42 of 49,10 of 11,123 of 233,14 of 20,0 of 0
L,Karolina Kowalkiewicz,0,72 of 192,37%,75 of 196,1 of 4,25%,0,0,0:31,24 of 121,36 of 57,12 of 14,71 of 189,1 of 3,0 of 0
W,Luan Lacerda,0,24 of 39,61%,60 of 85,3 of 4,75%,1,0,6:06,13 of 26,10 of 12,1 of 1,6 of 13,6 of 8,12 of 18
L,Saimon Oliveira,0,21 of 34,61%,33 of 52,1 of 2,50%,0,2,1:45,14 of 21,3 of 7,4 of 6,8 of 17,2 of 3,11 of 14
L,Magomed Ankalaev,0,4 of 9,44%,4 of 9,0 of 1,0%,0,0,0:00,0 of 4,3 of 4,1 of 1,4 of 9,0 of 0,0 of 0
W,Alex Pereira,0,28 of 45,62%,28 of 45,0 of 0,---,0,0,0:17,21 of 35,3 of 6,4 of 4,5 of 12,0 of 0,23 of 33
W,Merab Dvalishvili,0,114 of 265,43%,243 of 399,20 of 37,54%,0,0,10:02,86 of 231,13 of 18,15 of 16,79 of 220,22 of 27,13 of 18
L,Cory Sandhagen,0,80 of 184,43%,149 of 257,0 of 0,---,0,0,0:00,46 of 143,18 of 23,16 of 18,80 of 184,0 of 0,0 of 0
W,Jiri Prochazka,1,71 of 138,51%,71 of 138,0 of 0,---,0,0,0:12,44 of 100,16 of 25,11 of 13,61 of 127,10 of 11,0 of 0
L,Khalil Rountree Jr.,0,66 of 158,41%,66 of 158,0 of 0,---,0,0,0:02,44 of 127,12 of 17,10 of 14,62 of 151,4 of 7,0 of 0
L,Josh Emmett,0,0 of 0,---,0 of 0,0 of 0,---,0,0,0:16,0 of 0,0 of 0,0 of 0,0 of 0,0 of 0,0 of 0
W,Youssef Zalal,0,0 of 1,0%,0 of 1,1 of 1,100%,1,0,0:48,0 of 1,0 of 0,0 of 0,0 of 1,0 of 0,0 of 0
L,Abus Magomedov,0,11 of 12,91%,18 of 21,1 of 1,100%,1,0,2:36,6 of 7,5 of 5,0 of 0,3 of 4,0 of 0,8 of 8
W,Joe Pyfer,1,6 of 10,60%,13 of 18,0 of 4,0%,2,0,2:16,6 of 10,0 of 0,0 of 0,3 of 6,0 of 0,3 of 4
W,Ateba Gautier,1,6 of 12,50%,6 of 12,1 of 1,100%,0,0,0:04,4 of 10,2 of 2,0 of 0,1 of 5,4 of 4,1 of 3
L,Treston Vines,0,0 of 1,0%,0 of 1,0 of 2,0%,0,0,0:06,0 of 0,0 of 0,0 of 1,0 of 1,0 of 0,0 of 0
W,Daniel Santos,1,27 of 62,43%,28 of 63,1 of 2,50%,0,0,1:23,16 of 41,2 of 8,9 of 13,18 of 50,0 of 1,9 of 11
L,JooSang Yoo,0,31 of 55,56%,51 of 75,0 of 0,---,0,0,0:00,15 of 38,5 of 5,11 of 12,30 of 54,1 of 1,0 of 0
L,Patchy Mix,0,37 of 58,63%,75 of 101,5 of 7,71%,0,0,7:41,23 of 40,6 of 9,8 of 9,25 of 42,5 of 6,7 of 10
W,Jakub Wiklacz,0,46 of 83,55%,107 of 147,0 of 0,---,3,1,2:04,21 of 43,22 of 35,3 of 5,38 of 74,4 of 4,4 of 5
W,Edmen Shahbazyan,1,25 of 50,50%,26 of 51,0 of 0,---,0,0,0:39,20 of 45,3 of 3,2 of 2,12 of 27,1 of 2,12 of 21
L,Andre Muniz,0,15 of 38,39%,17 of 40,1 of 3,33%,0,0,0:18,6 of 20,2 of 10,7 of 8,15 of 38,0 of 0,0 of 0
W,Punahele Soriano,0,39 of 54,72%,163 of 200,4 of 11,36%,1,1,12:35,38 of 51,1 of 3,0 of 0,1 of 4,1 of 1,37 of 49
L,Nikolay Veretennikov,0,9 of 12,75%,34 of 37,0 of 1,0%,2,0,0:49,2 of 2,6 of 9,1 of 1,4 of 6,4 of 5,1 of 1
L,Macy Chiasson,0,54 of 118,45%,91 of 158,2 of 3,66%,1,0,3:43,25 of 76,25 of 35,4 of 7,24 of 81,25 of 29,5 of 8
W,Yana Santos,0,65 of 124,52%,115 of 176,0 of 1,0%,0,0,0:49,29 of 74,31 of 43,5 of 7,29 of 73,36 of 51,0 of 0
L,Chris Gutierrez,0,31 of 86,36%,61 of 119,1 of 1,100%,0,1,0:42,18 of 63,0 of 3,13 of 20,30 of 85,0 of 0,1 of 1
W,Farid Basharat,0,41 of 110,37%,56 of 126,2 of 2,100%,0,0,3:27,19 of 75,5 of 11,17 of 24,39 of 104,0 of 0,2 of 6
W,Ramiz Brahimaj,0,21 of 35,60%,46 of 61,0 of 1,0%,2,0,0:37,18 of 29,0 of 2,3 of 4,9 of 23,8 of 8,4 of 4
L,Austin Vanderford,0,5 of 16,31%,13 of 24,3 of 6,50%,0,0,3:23,4 of 14,0 of 1,1 of 1,4 of 15,0 of 0,1 of 1
W,Veronica Hardy,1,39 of 75,52%,53 of 94,0 of 0,---,1,0,2:36,31 of 65,2 of 4,6 of 6,32 of 65,4 of 4,3 of 6
L,Brogan Walker,0,22 of 60,36%,30 of 70,3 of 4,75%,0,0,2:55,12 of 49,3 of 3,7 of 8,16 of 49,2 of 2,4 of 9
W,Carlos Ulberg,1,11 of 17,64%,11 of 17,0 of 0,---,0,0,0:03,6 of 9,2 of 3,3 of 5,9 of 15,0 of 0,2 of 2
L,Dominick Reyes,0,5 of 11,45%,5 of 11,0 of 0,---,0,0,0:00,0 of 5,1 of 1,4 of 5,5 of 11,0 of 0,0 of 0
W,Jimmy Crute,0,12 of 16,75%,12 of 16,2 of 4,50%,1,1,2:08,3 of 7,1 of 1,8 of 8,9 of 12,0 of 0,3 of 4
L,Ivan Erslan,0,10 of 14,71%,10 of 14,0 of 0,---,0,0,0:05,9 of 13,0 of 0,1 of 1,10 of 14,0 of 0,0 of 0
W,Jack Jenkins,0,65 of 109,59%,73 of 123,3 of 6,50%,1,0,3:58,29 of 68,16 of 21,20 of 20,58 of 95,4 of 5,3 of 9
L,Ramon Taveras,0,43 of 113,38%,68 of 142,0 of 4,0%,0,1,1:39,36 of 98,6 of 14,1 of 1,38 of 106,0 of 1,5 of 6
L,Jake Matthews,0,18 of 44,40%,28 of 54,0 of 1,0%,3,1,4:43,11 of 36,4 of 4,3 of 4,15 of 37,2 of 4,1 of 3
W,Neil Magny,0,31 of 57,54%,73 of 103,3 of 5,60%,1,0,2:46,28 of 52,1 of 2,2 of 3,29 of 52,2 of 5,0 of 0
W,Tom Nolan,0,26 of 61,42%,33 of 69,1 of 1,100%,1,0,0:34,13 of 35,9 of 20,4 of 6,23 of 55,3 of 6,0 of 0
L,Charlie Campbell,0,15 of 42,35%,15 of 42,0 of 1,0%,0,0,0:18,7 of 30,1 of 5,7 of 7,14 of 39,0 of 1,1 of 2
W,Navajo Stirling,0,81 of 158,51%,101 of 193,1 of 4,25%,0,0,3:53,44 of 102,35 of 53,2 of 3,70 of 145,10 of 12,1 of 1
L,Rodolfo Bellato,0,43 of 89,48%,62 of 111,2 of 6,33%,0,0,2:23,21 of 60,12 of 19,10 of 10,39 of 81,4 of 6,0 of 2
W,Cam Rowston,1,12 of 36,33%,20 of 48,0 of 0,---,0,0,0:36,8 of 31,1 of 2,3 of 3,8 of 19,0 of 0,4 of 17
L,Andre Petroski,0,7 of 13,53%,7 of 13,0 of 0,---,0,0,0:00,0 of 4,0 of 1,7 of 8,7 of 13,0 of 0,0 of 0
W,Jamie Mullarkey,0,43 of 89,48%,47 of 94,3 of 17,17%,0,0,5:41,32 of 74,7 of 10,4 of 5,40 of 82,3 of 6,0 of 1
L,Rolando Bedoya,0,46 of 116,39%,55 of 129,0 of 0,---,1,0,0:07,32 of 93,8 of 13,6 of 10,37 of 99,9 of 16,0 of 1
W,Colby Thicknesse,0,62 of 111,55%,126 of 199,2 of 14,14%,1,0,7:45,48 of 95,8 of 10,6 of 6,15 of 31,4 of 6,43 of 74
L,Josias Musasa,0,43 of 89,48%,62 of 118,1 of 2,50%,0,0,0:52,26 of 61,7 of 10,10 of 18,27 of 62,16 of 25,0 of 2
W,Michelle Montague,0,41 of 88,46%,99 of 164,5 of 7,71%,0,0,10:43,34 of 77,6 of 9,1 of 2,12 of 36,1 of 1,28 of 51
L,Luana Carolina,0,48 of 82,58%,75 of 115,0 of 0,---,1,0,0:00,31 of 60,5 of 6,12 of 16,46 of 77,1 of 3,1 of 2
W,Brando Pericic,0,29 of 49,59%,30 of 50,0 of 0,---,0,0,0:29,23 of 42,2 of 3,4 of 4,11 of 20,12 of 18,6 of 11
L,Elisha Ellison,0,3 of 9,33%,3 of 9,0 of 2,0%,0,0,0:13,2 of 8,1 of 1,0 of 0,2 of 8,1 of 1,0 of 0
L,Loma Lookboonmee,0,30 of 61,49%,67 of 102,0 of 1,0%,0,0,0:11,14 of 37,12 of 19,4 of 5,25 of 51,5 of 10,0 of 0
W,Alexia Thainara,0,44 of 107,41%,110 of 202,5 of 11,45%,1,0,10:02,29 of 78,7 of 13,8 of 16,23 of 70,9 of 18,12 of 19
W,Diego Lopes,1,74 of 135,54%,86 of 154,3 of 4,75%,0,0,2:40,63 of 118,1 of 1,10 of 16,31 of 65,1 of 2,42 of 68
L,Jean Silva,0,43 of 91,47%,43 of 91,0 of 0,---,0,1,0:03,26 of 67,10 of 17,7 of 7,42 of 90,1 of 1,0 of 0
L,Rob Font,0,49 of 158,31%,49 of 158,0 of 5,0%,0,0,0:59,40 of 138,7 of 17,2 of 3,49 of 158,0 of 0,0 of 0
W,David Martinez,0,62 of 155,40%,115 of 210,0 of 2,0%,0,0,0:33,33 of 115,10 of 16,19 of 24,62 of 155,0 of 0,0 of 0
W,Rafa Garcia,1,91 of 162,56%,107 of 179,2 of 3,66%,2,1,2:01,74 of 144,7 of 7,10 of 11,70 of 137,10 of 11,11 of 14
L,Jared Gordon,0,65 of 186,34%,80 of 201,1 of 3,33%,0,0,0:09,55 of 171,8 of 13,2 of 2,65 of 186,0 of 0,0 of 0
W,Kelvin Gastelum,1,57 of 117,48%,58 of 118,0 of 0,---,0,0,0:23,30 of 81,16 of 24,11 of 12,56 of 116,1 of 1,0 of 0
L,Dustin Stoltzfus,0,64 of 146,43%,69 of 151,1 of 6,16%,0,1,2:00,25 of 93,25 of 34,14 of 19,55 of 134,4 of 5,5 of 7
W,Alexander Hernandez,1,30 of 75,40%,30 of 75,0 of 0,---,0,0,0:12,22 of 63,4 of 6,4 of 6,20 of 61,0 of 0,10 of 14
L,Diego Ferreira,0,23 of 98,23%,23 of 98,0 of 0,---,0,0,0:00,8 of 56,11 of 35,4 of 7,23 of 96,0 of 2,0 of 0
W,Santiago Luna,2,15 of 40,37%,17 of 42,0 of 1,0%,0,0,0:47,13 of 38,1 of 1,1 of 1,9 of 33,3 of 3,3 of 4
L,Quang Le,0,12 of 24,50%,13 of 25,0 of 1,0%,0,0,0:07,9 of 19,3 of 4,0 of 1,10 of 22,2 of 2,0 of 0
L,Jose Daniel Medina,0,9 of 25,36%,13 of 29,0 of 0,---,0,0,0:00,5 of 17,3 of 7,1 of 1,9 of 24,0 of 1,0 of 0
W,Dusko Todorovic,0,16 of 24,66%,27 of 36,2 of 2,100%,1,0,2:16,10 of 18,6 of 6,0 of 0,10 of 18,6 of 6,0 of 0
L,Claudio Puelles,0,21 of 63,33%,58 of 102,4 of 16,25%,0,0,7:25,14 of 56,7 of 7,0 of 0,16 of 56,2 of 2,3 of 5
W,Joaquim Silva,1,25 of 66,37%,95 of 136,0 of 0,---,1,0,1:03,12 of 50,9 of 12,4 of 4,19 of 52,3 of 5,3 of 9
W,Tatiana Suarez,0,20 of 39,51%,70 of 91,3 of 12,25%,0,0,9:34,1 of 11,10 of 17,9 of 11,9 of 24,11 of 15,0 of 0
L,Amanda Lemos,0,23 of 33,69%,39 of 49,0 of 0,---,1,1,0:34,12 of 21,4 of 5,7 of 7,14 of 22,4 of 4,5 of 7
W,Jesus Aguilar,0,85 of 235,36%,87 of 237,1 of 5,20%,0,0,0:38,35 of 164,25 of 43,25 of 28,76 of 224,9 of 11,0 of 0
L,Luis Gurule,0,65 of 186,34%,73 of 195,0 of 5,0%,0,0,0:21,43 of 157,12 of 18,10 of 11,59 of 174,2 of 5,4 of 7
NC,Zach Reese,0,2 of 7,28%,2 of 7,0 of 0,---,0,0,0:00,0 of 3,1 of 3,1 of 1,2 of 7,0 of 0,0 of 0
NC,Sedriques Dumas,0,3 of 10,30%,3 of 10,0 of 0,---,0,0,0:00,1 of 8,0 of 0,2 of 2,3 of 10,0 of 0,0 of 0
L,Alessandro Costa,0,12 of 56,21%,14 of 59,1 of 4,25%,2,0,1:24,7 of 37,1 of 6,4 of 13,12 of 56,0 of 0,0 of 0
W,Alden Coria,0,42 of 95,44%,77 of 131,2 of 2,100%,0,1,3:18,34 of 85,1 of 3,7 of 7,29 of 79,0 of 0,13 of 16
W,Montse Rendon,0,45 of 166,27%,60 of 185,0 of 5,0%,1,0,1:45,31 of 136,6 of 14,8 of 16,43 of 163,2 of 3,0 of 0
L,Alice Pereira,0,37 of 117,31%,43 of 123,0 of 3,0%,0,0,0:19,29 of 103,7 of 12,1 of 2,35 of 115,2 of 2,0 of 0
L,Rodrigo Sezinando,0,10 of 36,27%,10 of 36,1 of 4,25%,0,0,1:02,7 of 30,3 of 6,0 of 0,7 of 33,3 of 3,0 of 0
W,Daniil Donchenko,1,39 of 68,57%,42 of 71,1 of 3,33%,0,0,1:03,29 of 55,8 of 11,2 of 2,23 of 44,6 of 9,10 of 15
W,Nassourdine Imavov,0,81 of 162,50%,89 of 170,0 of 0,---,0,0,0:29,53 of 118,14 of 26,14 of 18,79 of 160,2 of 2,0 of 0
L,Caio Borralho,0,66 of 166,39%,89 of 190,0 of 5,0%,0,0,1:20,39 of 109,14 of 38,13 of 19,59 of 159,7 of 7,0 of 0
W,Benoit Saint Denis,0,17 of 38,44%,37 of 61,3 of 10,30%,1,0,4:38,9 of 26,8 of 12,0 of 0,9 of 26,3 of 3,5 of 9
L,Mauricio Ruffy,0,5 of 17,29%,6 of 18,0 of 0,---,0,0,0:34,4 of 14,1 of 3,0 of 0,5 of 17,0 of 0,0 of 0
W,Modestas Bukauskas,0,22 of 36,61%,29 of 44,0 of 0,---,0,0,1:50,18 of 30,0 of 0,4 of 6,10 of 17,0 of 0,12 of 19
L,Paul Craig,0,6 of 14,42%,30 of 39,0 of 2,0%,0,0,0:45,0 of 4,2 of 3,4 of 7,5 of 13,1 of 1,0 of 0
L,Bolaji Oki,1,38 of 99,38%,40 of 101,0 of 1,0%,0,0,0:21,26 of 76,8 of 19,4 of 4,34 of 85,0 of 0,4 of 14
W,Mason Jones,1,57 of 136,41%,67 of 147,2 of 2,100%,1,0,3:41,52 of 128,2 of 3,3 of 5,23 of 84,2 of 3,32 of 49
W,Axel Sola,1,45 of 105,42%,52 of 114,1 of 4,25%,0,0,3:05,40 of 94,5 of 11,0 of 0,36 of 94,5 of 7,4 of 4
L,Rhys McKee,0,33 of 135,24%,48 of 156,0 of 0,---,0,0,0:00,27 of 128,6 of 7,0 of 0,23 of 116,10 of 19,0 of 0
W,William Gomis,0,49 of 114,42%,66 of 132,2 of 2,100%,0,0,0:57,19 of 69,17 of 29,13 of 16,37 of 102,12 of 12,0 of 0
L,Robert Ruchala,0,34 of 96,35%,54 of 116,2 of 6,33%,0,0,4:36,14 of 62,16 of 28,4 of 6,27 of 89,7 of 7,0 of 0
W,Oumar Sy,0,17 of 43,39%,21 of 49,2 of 4,50%,0,0,3:28,14 of 38,0 of 1,3 of 4,4 of 11,0 of 0,13 of 32
L,Brendson Ribeiro,0,5 of 14,35%,11 of 22,0 of 0,---,0,0,0:03,2 of 10,1 of 2,2 of 2,5 of 14,0 of 0,0 of 0
L,Marcin Tybura,0,4 of 9,44%,8 of 15,0 of 0,---,0,0,1:18,1 of 5,3 of 4,0 of 0,2 of 7,2 of 2,0 of 0
W,Ante Delija,1,13 of 28,46%,15 of 30,0 of 0,---,0,0,0:08,13 of 28,0 of 0,0 of 0,9 of 23,0 of 0,4 of 5
L,Harry Hardwick,0,8 of 23,34%,8 of 23,0 of 0,---,0,0,0:00,6 of 18,0 of 3,2 of 2,8 of 23,0 of 0,0 of 0
W,Kaue Fernandes,1,24 of 40,60%,24 of 40,0 of 0,---,0,0,0:13,11 of 24,3 of 4,10 of 12,24 of 39,0 of 0,0 of 1
W,Sam Patterson,0,25 of 48,52%,25 of 48,0 of 0,---,0,0,0:00,21 of 43,0 of 1,4 of 4,25 of 48,0 of 0,0 of 0
L,Trey Waters,0,18 of 38,47%,18 of 38,0 of 0,---,0,0,0:00,9 of 23,3 of 6,6 of 9,18 of 38,0 of 0,0 of 0
L,Brad Tavares,0,42 of 102,41%,50 of 111,1 of 3,33%,0,0,1:22,17 of 69,8 of 13,17 of 20,41 of 100,1 of 2,0 of 0
W,Robert Bryczek,1,68 of 138,49%,77 of 149,1 of 1,100%,0,0,1:22,47 of 104,16 of 27,5 of 7,43 of 101,9 of 16,16 of 21
L,Andreas Gustafsson,0,5 of 19,26%,5 of 19,0 of 0,---,0,0,0:00,4 of 18,1 of 1,0 of 0,4 of 18,1 of 1,0 of 0
W,Rinat Fakhretdinov,0,23 of 42,54%,23 of 42,0 of 0,---,0,0,0:04,19 of 38,3 of 3,1 of 1,15 of 29,8 of 11,0 of 2
L,Shauna Bannon,0,13 of 38,34%,42 of 68,0 of 1,0%,0,0,0:00,5 of 20,4 of 9,4 of 9,12 of 33,1 of 3,0 of 2
W,Sam Hughes,0,21 of 46,45%,55 of 84,2 of 3,66%,1,0,5:29,19 of 43,2 of 3,0 of 0,4 of 21,3 of 5,14 of 20
W,Johnny Walker,1,50 of 67,74%,51 of 70,0 of 2,0%,0,0,1:20,36 of 49,1 of 5,13 of 13,15 of 26,2 of 4,33 of 37
L,Zhang Mingyang,0,20 of 47,42%,28 of 59,0 of 0,---,0,0,1:21,8 of 35,6 of 6,6 of 6,15 of 39,4 of 6,1 of 2
L,Brian Ortega,0,55 of 174,31%,100 of 225,0 of 2,0%,0,0,0:08,30 of 138,20 of 29,5 of 7,54 of 173,0 of 0,1 of 1
W,Aljamain Sterling,0,124 of 227,54%,153 of 262,3 of 6,50%,0,0,3:55,77 of 175,21 of 26,26 of 26,100 of 198,7 of 7,17 of 22
W,Sergei Pavlovich,0,61 of 133,45%,63 of 136,0 of 3,0%,0,0,0:08,35 of 104,12 of 14,14 of 15,60 of 131,1 of 2,0 of 0
L,Waldo Cortes Acosta,0,45 of 117,38%,45 of 117,0 of 0,---,0,0,0:00,27 of 88,4 of 10,14 of 19,45 of 114,0 of 3,0 of 0
W,Sumudaerji,0,73 of 129,56%,91 of 150,0 of 5,0%,0,0,0:17,33 of 75,17 of 25,23 of 29,67 of 121,6 of 8,0 of 0
L,Kevin Borjas,0,16 of 44,36%,23 of 51,0 of 5,0%,0,0,3:29,7 of 30,5 of 7,4 of 7,10 of 37,6 of 7,0 of 0
W,Taiyilake Nueraji,0,27 of 38,71%,31 of 42,1 of 3,33%,0,0,3:11,25 of 35,2 of 3,0 of 0,2 of 3,0 of 0,25 of 35
L,Kiefer Crosbie,0,2 of 3,66%,11 of 12,0 of 1,0%,0,0,0:08,1 of 1,1 of 1,0 of 1,2 of 3,0 of 0,0 of 0
L,Maheshate,0,66 of 150,44%,79 of 166,0 of 7,0%,0,0,0:12,42 of 118,12 of 18,12 of 14,60 of 143,6 of 7,0 of 0
W,Gauge Young,0,112 of 200,56%,131 of 221,3 of 6,50%,0,0,3:51,64 of 138,23 of 32,25 of 30,103 of 189,8 of 10,1 of 1
W,Charles Johnson,1,44 of 81,54%,52 of 89,1 of 5,20%,0,0,0:32,18 of 49,6 of 10,20 of 22,37 of 71,4 of 6,3 of 4
L,Lone'er Kavanagh,0,59 of 120,49%,60 of 121,1 of 2,50%,1,1,0:59,32 of 83,21 of 26,6 of 11,53 of 111,6 of 9,0 of 0
W,Rongzhu,0,101 of 197,51%,104 of 201,0 of 0,---,0,0,0:00,65 of 154,21 of 28,15 of 15,98 of 189,3 of 8,0 of 0
L,Austin Hubbard,0,75 of 226,33%,77 of 228,2 of 12,16%,0,0,1:02,43 of 169,30 of 54,2 of 3,71 of 215,4 of 10,0 of 1
L,Michel Pereira,0,2 of 4,50%,2 of 4,0 of 0,---,0,0,0:00,0 of 1,2 of 3,0 of 0,2 of 4,0 of 0,0 of 0
W,Kyle Daukaus,1,5 of 8,62%,7 of 12,0 of 0,---,0,0,0:07,5 of 8,0 of 0,0 of 0,1 of 1,0 of 0,4 of 7
W,Yizha,2,13 of 18,72%,17 of 23,0 of 0,---,0,0,0:06,10 of 15,0 of 0,3 of 3,9 of 12,2 of 3,2 of 3
L,Westin Wilson,0,0 of 2,0%,0 of 2,0 of 0,---,0,0,0:00,0 of 1,0 of 0,0 of 1,0 of 2,0 of 0,0 of 0
L,Xiao Long,0,68 of 214,31%,81 of 229,0 of 0,---,0,0,0:20,53 of 169,7 of 21,8 of 24,38 of 173,30 of 41,0 of 0
W,SuYoung You,0,58 of 110,52%,66 of 120,0 of 6,0%,0,0,0:07,44 of 94,10 of 11,4 of 5,47 of 95,11 of 15,0 of 0
W,Uran Satybaldiev,1,2 of 9,22%,3 of 10,0 of 0,---,2,1,1:10,1 of 4,0 of 4,1 of 1,2 of 8,0 of 0,0 of 1
L,Diyar Nurgozhay,0,7 of 11,63%,13 of 19,1 of 1,100%,0,0,0:18,1 of 3,3 of 5,3 of 3,7 of 11,0 of 0,0 of 0
L,Dricus Du Plessis,0,13 of 29,44%,45 of 68,1 of 1,100%,1,0,0:53,10 of 24,2 of 4,1 of 1,10 of 25,0 of 0,3 of 4
W,Khamzat Chimaev,0,37 of 47,78%,529 of 567,12 of 17,70%,0,0,21:40,28 of 36,3 of 5,6 of 6,12 of 19,0 of 0,25 of 28
W,Lerone Murphy,1,8 of 16,50%,8 of 16,0 of 0,---,1,0,0:00,4 of 9,4 of 6,0 of 1,6 of 14,1 of 1,1 of 1
L,Aaron Pico,0,13 of 29,44%,13 of 30,2 of 3,66%,0,0,2:01,7 of 23,5 of 5,1 of 1,7 of 21,3 of 5,3 of 3
L,Geoff Neal,0,25 of 49,51%,26 of 50,0 of 1,0%,0,0,0:15,16 of 38,4 of 6,5 of 5,23 of 45,2 of 4,0 of 0
W,Carlos Prates,1,32 of 60,53%,32 of 60,0 of 0,---,0,0,0:00,17 of 45,8 of 8,7 of 7,32 of 58,0 of 2,0 of 0
L,Jared Cannonier,0,20 of 57,35%,46 of 88,2 of 7,28%,0,0,8:14,10 of 45,4 of 6,6 of 6,11 of 45,3 of 4,6 of 8
W,Michael Page,0,29 of 55,52%,36 of 64,0 of 1,0%,0,0,0:01,19 of 45,8 of 8,2 of 2,27 of 53,2 of 2,0 of 0
W,Tim Elliott,0,27 of 71,38%,42 of 88,2 of 3,66%,2,0,1:54,18 of 43,2 of 18,7 of 10,26 of 69,0 of 0,1 of 2
L,Kai Asakura,0,21 of 87,24%,38 of 104,0 of 0,---,0,0,0:01,17 of 79,3 of 7,1 of 1,21 of 87,0 of 0,0 of 0
W,Baisangur Susurkaev,0,36 of 62,58%,59 of 89,2 of 7,28%,1,0,3:19,23 of 46,7 of 10,6 of 6,22 of 42,2 of 3,12 of 17
L,Eric Nolan,0,22 of 56,39%,24 of 58,0 of 1,0%,0,0,0:17,17 of 51,5 of 5,0 of 0,18 of 47,4 of 9,0 of 0
L,Gerald Meerschaert,0,3 of 16,18%,3 of 16,0 of 3,0%,0,0,0:00,2 of 14,0 of 0,1 of 2,3 of 16,0 of 0,0 of 0
W,Michal Oleksiejczuk,1,23 of 51,45%,23 of 51,0 of 0,---,0,0,0:22,18 of 46,5 of 5,0 of 0,11 of 31,0 of 0,12 of 20
L,Jessica Andrade,0,90 of 287,31%,97 of 297,0 of 1,0%,0,0,0:17,58 of 242,21 of 31,11 of 14,87 of 279,3 of 8,0 of 0
W,Loopy Godinez,0,107 of 213,50%,119 of 226,1 of 14,7%,0,0,1:33,91 of 195,12 of 14,4 of 4,94 of 195,11 of 16,2 of 2
L,Chase Hooper,0,20 of 82,24%,20 of 82,0 of 2,0%,0,0,0:05,7 of 62,7 of 12,6 of 8,20 of 81,0 of 1,0 of 0
W,Alexander Hernandez,1,17 of 38,44%,18 of 39,0 of 0,---,0,0,0:02,14 of 35,3 of 3,0 of 0,13 of 33,0 of 0,4 of 5
L,Edson Barboza,0,71 of 120,59%,73 of 122,0 of 0,---,0,0,3:50,26 of 64,32 of 38,13 of 18,57 of 105,14 of 15,0 of 0
W,Drakkar Klose,0,53 of 102,51%,147 of 209,0 of 2,0%,0,0,2:33,35 of 78,6 of 9,12 of 15,43 of 89,10 of 13,0 of 0
W,Karine Silva,0,26 of 70,37%,90 of 154,1 of 3,33%,2,1,2:23,11 of 50,9 of 14,6 of 6,22 of 66,4 of 4,0 of 0
L,Dione Barbosa,0,31 of 87,35%,67 of 132,3 of 4,75%,1,1,5:18,11 of 62,15 of 19,5 of 6,26 of 80,4 of 5,1 of 2
L,Alibi Idiris,0,28 of 56,50%,50 of 82,0 of 1,0%,0,1,1:04,9 of 35,17 of 19,2 of 2,22 of 48,6 of 8,0 of 0
W,Joseph Morales,0,29 of 63,46%,44 of 86,2 of 5,40%,2,0,3:38,15 of 44,13 of 18,1 of 1,18 of 47,9 of 12,2 of 4
L,Roman Dolidze,0,36 of 107,33%,39 of 110,0 of 1,0%,0,0,0:45,25 of 88,4 of 11,7 of 8,34 of 101,2 of 6,0 of 0
W,Anthony Hernandez,0,91 of 152,59%,120 of 187,9 of 11,81%,1,0,7:48,67 of 128,6 of 6,18 of 18,48 of 102,13 of 18,30 of 32
W,Steve Erceg,0,20 of 53,37%,39 of 82,3 of 10,30%,1,0,4:47,10 of 42,10 of 11,0 of 0,12 of 43,6 of 8,2 of 2
L,Ode Osbourne,0,35 of 74,47%,47 of 89,1 of 2,50%,0,1,1:09,20 of 53,4 of 7,11 of 14,29 of 68,1 of 1,5 of 5
W,Iasmin Lucindo,0,72 of 151,47%,100 of 187,3 of 7,42%,0,0,5:37,56 of 128,12 of 19,4 of 4,57 of 130,11 of 17,4 of 4
L,Angela Hill,0,64 of 110,58%,80 of 129,0 of 5,0%,1,0,1:19,42 of 84,19 of 23,3 of 3,52 of 92,12 of 18,0 of 0
W,Andre Fili,0,64 of 182,35%,74 of 193,3 of 5,60%,0,0,1:42,52 of 164,6 of 10,6 of 8,62 of 179,2 of 3,0 of 0
L,Christian Rodriguez,0,83 of 174,47%,95 of 190,1 of 7,14%,0,0,1:35,49 of 130,8 of 13,26 of 31,69 of 157,13 of 16,1 of 1
L,Miles Johns,0,83 of 184,45%,89 of 191,5 of 8,62%,0,0,3:12,70 of 170,12 of 13,1 of 1,78 of 175,5 of 8,0 of 1
W,Jean Matsumoto,0,95 of 233,40%,109 of 249,0 of 3,0%,2,1,0:56,49 of 160,27 of 38,19 of 35,87 of 224,8 of 9,0 of 0
L,Eryk Anders,0,7 of 12,58%,18 of 24,1 of 3,33%,0,0,1:18,2 of 7,4 of 4,1 of 1,4 of 9,3 of 3,0 of 0
W,Christian Leroy Duncan,1,24 of 43,55%,27 of 46,0 of 0,---,0,0,0:39,9 of 26,3 of 4,12 of 13,20 of 37,3 of 3,1 of 3
W,Julius Walker,1,44 of 62,70%,96 of 120,6 of 10,60%,0,0,11:46,26 of 43,9 of 10,9 of 9,18 of 26,4 of 9,22 of 27
L,Rafael Cerqueira,0,19 of 42,45%,30 of 54,0 of 0,---,0,0,0:27,15 of 37,0 of 1,4 of 4,19 of 42,0 of 0,0 of 0
W,Elijah Smith,0,37 of 46,80%,61 of 74,0 of 0,---,0,1,3:49,35 of 44,2 of 2,0 of 0,1 of 3,0 of 0,36 of 43
L,Toshiomi Kazama,0,0 of 0,---,2 of 2,1 of 1,100%,1,1,0:05,0 of 0,0 of 0,0 of 0,0 of 0,0 of 0,0 of 0
W,Joselyne Edwards,1,26 of 44,59%,26 of 44,0 of 2,0%,0,0,0:01,16 of 29,5 of 10,5 of 5,24 of 42,0 of 0,2 of 2
L,Priscila Cachoeira,0,18 of 50,36%,18 of 50,0 of 0,---,0,0,0:00,15 of 47,1 of 1,2 of 2,18 of 50,0 of 0,0 of 0
W,Uros Medic,1,5 of 9,55%,6 of 10,0 of 0,---,0,0,0:01,4 of 8,1 of 1,0 of 0,3 of 7,1 of 1,1 of 1
L,Gilbert Urbina,1,5 of 10,50%,5 of 10,0 of 0,---,0,0,0:02,3 of 7,1 of 2,1 of 1,5 of 10,0 of 0,0 of 0
W,Gabriella Fernandes,0,59 of 114,51%,59 of 114,0 of 0,---,0,0,0:00,38 of 91,15 of 17,6 of 6,58 of 112,1 of 2,0 of 0
L,Julija Stoliarenko,0,61 of 161,37%,64 of 167,0 of 6,0%,0,0,1:14,28 of 117,13 of 20,20 of 24,56 of 154,5 of 7,0 of 0
L,Cody Brundage,0,31 of 65,47%,43 of 78,3 of 7,42%,0,0,5:28,26 of 57,3 of 5,2 of 3,19 of 45,12 of 20,0 of 0
W,Eric McConico,0,26 of 72,36%,54 of 102,0 of 0,---,0,0,3:12,18 of 58,7 of 13,1 of 1,16 of 53,10 of 19,0 of 0
W,Tatsuro Taira,1,7 of 11,63%,13 of 20,4 of 5,80%,1,0,4:41,6 of 10,0 of 0,1 of 1,4 of 7,0 of 0,3 of 4
L,HyunSung Park,0,3 of 9,33%,15 of 21,0 of 0,---,0,0,0:00,1 of 6,0 of 0,2 of 3,2 of 7,0 of 1,1 of 1
L,Mateusz Rebecki,0,114 of 267,42%,123 of 278,2 of 6,33%,0,0,1:23,88 of 235,7 of 13,19 of 19,104 of 256,10 of 11,0 of 0
W,Chris Duncan,0,92 of 222,41%,95 of 225,0 of 1,0%,0,0,0:27,67 of 181,20 of 35,5 of 6,85 of 214,7 of 8,0 of 0
L,Elves Brener,0,118 of 250,47%,123 of 256,0 of 9,0%,0,0,0:00,88 of 211,15 of 23,15 of 16,118 of 248,0 of 2,0 of 0
W,Esteban Ribovics,0,122 of 281,43%,123 of 284,0 of 0,---,0,0,1:02,86 of 233,23 of 29,13 of 19,114 of 268,0 of 0,8 of 13
W,Karol Rosa,0,33 of 58,56%,190 of 224,2 of 3,66%,2,0,11:25,25 of 47,6 of 8,2 of 3,14 of 35,6 of 6,13 of 17
L,Nora Cornolle,0,27 of 47,57%,75 of 98,0 of 0,---,0,0,0:00,15 of 33,4 of 4,8 of 10,17 of 36,10 of 11,0 of 0
W,Neil Magny,0,42 of 67,62%,80 of 113,2 of 3,66%,0,0,1:19,38 of 61,4 of 4,0 of 2,19 of 43,3 of 3,20 of 21
L,Elizeu Zaleski dos Santos,0,20 of 42,47%,42 of 69,1 of 5,20%,0,0,4:40,5 of 24,4 of 5,11 of 13,17 of 38,3 of 4,0 of 0
L,Danny Silva,0,69 of 164,42%,73 of 168,1 of 9,11%,0,0,0:22,51 of 135,12 of 17,6 of 12,68 of 160,1 of 4,0 of 0
W,Kevin Vallejos,0,90 of 229,39%,90 of 230,2 of 5,40%,0,0,1:14,60 of 184,27 of 41,3 of 4,81 of 217,9 of 12,0 of 0
W,Rinya Nakamura,1,12 of 19,63%,12 of 19,0 of 0,---,0,0,0:02,6 of 13,4 of 4,2 of 2,8 of 15,0 of 0,4 of 4
L,Nathan Fletcher,0,3 of 7,42%,3 of 7,0 of 0,---,0,0,0:00,0 of 1,1 of 1,2 of 5,3 of 7,0 of 0,0 of 0
W,Rodolfo Vieira,0,89 of 159,55%,96 of 169,1 of 14,7%,0,0,3:14,51 of 118,22 of 25,16 of 16,87 of 155,2 of 4,0 of 0
L,Tresean Gore,0,41 of 114,35%,50 of 125,0 of 0,---,0,0,0:02,22 of 88,4 of 10,15 of 16,41 of 114,0 of 0,0 of 0
L,Nick Klein,0,10 of 21,47%,19 of 33,4 of 7,57%,1,0,4:45,5 of 13,5 of 8,0 of 0,3 of 11,7 of 10,0 of 0
W,Andrey Pulyaev,1,23 of 31,74%,30 of 38,0 of 0,---,0,0,0:02,15 of 22,8 of 9,0 of 0,12 of 18,9 of 11,2 of 2
W,Austin Bashi,0,2 of 7,28%,48 of 67,1 of 1,100%,1,0,2:53,2 of 7,0 of 0,0 of 0,2 of 6,0 of 0,0 of 1
L,John Yannis,0,0 of 5,0%,2 of 9,0 of 0,---,0,0,0:00,0 of 4,0 of 1,0 of 0,0 of 5,0 of 0,0 of 0
W,Rafael Estevam,0,33 of 70,47%,128 of 204,5 of 9,55%,0,0,10:42,22 of 50,5 of 14,6 of 6,25 of 57,1 of 1,7 of 12
L,Felipe Bunes,0,26 of 56,46%,38 of 75,0 of 1,0%,2,0,0:03,15 of 39,5 of 11,6 of 6,25 of 54,1 of 2,0 of 0
W,Piera Rodriguez,0,64 of 150,42%,81 of 171,7 of 10,70%,0,0,4:36,28 of 92,23 of 37,13 of 21,48 of 126,16 of 24,0 of 0
L,Ketlen Souza,0,56 of 103,54%,86 of 139,0 of 3,0%,0,0,1:41,29 of 72,10 of 13,17 of 18,48 of 92,8 of 11,0 of 0
L,Robert Whittaker,1,66 of 142,46%,70 of 146,0 of 0,---,0,0,0:36,62 of 135,4 of 7,0 of 0,51 of 123,4 of 5,11 of 14
W,Reinier de Ridder,0,67 of 145,46%,192 of 282,2 of 15,13%,0,0,9:06,41 of 105,26 of 40,0 of 0,54 of 128,9 of 11,4 of 6
W,Petr Yan,0,81 of 146,55%,130 of 202,1 of 3,33%,0,0,3:11,63 of 122,10 of 12,8 of 12,58 of 114,23 of 32,0 of 0
L,Marcus McGhee,0,64 of 170,37%,66 of 173,0 of 4,0%,0,0,0:30,44 of 128,8 of 18,12 of 24,62 of 165,2 of 5,0 of 0
W,Shara Magomedov,0,93 of 142,65%,103 of 153,0 of 1,0%,0,0,0:57,42 of 82,27 of 33,24 of 27,58 of 93,30 of 39,5 of 10
L,Marc-Andre Barriault,0,39 of 77,50%,60 of 100,2 of 6,33%,0,0,4:30,24 of 54,13 of 19,2 of 4,21 of 56,18 of 21,0 of 0
W,Asu Almabayev,0,22 of 42,52%,55 of 90,7 of 16,43%,2,0,9:26,12 of 26,5 of 11,5 of 5,13 of 20,3 of 6,6 of 16
L,Jose Ochoa,0,26 of 45,57%,118 of 151,1 of 1,100%,2,0,0:56,8 of 19,13 of 18,5 of 8,17 of 33,9 of 12,0 of 0
L,Nikita Krylov,0,16 of 34,47%,16 of 34,0 of 0,---,0,0,0:00,6 of 20,3 of 5,7 of 9,16 of 34,0 of 0,0 of 0
W,Bogdan Guskov,1,23 of 43,53%,28 of 48,0 of 0,---,0,0,0:17,20 of 40,1 of 1,2 of 2,11 of 26,0 of 0,12 of 17
W,Bryce Mitchell,0,13 of 20,65%,39 of 51,3 of 9,33%,0,1,9:44,3 of 6,7 of 11,3 of 3,5 of 11,8 of 9,0 of 0
L,Said Nurmagomedov,1,20 of 32,62%,100 of 126,0 of 0,---,1,2,3:13,13 of 24,5 of 5,2 of 3,13 of 19,1 of 3,6 of 10
W,Muslim Salikhov,1,3 of 9,33%,3 of 9,0 of 0,---,0,0,0:00,1 of 4,1 of 4,1 of 1,3 of 9,0 of 0,0 of 0
L,Carlos Leal,0,5 of 9,55%,5 of 9,0 of 0,---,0,0,0:00,5 of 9,0 of 0,0 of 0,5 of 8,0 of 1,0 of 0
W,Davey Grant,0,66 of 130,50%,66 of 133,0 of 0,---,0,0,0:19,17 of 67,27 of 39,22 of 24,65 of 128,1 of 1,0 of 1
L,Da'Mon Blackshear,0,33 of 74,44%,36 of 78,1 of 5,20%,1,0,3:52,12 of 45,7 of 13,14 of 16,31 of 72,1 of 1,1 of 1
L,Amanda Ribas,0,30 of 72,41%,77 of 122,1 of 3,33%,0,0,0:18,18 of 57,5 of 6,7 of 9,29 of 68,1 of 4,0 of 0
W,Tabatha Ricci,0,34 of 76,44%,82 of 140,1 of 4,25%,0,0,4:11,23 of 60,6 of 10,5 of 6,20 of 61,4 of 5,10 of 10
L,Ibo Aslan,0,28 of 78,35%,29 of 80,0 of 0,---,0,0,0:00,10 of 57,8 of 10,10 of 11,28 of 78,0 of 0,0 of 0
W,Billy Elekana,0,35 of 68,51%,35 of 68,0 of 3,0%,0,0,0:00,18 of 46,17 of 21,0 of 1,35 of 68,0 of 0,0 of 0
L,Mohammad Yahya,0,57 of 151,37%,60 of 154,0 of 4,0%,0,0,0:05,41 of 126,14 of 21,2 of 4,57 of 151,0 of 0,0 of 0
W,Steven Nguyen,6,92 of 174,52%,108 of 194,0 of 0,---,0,0,2:43,76 of 156,4 of 4,12 of 14,50 of 111,7 of 7,35 of 56
W,Martin Buday,0,41 of 86,47%,92 of 150,0 of 0,---,0,2,2:51,30 of 74,5 of 5,6 of 7,36 of 74,4 of 6,1 of 6
L,Marcus Buchecha,0,24 of 60,40%,80 of 140,1 of 11,9%,0,1,5:05,14 of 46,10 of 14,0 of 0,16 of 50,6 of 8,2 of 2
W,Max Holloway,1,198 of 375,52%,201 of 378,0 of 0,---,0,0,1:32,103 of 253,64 of 80,31 of 42,182 of 351,0 of 1,16 of 23
L,Dustin Poirier,1,109 of 255,42%,109 of 255,0 of 1,0%,1,0,0:12,94 of 235,6 of 10,9 of 10,102 of 243,3 of 6,4 of 6
W,Paulo Costa,1,99 of 159,62%,102 of 162,0 of 2,0%,0,0,0:13,34 of 89,41 of 46,24 of 24,87 of 141,3 of 3,9 of 15
L,Roman Kopylov,0,48 of 104,46%,48 of 104,0 of 0,---,0,0,0:00,29 of 79,14 of 20,5 of 5,48 of 104,0 of 0,0 of 0
L,Kevin Holland,1,82 of 173,47%,111 of 207,1 of 4,25%,0,0,2:07,53 of 126,13 of 22,16 of 25,60 of 137,17 of 27,5 of 9
W,Daniel Rodriguez,2,77 of 149,51%,111 of 189,0 of 1,0%,0,0,3:34,49 of 106,13 of 26,15 of 17,54 of 107,6 of 7,17 of 35
L,Dan Ige,0,47 of 124,37%,59 of 145,0 of 0,---,0,0,0:08,24 of 93,15 of 23,8 of 8,38 of 109,3 of 5,6 of 10
W,Patricio Pitbull,0,55 of 97,56%,71 of 114,5 of 9,55%,0,0,2:44,42 of 82,9 of 10,4 of 5,42 of 82,9 of 11,4 of 4
W,Michael Johnson,1,80 of 195,41%,81 of 196,0 of 1,0%,0,0,0:22,27 of 100,42 of 81,11 of 14,77 of 189,0 of 0,3 of 6
L,Daniel Zellhuber,0,52 of 182,28%,52 of 182,0 of 0,---,0,0,0:08,19 of 125,27 of 48,6 of 9,50 of 180,1 of 1,1 of 1
L,Kyler Phillips,0,49 of 151,32%,54 of 156,0 of 5,0%,0,0,0:09,33 of 126,13 of 22,3 of 3,49 of 151,0 of 0,0 of 0
W,Vinicius Oliveira,1,96 of 232,41%,102 of 238,1 of 4,25%,0,0,2:20,52 of 161,26 of 50,18 of 21,79 of 207,5 of 7,12 of 18
L,Marvin Vettori,0,109 of 253,43%,115 of 262,0 of 0,---,0,1,1:17,98 of 239,5 of 7,6 of 7,99 of 240,4 of 5,6 of 8
W,Brendan Allen,0,111 of 224,49%,119 of 233,3 of 4,75%,0,0,1:27,86 of 194,18 of 23,7 of 7,100 of 210,4 of 4,7 of 10
L,Francisco Prado,0,47 of 77,61%,64 of 94,3 of 10,30%,1,0,6:49,34 of 58,5 of 11,8 of 8,34 of 62,5 of 5,8 of 10
W,Nikolay Veretennikov,0,56 of 105,53%,84 of 133,2 of 6,33%,0,1,2:33,32 of 78,21 of 24,3 of 3,34 of 75,15 of 17,7 of 13
W,Ateba Gautier,1,19 of 37,51%,19 of 37,0 of 0,---,0,0,0:01,16 of 34,3 of 3,0 of 0,16 of 33,1 of 1,2 of 3
L,Robert Valentin,0,2 of 5,40%,2 of 5,0 of 0,---,0,0,0:00,1 of 3,0 of 1,1 of 1,2 of 5,0 of 0,0 of 0
L,Adam Fugitt,0,14 of 27,51%,16 of 29,0 of 3,0%,0,0,0:59,5 of 16,2 of 4,7 of 7,13 of 23,1 of 4,0 of 0
W,Islam Dulatov,1,21 of 41,51%,23 of 44,0 of 0,---,0,0,0:02,17 of 37,3 of 3,1 of 1,16 of 35,2 of 3,3 of 3
W,Jimmy Crute,0,5 of 18,27%,11 of 27,3 of 6,50%,2,0,2:18,5 of 18,0 of 0,0 of 0,4 of 17,0 of 0,1 of 1
L,Marcin Prachnio,0,21 of 36,58%,37 of 54,0 of 0,---,0,0,0:08,7 of 21,9 of 10,5 of 5,13 of 28,6 of 6,2 of 2
W,Ryan Spann,0,8 of 19,42%,8 of 19,1 of 1,100%,2,0,2:14,8 of 19,0 of 0,0 of 0,2 of 10,0 of 0,6 of 9
L,Lukasz Brzeski,0,5 of 8,62%,23 of 28,0 of 0,---,0,0,0:00,1 of 4,0 of 0,4 of 4,5 of 8,0 of 0,0 of 0
W,Brunno Ferreira,0,7 of 9,77%,9 of 11,1 of 1,100%,1,0,1:07,4 of 5,1 of 2,2 of 2,6 of 8,0 of 0,1 of 1
L,Jackson McVey,0,4 of 15,26%,4 of 15,0 of 1,0%,0,0,0:08,3 of 13,1 of 2,0 of 0,4 of 15,0 of 0,0 of 0
W,Carli Judice,1,109 of 225,48%,117 of 235,0 of 0,---,0,0,1:18,85 of 193,24 of 32,0 of 0,96 of 210,10 of 12,3 of 3
L,Nicolle Caliari,0,32 of 101,31%,35 of 104,1 of 8,12%,0,0,1:00,26 of 85,3 of 12,3 of 4,30 of 98,2 of 3,0 of 0
W,Derrick Lewis,1,9 of 17,52%,10 of 21,0 of 0,---,0,0,0:12,8 of 16,1 of 1,0 of 0,2 of 6,1 of 2,6 of 9
L,Tallison Teixeira,0,3 of 5,60%,3 of 5,0 of 0,---,0,0,0:00,3 of 5,0 of 0,0 of 0,3 of 5,0 of 0,0 of 0
L,Stephen Thompson,0,42 of 92,45%,78 of 135,0 of 2,0%,0,1,0:28,21 of 61,14 of 20,7 of 11,37 of 83,3 of 5,2 of 4
W,Gabriel Bonfim,0,40 of 72,55%,55 of 93,5 of 14,35%,0,0,5:29,12 of 36,5 of 6,23 of 30,34 of 65,6 of 7,0 of 0
L,Calvin Kattar,0,26 of 123,21%,26 of 123,0 of 0,---,0,0,0:21,21 of 116,3 of 5,2 of 2,26 of 123,0 of 0,0 of 0
W,Steve Garcia,1,85 of 250,34%,85 of 250,0 of 0,---,0,0,0:03,52 of 208,23 of 29,10 of 13,85 of 249,0 of 0,0 of 1
L,Nate Landwehr,0,63 of 155,40%,65 of 158,0 of 0,---,0,0,0:22,54 of 142,7 of 9,2 of 4,63 of 153,0 of 2,0 of 0
W,Morgan Charriere,1,67 of 131,51%,67 of 131,2 of 5,40%,0,0,1:03,41 of 100,12 of 14,14 of 17,64 of 124,2 of 3,1 of 4
W,Vitor Petrino,0,3 of 6,50%,17 of 22,1 of 1,100%,2,0,3:03,2 of 4,0 of 0,1 of 2,1 of 2,0 of 0,2 of 4
L,Austen Lane,0,3 of 4,75%,3 of 4,0 of 0,---,0,0,0:00,0 of 0,1 of 2,2 of 2,3 of 4,0 of 0,0 of 0
L,Junior Tafa,0,24 of 38,63%,25 of 39,0 of 0,---,0,1,0:27,21 of 35,3 of 3,0 of 0,6 of 14,10 of 10,8 of 14
W,Tuco Tokkos,0,11 of 22,50%,31 of 57,5 of 9,55%,1,0,7:51,7 of 17,0 of 1,4 of 4,4 of 9,0 of 0,7 of 13
L,Max Griffin,0,59 of 178,33%,63 of 185,0 of 0,---,0,0,1:03,38 of 147,14 of 21,7 of 10,58 of 175,1 of 3,0 of 0
W,Chris Curtis,0,64 of 155,41%,71 of 162,0 of 1,0%,0,0,0:14,44 of 132,18 of 21,2 of 2,61 of 149,3 of 6,0 of 0
W,Jake Matthews,0,3 of 7,42%,5 of 9,1 of 1,100%,1,0,0:29,3 of 7,0 of 0,0 of 0,2 of 5,1 of 2,0 of 0
L,Chidi Njokuani,0,5 of 10,50%,5 of 10,0 of 0,---,0,0,0:00,0 of 2,3 of 6,2 of 2,4 of 8,1 of 2,0 of 0
L,Lauren Murphy,0,38 of 145,26%,67 of 179,2 of 9,22%,2,0,1:03,38 of 144,0 of 0,0 of 1,34 of 140,4 of 5,0 of 0
W,Eduarda Moura,0,64 of 235,27%,74 of 248,2 of 3,66%,0,0,3:02,52 of 221,1 of 2,11 of 12,64 of 234,0 of 0,0 of 1
L,Kennedy Nzechukwu,0,0 of 0,---,0 of 0,0 of 0,---,0,0,0:03,0 of 0,0 of 0,0 of 0,0 of 0,0 of 0,0 of 0
W,Valter Walker,0,4 of 11,36%,4 of 11,1 of 2,50%,1,0,0:28,4 of 11,0 of 0,0 of 0,1 of 4,3 of 7,0 of 0
L,Mitch Ramirez,0,51 of 111,45%,57 of 118,0 of 2,0%,0,0,0:05,27 of 85,8 of 10,16 of 16,46 of 105,5 of 6,0 of 0
W,Mike Davis,1,47 of 77,61%,58 of 94,1 of 2,50%,2,0,4:22,29 of 53,15 of 20,3 of 4,44 of 74,0 of 0,3 of 3
W,Fatima Kline,1,92 of 181,50%,95 of 187,0 of 2,0%,0,0,0:40,57 of 132,26 of 35,9 of 14,75 of 160,12 of 14,5 of 7
L,Melissa Martinez,0,44 of 119,36%,52 of 129,0 of 0,---,0,0,0:32,23 of 89,15 of 18,6 of 12,44 of 118,0 of 1,0 of 0
W,Ilia Topuria,1,21 of 29,72%,24 of 32,0 of 0,---,0,0,1:01,17 of 23,3 of 3,1 of 3,18 of 24,0 of 0,3 of 5
L,Charles Oliveira,0,9 of 16,56%,10 of 18,0 of 2,0%,0,0,0:21,3 of 8,2 of 4,4 of 4,8 of 14,1 of 2,0 of 0
W,Alexandre Pantoja,0,42 of 76,55%,70 of 107,3 of 6,50%,2,0,7:20,28 of 61,10 of 10,4 of 5,40 of 74,0 of 0,2 of 2
L,Kai Kara-France,0,38 of 67,56%,57 of 86,0 of 2,0%,0,0,0:10,26 of 53,8 of 10,4 of 4,35 of 64,1 of 1,2 of 2
L,Brandon Royval,0,215 of 467,46%,216 of 468,0 of 0,---,0,0,0:00,179 of 422,22 of 27,14 of 18,205 of 451,10 of 16,0 of 0
W,Joshua Van,1,204 of 305,66%,209 of 311,0 of 0,---,0,0,0:09,138 of 232,37 of 43,29 of 30,181 of 270,20 of 27,3 of 8
W,Beneil Dariush,0,56 of 107,52%,77 of 131,5 of 5,100%,0,0,5:53,30 of 73,10 of 15,16 of 19,47 of 95,4 of 5,5 of 7
L,Renato Moicano,1,31 of 61,50%,38 of 69,0 of 3,0%,0,1,1:20,25 of 52,4 of 6,2 of 3,25 of 54,4 of 5,2 of 2
W,Payton Talbott,0,59 of 118,50%,97 of 165,0 of 1,0%,0,1,4:49,48 of 103,5 of 7,6 of 8,37 of 93,2 of 2,20 of 23
L,Felipe Lima,0,26 of 58,44%,37 of 70,3 of 15,20%,0,0,3:23,17 of 48,6 of 6,3 of 4,21 of 52,3 of 4,2 of 2
L,Jack Hermansson,0,30 of 55,54%,30 of 55,0 of 1,0%,0,0,0:00,24 of 49,2 of 2,4 of 4,30 of 54,0 of 1,0 of 0
W,Gregory Rodrigues,1,18 of 63,28%,18 of 63,0 of 0,---,0,0,0:03,11 of 54,6 of 8,1 of 1,18 of 63,0 of 0,0 of 0
L,Hyder Amil,0,3 of 5,60%,3 of 5,0 of 1,0%,0,0,0:00,0 of 2,0 of 0,3 of 3,3 of 5,0 of 0,0 of 0
W,Jose Delgado,1,9 of 11,81%,9 of 11,0 of 1,0%,0,0,0:02,7 of 9,2 of 2,0 of 0,4 of 5,2 of 3,3 of 3
L,Viviane Araujo,0,22 of 51,43%,39 of 69,0 of 0,---,0,1,1:43,16 of 45,3 of 3,3 of 3,19 of 48,3 of 3,0 of 0
W,Tracy Cortez,0,65 of 103,63%,102 of 143,3 of 5,60%,1,1,8:17,53 of 82,8 of 14,4 of 7,24 of 53,2 of 5,39 of 45
W,Terrance McKinney,0,1 of 2,50%,1 of 2,1 of 1,100%,2,0,0:47,1 of 2,0 of 0,0 of 0,0 of 0,0 of 0,1 of 2
L,Viacheslav Borshchev,0,2 of 2,100%,2 of 2,0 of 0,---,0,0,0:00,0 of 0,1 of 1,1 of 1,2 of 2,0 of 0,0 of 0
L,Niko Price,0,34 of 61,55%,46 of 76,0 of 2,0%,0,0,0:00,19 of 43,4 of 7,11 of 11,27 of 49,3 of 4,4 of 8
W,Jacobe Smith,0,46 of 74,62%,73 of 101,2 of 2,100%,1,0,5:41,39 of 66,4 of 5,3 of 3,22 of 41,2 of 2,22 of 31
W,Jhonata Diniz,0,112 of 182,61%,112 of 182,0 of 0,---,0,0,0:00,94 of 160,3 of 7,15 of 15,111 of 179,1 of 3,0 of 0
L,Alvin Hines,0,82 of 259,31%,83 of 260,1 of 10,10%,0,0,0:05,56 of 224,21 of 29,5 of 6,80 of 256,2 of 3,0 of 0
L,Jamahal Hill,0,69 of 172,40%,70 of 173,0 of 0,---,0,0,0:00,47 of 142,7 of 12,15 of 18,68 of 170,0 of 1,1 of 1
W,Khalil Rountree Jr.,1,102 of 181,56%,102 of 181,0 of 0,---,0,0,0:00,30 of 91,42 of 54,30 of 36,102 of 181,0 of 0,0 of 0
W,Rafael Fiziev,0,62 of 113,54%,87 of 141,4 of 4,100%,0,0,1:43,31 of 72,25 of 34,6 of 7,52 of 96,5 of 7,5 of 10
L,Ignacio Bahamondes,0,50 of 147,34%,62 of 165,0 of 2,0%,0,0,1:13,23 of 108,13 of 17,14 of 22,47 of 139,3 of 8,0 of 0
W,Curtis Blaydes,0,56 of 95,58%,101 of 143,2 of 15,13%,0,0,5:21,34 of 71,3 of 4,19 of 20,44 of 82,12 of 13,0 of 0
L,Rizvan Kuniev,0,45 of 108,41%,58 of 125,0 of 0,---,0,0,0:26,38 of 100,4 of 5,3 of 3,35 of 93,10 of 15,0 of 0
L,Tofiq Musayev,0,2 of 6,33%,17 of 23,0 of 0,---,0,0,0:12,0 of 4,2 of 2,0 of 0,2 of 6,0 of 0,0 of 0
W,Myktybek Orolbai,0,2 of 7,28%,15 of 25,3 of 5,60%,1,0,3:40,2 of 7,0 of 0,0 of 0,1 of 4,0 of 0,1 of 3
W,Nazim Sadykhov,1,93 of 150,62%,102 of 161,0 of 1,0%,0,0,1:29,60 of 114,25 of 27,8 of 9,58 of 109,33 of 38,2 of 3
L,Nikolas Motta,1,66 of 157,42%,76 of 168,0 of 0,---,0,0,0:16,46 of 136,16 of 16,4 of 5,54 of 135,12 of 22,0 of 0
W,Muhammad Naimov,0,18 of 54,33%,70 of 119,1 of 3,33%,1,0,2:53,11 of 45,3 of 3,4 of 6,16 of 50,2 of 4,0 of 0
L,Bogdan Grad,0,31 of 64,48%,49 of 88,3 of 10,30%,0,0,5:09,7 of 30,14 of 19,10 of 15,18 of 46,13 of 18,0 of 0
W,Seokhyeon Ko,0,33 of 61,54%,80 of 127,6 of 9,66%,1,0,10:15,25 of 51,5 of 6,3 of 4,14 of 32,3 of 6,16 of 23
L,Oban Elliott,0,10 of 31,32%,19 of 40,0 of 2,0%,0,0,1:44,2 of 20,6 of 8,2 of 3,9 of 30,1 of 1,0 of 0
L,Ismail Naurdiev,0,76 of 153,49%,84 of 164,1 of 2,50%,0,0,1:25,44 of 104,25 of 39,7 of 10,67 of 132,8 of 17,1 of 4
W,JunYong Park,0,45 of 109,41%,92 of 187,2 of 8,25%,1,0,6:39,41 of 102,4 of 7,0 of 0,38 of 96,4 of 10,3 of 3
W,Daria Zhelezniakova,0,99 of 223,44%,103 of 228,0 of 0,---,0,0,0:00,67 of 172,32 of 51,0 of 0,98 of 220,1 of 3,0 of 0
L,Melissa Mullins,0,64 of 148,43%,77 of 165,3 of 6,50%,0,0,2:55,43 of 124,12 of 14,9 of 10,61 of 144,3 of 3,0 of 1
L,Irina Alekseeva,0,63 of 178,35%,74 of 200,0 of 0,---,0,0,1:43,35 of 121,16 of 31,12 of 26,58 of 170,5 of 8,0 of 0
W,Klaudia Sygula,0,101 of 181,55%,156 of 248,1 of 2,50%,0,0,2:15,63 of 133,21 of 30,17 of 18,93 of 171,5 of 6,3 of 4
W,Tagir Ulanbekov,0,68 of 118,57%,78 of 134,0 of 8,0%,1,0,3:42,56 of 104,11 of 12,1 of 2,57 of 105,11 of 13,0 of 0
L,Azat Maksum,0,62 of 159,38%,76 of 177,3 of 7,42%,0,0,0:56,40 of 127,20 of 30,2 of 2,45 of 133,17 of 26,0 of 0
L,Hamdy Abdelwahab,0,55 of 123,44%,55 of 124,0 of 1,0%,0,0,0:02,34 of 97,10 of 13,11 of 13,55 of 123,0 of 0,0 of 0
W,Mohammed Usman,0,86 of 179,48%,86 of 179,0 of 4,0%,0,0,0:00,44 of 123,41 of 54,1 of 2,86 of 179,0 of 0,0 of 0
W,Kamaru Usman,0,41 of 99,41%,137 of 243,4 of 13,30%,0,0,12:57,33 of 89,8 of 10,0 of 0,22 of 69,2 of 4,17 of 26
L,Joaquin Buckley,0,44 of 148,29%,51 of 156,0 of 0,---,0,0,0:00,29 of 130,12 of 15,3 of 3,41 of 144,3 of 4,0 of 0
W,Rose Namajunas,1,25 of 86,29%,46 of 118,2 of 4,50%,0,0,6:33,22 of 75,3 of 10,0 of 1,23 of 83,1 of 1,1 of 2
L,Miranda Maverick,0,25 of 74,33%,52 of 108,0 of 2,0%,1,1,1:48,14 of 61,5 of 6,6 of 7,25 of 73,0 of 1,0 of 0
W,Edmen Shahbazyan,1,53 of 136,38%,58 of 142,0 of 1,0%,0,0,0:15,37 of 103,11 of 23,5 of 10,50 of 129,0 of 0,3 of 7
L,Andre Petroski,0,34 of 84,40%,34 of 84,2 of 6,33%,0,0,0:23,15 of 52,13 of 17,6 of 15,33 of 82,1 of 2,0 of 0
L,Cody Garbrandt,0,28 of 94,29%,45 of 111,0 of 7,0%,0,1,0:46,23 of 85,3 of 7,2 of 2,22 of 86,6 of 7,0 of 1
W,Raoni Barcelos,0,37 of 85,43%,43 of 93,1 of 11,9%,0,0,2:26,31 of 75,0 of 3,6 of 7,33 of 76,4 of 9,0 of 0
D,Mansur Abdul-Malik,0,25 of 73,34%,25 of 73,0 of 0,---,0,0,0:07,17 of 55,3 of 13,5 of 5,18 of 60,0 of 0,7 of 13
D,Cody Brundage,0,30 of 67,44%,30 of 67,0 of 0,---,0,0,0:01,18 of 49,2 of 8,10 of 10,29 of 66,1 of 1,0 of 0
W,Alonzo Menifield,0,29 of 86,33%,34 of 91,0 of 0,---,0,0,0:00,17 of 71,6 of 8,6 of 7,29 of 86,0 of 0,0 of 0
L,Oumar Sy,0,34 of 96,35%,37 of 99,1 of 5,20%,0,0,4:13,16 of 69,9 of 15,9 of 12,34 of 96,0 of 0,0 of 0
NC,Paul Craig,0,17 of 27,62%,40 of 52,0 of 6,0%,0,0,0:34,7 of 16,10 of 11,0 of 0,14 of 23,2 of 3,1 of 1
NC,Rodolfo Bellato,0,10 of 20,50%,16 of 27,1 of 1,100%,0,0,0:55,2 of 11,2 of 2,6 of 7,9 of 17,0 of 0,1 of 3
W,Michael Chiesa,0,72 of 160,45%,81 of 169,0 of 2,0%,0,0,1:32,47 of 128,25 of 32,0 of 0,52 of 132,20 of 28,0 of 0
L,Court McGee,0,39 of 145,26%,51 of 158,0 of 6,0%,0,0,0:45,9 of 95,16 of 29,14 of 21,36 of 140,3 of 5,0 of 0
W,Malcolm Wellmaker,1,25 of 39,64%,25 of 39,0 of 0,---,0,0,0:08,11 of 23,9 of 10,5 of 6,22 of 36,3 of 3,0 of 0
L,Kris Moutinho,0,6 of 27,22%,7 of 28,0 of 1,0%,0,0,0:00,3 of 23,1 of 2,2 of 2,6 of 26,0 of 1,0 of 0
L,Cody Durden,0,9 of 41,21%,12 of 47,2 of 4,50%,0,0,1:42,6 of 34,1 of 4,2 of 3,8 of 37,0 of 1,1 of 3
W,Jose Ochoa,1,30 of 79,37%,52 of 107,0 of 0,---,0,0,0:13,18 of 42,7 of 28,5 of 9,24 of 71,3 of 5,3 of 3
W,Ricky Simon,0,34 of 74,45%,50 of 94,3 of 10,30%,0,0,9:13,22 of 62,4 of 4,8 of 8,28 of 62,4 of 6,2 of 6
L,Cameron Smotherman,0,29 of 99,29%,33 of 104,0 of 0,---,0,0,0:02,23 of 89,5 of 9,1 of 1,25 of 94,4 of 5,0 of 0
W,Phil Rowe,1,85 of 166,51%,103 of 187,0 of 0,---,0,0,0:10,73 of 149,9 of 12,3 of 5,71 of 146,14 of 19,0 of 1
L,Ange Loosa,1,65 of 106,61%,130 of 180,3 of 7,42%,0,0,6:13,32 of 69,13 of 16,20 of 21,47 of 84,10 of 12,8 of 10
W,Jamey-Lyn Horth,0,101 of 167,60%,115 of 183,2 of 3,66%,0,0,2:34,64 of 123,24 of 31,13 of 13,90 of 153,8 of 11,3 of 3
L,Vanessa Demopoulos,0,36 of 119,30%,44 of 131,0 of 5,0%,0,0,1:07,15 of 87,17 of 26,4 of 6,30 of 107,6 of 12,0 of 0
W,Merab Dvalishvili,0,52 of 115,45%,141 of 215,5 of 12,41%,1,0,6:29,33 of 92,13 of 14,6 of 9,29 of 86,8 of 10,15 of 19
L,Sean O'Malley,0,31 of 57,54%,38 of 65,0 of 0,---,0,0,0:00,14 of 35,15 of 19,2 of 3,30 of 56,1 of 1,0 of 0
L,Julianna Pena,0,9 of 30,30%,15 of 37,0 of 1,0%,0,0,0:00,8 of 29,1 of 1,0 of 0,5 of 26,0 of 0,4 of 4
W,Kayla Harrison,0,30 of 54,55%,59 of 88,2 of 3,66%,1,0,6:05,17 of 39,9 of 10,4 of 5,15 of 36,6 of 7,9 of 11
L,Kelvin Gastelum,0,33 of 99,33%,34 of 100,0 of 1,0%,0,0,0:27,13 of 69,11 of 17,9 of 13,32 of 98,1 of 1,0 of 0
W,Joe Pyfer,2,57 of 114,50%,58 of 115,1 of 2,50%,0,0,0:31,44 of 99,12 of 14,1 of 1,51 of 104,3 of 3,3 of 7
W,Mario Bautista,0,173 of 302,57%,173 of 302,0 of 0,---,0,0,0:00,96 of 216,58 of 66,19 of 20,172 of 301,1 of 1,0 of 0
L,Patchy Mix,0,122 of 304,40%,122 of 304,0 of 1,0%,0,0,0:00,92 of 265,14 of 22,16 of 17,118 of 299,4 of 5,0 of 0
L,Vicente Luque,0,24 of 46,52%,24 of 46,0 of 1,0%,0,0,0:00,14 of 32,3 of 6,7 of 8,24 of 46,0 of 0,0 of 0
W,Kevin Holland,0,40 of 74,54%,44 of 78,1 of 1,100%,1,0,0:13,25 of 58,5 of 6,10 of 10,26 of 56,14 of 18,0 of 0
L,Bruno Silva,0,76 of 149,51%,77 of 150,1 of 6,16%,0,0,0:09,37 of 101,13 of 19,26 of 29,73 of 146,3 of 3,0 of 0
W,Joshua Van,3,125 of 217,57%,149 of 241,0 of 0,---,0,0,1:01,108 of 196,11 of 14,6 of 7,97 of 177,4 of 5,24 of 35
W,Azamat Murzakanov,1,27 of 36,75%,29 of 38,0 of 0,---,0,0,0:27,23 of 32,4 of 4,0 of 0,7 of 10,0 of 0,20 of 26
L,Brendson Ribeiro,0,8 of 22,36%,8 of 22,0 of 0,---,0,0,0:00,3 of 16,2 of 2,3 of 4,8 of 22,0 of 0,0 of 0
L,Serghei Spivac,0,48 of 119,40%,53 of 124,2 of 6,33%,0,0,2:25,39 of 109,4 of 5,5 of 5,45 of 115,3 of 4,0 of 0
W,Waldo Cortes Acosta,0,110 of 235,46%,111 of 236,0 of 0,---,0,0,0:00,76 of 196,16 of 20,18 of 19,105 of 225,5 of 10,0 of 0
L,Khaos Williams,0,39 of 74,52%,95 of 134,0 of 0,---,0,0,2:17,29 of 63,10 of 11,0 of 0,26 of 57,13 of 17,0 of 0
W,Andreas Gustafsson,0,98 of 128,76%,151 of 185,8 of 14,57%,0,0,9:34,67 of 95,21 of 23,10 of 10,27 of 50,52 of 57,19 of 21
L,Ariane da Silva,0,63 of 176,35%,65 of 178,0 of 4,0%,0,0,0:03,31 of 121,20 of 37,12 of 18,55 of 164,8 of 12,0 of 0
W,Wang Cong,1,143 of 222,64%,147 of 226,0 of 0,---,0,0,0:16,75 of 148,28 of 31,40 of 43,127 of 206,13 of 13,3 of 3
L,Jeka Saragih,0,2 of 4,50%,2 of 4,0 of 0,---,0,0,0:00,2 of 4,0 of 0,0 of 0,2 of 4,0 of 0,0 of 0
W,JooSang Yoo,1,6 of 8,75%,6 of 8,0 of 0,---,0,0,0:00,4 of 6,0 of 0,2 of 2,5 of 7,0 of 0,1 of 1
W,Quillan Salkilld,0,79 of 124,63%,89 of 135,8 of 23,34%,0,0,7:35,54 of 98,18 of 19,7 of 7,51 of 82,15 of 22,13 of 20
L,Yanal Ashmouz,0,41 of 78,52%,65 of 106,0 of 6,0%,0,1,2:08,31 of 64,7 of 11,3 of 3,22 of 54,14 of 17,5 of 7
W,MarQuel Mederos,1,110 of 165,66%,115 of 170,0 of 0,---,0,0,0:38,63 of 108,16 of 18,31 of 39,94 of 146,10 of 10,6 of 9
L,Mark Choinski,0,58 of 114,50%,64 of 120,2 of 11,18%,0,0,4:39,48 of 102,7 of 9,3 of 3,54 of 106,2 of 6,2 of 2
W,Mateusz Gamrot,0,65 of 110,59%,142 of 224,6 of 11,54%,0,0,8:45,53 of 98,7 of 7,5 of 5,38 of 73,3 of 4,24 of 33
L,Ludovit Klein,0,24 of 74,32%,85 of 145,0 of 0,---,0,0,0:23,10 of 49,13 of 23,1 of 2,23 of 73,1 of 1,0 of 0
L,Billy Ray Goff,0,1 of 3,33%,2 of 4,0 of 1,0%,0,0,0:59,0 of 1,1 of 2,0 of 0,0 of 2,1 of 1,0 of 0
W,Ramiz Brahimaj,0,1 of 1,100%,9 of 10,2 of 3,66%,1,0,1:42,0 of 0,1 of 1,0 of 0,0 of 0,1 of 1,0 of 0
W,Dustin Jacoby,1,17 of 29,58%,17 of 30,0 of 0,---,0,0,0:30,16 of 28,0 of 0,1 of 1,11 of 21,6 of 8,0 of 0
L,Bruno Lopes,0,3 of 9,33%,5 of 12,0 of 0,---,0,0,0:00,1 of 4,1 of 2,1 of 3,2 of 7,1 of 2,0 of 0
W,Ketlen Vieira,0,28 of 64,43%,106 of 174,0 of 1,0%,0,0,10:06,25 of 60,3 of 3,0 of 1,15 of 47,5 of 6,8 of 11
L,Macy Chiasson,0,22 of 43,51%,52 of 77,0 of 4,0%,0,0,0:33,8 of 25,6 of 9,8 of 9,20 of 39,2 of 4,0 of 0
W,Zach Reese,0,50 of 108,46%,73 of 135,2 of 3,66%,0,0,1:19,21 of 72,20 of 23,9 of 13,43 of 98,7 of 10,0 of 0
L,Dusko Todorovic,0,35 of 65,53%,73 of 109,4 of 13,30%,1,1,5:30,22 of 50,8 of 10,5 of 5,22 of 50,6 of 6,7 of 9
L,Jafel Filho,0,14 of 30,46%,40 of 63,4 of 7,57%,1,0,6:20,7 of 20,7 of 9,0 of 1,6 of 20,6 of 8,2 of 2
W,Allan Nascimento,0,12 of 24,50%,30 of 58,1 of 6,16%,1,2,7:03,3 of 12,4 of 4,5 of 8,9 of 19,1 of 1,2 of 4
L,Kurt Holobaugh,0,0 of 1,0%,7 of 9,0 of 0,---,0,0,0:00,0 of 1,0 of 0,0 of 0,0 of 1,0 of 0,0 of 0
W,Jordan Leavitt,0,1 of 1,100%,2 of 3,3 of 4,75%,1,0,1:27,1 of 1,0 of 0,0 of 0,1 of 1,0 of 0,0 of 0
W,Bolaji Oki,0,136 of 303,44%,136 of 303,0 of 0,---,0,0,0:00,92 of 243,36 of 48,8 of 12,135 of 300,1 of 3,0 of 0
L,Michael Aswell Jr.,0,118 of 309,38%,118 of 309,0 of 0,---,0,0,0:00,92 of 270,19 of 29,7 of 10,117 of 305,1 of 4,0 of 0
L,Rayanne dos Santos,0,78 of 225,34%,79 of 227,1 of 6,16%,0,0,0:30,67 of 210,6 of 10,5 of 5,75 of 217,3 of 8,0 of 0
W,Alice Ardelean,0,154 of 352,43%,159 of 359,1 of 1,100%,0,1,0:32,115 of 300,28 of 39,11 of 13,150 of 344,4 of 7,0 of 1
L,Gilbert Burns,0,5 of 18,27%,5 of 18,1 of 2,50%,0,0,0:30,4 of 13,0 of 3,1 of 2,5 of 18,0 of 0,0 of 0
W,Michael Morales,2,33 of 56,58%,35 of 58,0 of 0,---,0,0,0:10,31 of 52,0 of 0,2 of 4,25 of 44,2 of 3,6 of 9
L,Sodiq Yusuff,0,36 of 86,41%,60 of 115,1 of 3,33%,0,0,2:02,9 of 44,9 of 19,18 of 23,35 of 84,1 of 2,0 of 0
W,Mairon Santos,0,40 of 83,48%,71 of 114,0 of 0,---,0,0,1:57,22 of 56,10 of 18,8 of 9,35 of 77,5 of 6,0 of 0
L,Dustin Stoltzfus,0,21 of 37,56%,41 of 62,2 of 5,40%,2,0,5:11,5 of 19,4 of 6,12 of 12,19 of 34,1 of 2,1 of 1
W,Nursulton Ruziboev,0,35 of 68,51%,53 of 94,1 of 2,50%,0,2,3:21,24 of 53,8 of 11,3 of 4,24 of 52,1 of 1,10 of 15
L,Julian Erosa,0,69 of 173,39%,85 of 202,3 of 10,30%,0,0,3:34,42 of 140,18 of 24,9 of 9,55 of 150,13 of 21,1 of 2
W,Melquizael Costa,0,102 of 204,50%,128 of 236,2 of 3,66%,1,0,0:23,67 of 160,16 of 22,19 of 22,99 of 196,3 of 7,0 of 1
W,Gabe Green,0,12 of 27,44%,36 of 57,0 of 0,---,1,0,2:12,4 of 16,3 of 4,5 of 7,10 of 25,1 of 1,1 of 1
L,Matheus Camilo,0,13 of 27,48%,33 of 48,2 of 3,66%,1,0,2:30,6 of 16,4 of 6,3 of 5,12 of 24,0 of 1,1 of 2
W,Jared Gordon,1,7 of 13,53%,21 of 36,1 of 1,100%,0,0,2:36,5 of 10,0 of 0,2 of 3,5 of 11,0 of 0,2 of 2
L,Thiago Moises,0,5 of 9,55%,11 of 16,0 of 0,---,0,0,0:00,3 of 6,0 of 1,2 of 2,5 of 9,0 of 0,0 of 0
W,Yadier del Valle,0,9 of 12,75%,28 of 34,1 of 1,100%,1,0,1:21,4 of 6,1 of 1,4 of 5,6 of 8,0 of 0,3 of 4
L,Connor Matthews,0,3 of 10,30%,3 of 10,0 of 0,---,0,0,0:00,0 of 5,0 of 1,3 of 4,3 of 10,0 of 0,0 of 0
W,Luana Santos,0,15 of 19,78%,50 of 57,2 of 2,100%,1,0,7:57,11 of 15,2 of 2,2 of 2,12 of 16,1 of 1,2 of 2
L,Tainara Lisboa,0,6 of 34,17%,7 of 35,0 of 1,0%,0,0,0:00,3 of 27,1 of 5,2 of 2,6 of 34,0 of 0,0 of 0
L,Elise Reed,0,11 of 21,52%,35 of 47,0 of 0,---,0,0,0:00,5 of 15,4 of 4,2 of 2,10 of 20,1 of 1,0 of 0
W,Denise Gomes,1,28 of 42,66%,69 of 86,3 of 3,100%,0,0,4:14,18 of 29,5 of 8,5 of 5,11 of 20,9 of 10,8 of 12
W,HyunSung Park,0,14 of 22,63%,17 of 27,1 of 1,100%,1,0,0:33,5 of 13,6 of 6,3 of 3,11 of 19,3 of 3,0 of 0
L,Carlos Hernandez,0,4 of 17,23%,4 of 17,0 of 0,---,0,0,0:00,2 of 15,0 of 0,2 of 2,4 of 17,0 of 0,0 of 0
W,Tecia Pennington,0,63 of 127,49%,78 of 149,0 of 2,0%,0,0,0:44,34 of 82,10 of 17,19 of 28,56 of 109,7 of 18,0 of 0
L,Luana Pinheiro,0,40 of 110,36%,46 of 118,5 of 10,50%,0,0,1:42,23 of 85,5 of 9,12 of 16,33 of 95,7 of 15,0 of 0
L,Belal Muhammad,0,132 of 318,41%,155 of 349,3 of 9,33%,0,0,3:21,119 of 297,11 of 18,2 of 3,116 of 295,14 of 21,2 of 2
W,Jack Della Maddalena,0,178 of 342,52%,200 of 364,0 of 3,0%,0,0,0:40,113 of 254,47 of 65,18 of 23,167 of 326,11 of 16,0 of 0
W,Valentina Shevchenko,1,72 of 149,48%,173 of 251,2 of 9,22%,0,0,1:52,48 of 118,7 of 12,17 of 19,62 of 126,7 of 18,3 of 5
L,Manon Fiorot,0,71 of 160,44%,150 of 239,1 of 12,8%,0,0,7:07,29 of 113,35 of 37,7 of 10,40 of 124,29 of 33,2 of 3
L,Jose Aldo,1,68 of 167,40%,71 of 170,0 of 1,0%,0,0,0:02,48 of 135,13 of 25,7 of 7,67 of 166,0 of 0,1 of 1
W,Aiemann Zahabi,0,99 of 199,49%,109 of 209,0 of 0,---,0,0,2:38,79 of 167,14 of 22,6 of 10,66 of 151,8 of 11,25 of 37
L,Alexa Grasso,0,45 of 139,32%,54 of 149,0 of 2,0%,0,0,0:40,28 of 101,5 of 15,12 of 23,43 of 136,2 of 3,0 of 0
W,Natalia Silva,0,65 of 164,39%,74 of 173,0 of 0,---,0,0,0:15,42 of 137,9 of 11,14 of 16,64 of 162,1 of 2,0 of 0
W,Benoit Saint Denis,0,54 of 70,77%,77 of 103,3 of 5,60%,2,0,5:32,36 of 51,11 of 12,7 of 7,24 of 33,22 of 24,8 of 13
L,Kyle Prepolec,0,12 of 27,44%,14 of 29,0 of 1,0%,0,0,0:07,11 of 26,1 of 1,0 of 0,10 of 24,2 of 3,0 of 0
W,Mike Malott,1,36 of 61,59%,36 of 61,0 of 0,---,0,0,0:05,21 of 42,5 of 9,10 of 10,28 of 51,2 of 3,6 of 7
L,Charles Radtke,0,10 of 33,30%,10 of 33,0 of 0,---,0,0,0:00,9 of 31,0 of 0,1 of 2,9 of 31,1 of 2,0 of 0
L,Jessica Andrade,0,4 of 8,50%,4 of 8,0 of 0,---,0,0,0:00,0 of 3,0 of 0,4 of 5,4 of 8,0 of 0,0 of 0
W,Jasmine Jasudavicius,0,11 of 18,61%,27 of 37,1 of 2,50%,1,0,1:12,9 of 16,1 of 1,1 of 1,8 of 15,0 of 0,3 of 3
W,Modestas Bukauskas,0,44 of 92,47%,52 of 100,0 of 0,---,0,0,1:26,37 of 85,3 of 3,4 of 4,42 of 90,2 of 2,0 of 0
L,Ion Cutelaba,0,58 of 130,44%,121 of 194,0 of 4,0%,0,0,2:21,18 of 74,16 of 19,24 of 37,47 of 117,11 of 13,0 of 0
W,Navajo Stirling,1,110 of 225,48%,124 of 243,3 of 5,60%,0,0,3:01,54 of 147,26 of 40,30 of 38,84 of 181,3 of 4,23 of 40
L,Ivan Erslan,0,36 of 100,36%,63 of 129,0 of 3,0%,0,0,1:41,28 of 90,7 of 9,1 of 1,36 of 100,0 of 0,0 of 0
W,Marc-Andre Barriault,1,14 of 24,58%,14 of 24,0 of 0,---,0,0,0:18,11 of 19,3 of 4,0 of 1,4 of 10,7 of 10,3 of 4
L,Bruno Silva,0,6 of 12,50%,6 of 12,0 of 1,0%,0,0,0:00,4 of 10,2 of 2,0 of 0,1 of 6,5 of 5,0 of 1
W,Daniel Santos,0,90 of 184,48%,119 of 213,6 of 18,33%,0,0,6:06,59 of 136,18 of 30,13 of 18,82 of 174,1 of 2,7 of 8
L,JeongYeong Lee,0,68 of 150,45%,107 of 190,0 of 0,---,0,0,0:00,40 of 112,16 of 24,12 of 14,65 of 145,3 of 4,0 of 1
L,Brad Katona,0,1 of 4,25%,1 of 4,0 of 0,---,0,0,0:00,1 of 3,0 of 0,0 of 1,1 of 4,0 of 0,0 of 0
W,Bekzat Almakhan,1,8 of 11,72%,8 of 11,0 of 0,---,0,0,0:02,7 of 10,1 of 1,0 of 0,6 of 9,0 of 0,2 of 2
W,Cory Sandhagen,0,54 of 87,62%,92 of 149,2 of 2,100%,0,1,5:07,33 of 65,2 of 2,19 of 20,24 of 43,0 of 0,30 of 44
L,Deiveson Figueiredo,0,6 of 9,66%,8 of 11,2 of 5,40%,0,1,0:31,4 of 6,0 of 0,2 of 3,4 of 7,2 of 2,0 of 0
W,Reinier de Ridder,1,22 of 32,68%,91 of 104,0 of 3,0%,0,0,2:09,9 of 18,13 of 14,0 of 0,7 of 15,15 of 17,0 of 0
L,Bo Nickal,0,8 of 21,38%,24 of 40,1 of 1,100%,0,0,2:24,2 of 13,4 of 5,2 of 3,3 of 14,5 of 7,0 of 0
L,Santiago Ponzinibbio,0,49 of 111,44%,50 of 115,1 of 8,12%,0,0,0:44,31 of 83,6 of 16,12 of 12,49 of 111,0 of 0,0 of 0
W,Daniel Rodriguez,1,66 of 166,39%,70 of 170,0 of 0,---,0,0,0:08,39 of 131,20 of 25,7 of 10,64 of 164,1 of 1,1 of 1
W,Montel Jackson,0,30 of 66,45%,67 of 106,2 of 8,25%,1,0,3:37,25 of 58,1 of 3,4 of 5,27 of 62,3 of 4,0 of 0
L,Daniel Marcos,0,17 of 32,53%,24 of 43,3 of 7,42%,0,0,5:45,5 of 18,5 of 7,7 of 7,13 of 27,3 of 4,1 of 1
L,Cameron Smotherman,0,58 of 134,43%,61 of 137,0 of 0,---,0,0,0:00,43 of 114,15 of 20,0 of 0,53 of 124,5 of 10,0 of 0
W,Serhiy Sidey,0,55 of 132,41%,66 of 149,5 of 12,41%,1,0,4:12,30 of 98,15 of 22,10 of 12,49 of 122,6 of 10,0 of 0
L,Jeremy Stephens,0,42 of 108,38%,54 of 126,0 of 0,---,0,0,0:11,19 of 79,7 of 11,16 of 18,41 of 105,1 of 3,0 of 0
W,Mason Jones,0,81 of 231,35%,104 of 261,8 of 12,66%,0,0,6:03,50 of 188,19 of 28,12 of 15,74 of 220,5 of 7,2 of 4
W,Yana Santos,0,66 of 117,56%,87 of 143,0 of 1,0%,0,0,0:46,37 of 87,15 of 16,14 of 14,47 of 96,19 of 21,0 of 0
L,Miesha Tate,0,40 of 115,34%,108 of 204,1 of 7,14%,0,0,5:05,25 of 88,8 of 17,7 of 10,29 of 100,8 of 10,3 of 5
L,Ryan Loder,0,13 of 25,52%,15 of 27,0 of 4,0%,0,0,0:13,6 of 15,7 of 10,0 of 0,6 of 17,7 of 8,0 of 0
W,Azamat Bekoev,2,23 of 46,50%,39 of 66,0 of 1,0%,0,0,1:04,21 of 42,2 of 4,0 of 0,17 of 31,5 of 11,1 of 4
L,Marina Rodriguez,0,4 of 17,23%,7 of 20,0 of 0,---,1,0,0:00,3 of 14,1 of 3,0 of 0,4 of 17,0 of 0,0 of 0
W,Gillian Robertson,0,16 of 41,39%,73 of 120,2 of 3,66%,0,0,5:21,12 of 32,2 of 6,2 of 3,6 of 20,0 of 0,10 of 21
L,Gaston Bolanos,0,5 of 20,25%,8 of 23,0 of 0,---,0,0,0:00,1 of 11,1 of 2,3 of 7,5 of 20,0 of 0,0 of 0
W,Quang Le,0,10 of 14,71%,33 of 38,4 of 7,57%,1,0,5:46,9 of 13,1 of 1,0 of 0,10 of 14,0 of 0,0 of 0
W,Thomas Petersen,0,28 of 51,54%,105 of 166,9 of 9,100%,1,0,13:49,28 of 51,0 of 0,0 of 0,1 of 5,1 of 1,26 of 45
L,Don'Tale Mayes,0,3 of 11,27%,13 of 23,0 of 0,---,0,0,0:00,1 of 8,2 of 3,0 of 0,3 of 11,0 of 0,0 of 0
W,Juliana Miller,0,22 of 55,40%,54 of 101,3 of 9,33%,0,0,8:10,11 of 41,8 of 11,3 of 3,16 of 46,1 of 3,5 of 6
L,Ivana Petrovic,0,25 of 53,47%,57 of 87,1 of 5,20%,0,0,2:47,8 of 33,9 of 12,8 of 8,25 of 53,0 of 0,0 of 0
W,Ian Machado Garry,0,126 of 242,52%,141 of 259,4 of 19,21%,0,0,3:09,86 of 185,17 of 28,23 of 29,120 of 231,2 of 6,4 of 5
L,Carlos Prates,0,63 of 129,48%,64 of 132,0 of 0,---,0,0,1:46,38 of 97,16 of 21,9 of 11,50 of 114,1 of 2,12 of 13
L,Anthony Smith,0,10 of 21,47%,11 of 22,0 of 1,0%,0,0,0:16,8 of 18,2 of 3,0 of 0,10 of 21,0 of 0,0 of 0
W,Zhang Mingyang,0,63 of 81,77%,76 of 97,0 of 0,---,0,0,1:28,42 of 58,6 of 8,15 of 15,35 of 46,3 of 4,25 of 31
L,Giga Chikadze,0,43 of 91,47%,71 of 127,0 of 0,---,0,0,0:00,23 of 66,8 of 11,12 of 14,40 of 88,2 of 2,1 of 1
W,David Onama,0,49 of 87,56%,72 of 127,3 of 3,100%,0,0,6:15,29 of 55,1 of 6,19 of 26,38 of 75,1 of 1,10 of 11
L,Michel Pereira,0,73 of 168,43%,74 of 169,0 of 0,---,0,0,0:24,27 of 90,27 of 50,19 of 28,72 of 166,1 of 2,0 of 0
W,Abus Magomedov,0,78 of 134,58%,83 of 140,1 of 4,25%,0,0,1:01,53 of 99,19 of 29,6 of 6,72 of 128,3 of 3,3 of 3
W,Randy Brown,1,54 of 114,47%,58 of 118,0 of 0,---,0,0,0:03,45 of 103,5 of 7,4 of 4,54 of 114,0 of 0,0 of 0
L,Nicolas Dalby,1,26 of 74,35%,40 of 90,0 of 0,---,0,0,1:22,12 of 52,1 of 3,13 of 19,25 of 72,0 of 0,1 of 2
W,Ikram Aliskerov,1,44 of 68,64%,55 of 80,0 of 0,---,0,0,0:32,26 of 46,10 of 13,8 of 9,25 of 44,1 of 1,18 of 23
L,Andre Muniz,0,16 of 36,44%,16 of 36,0 of 1,0%,0,0,0:00,6 of 23,6 of 9,4 of 4,16 of 36,0 of 0,0 of 0
W,Matt Schnell,0,35 of 61,57%,88 of 117,0 of 0,---,3,1,3:53,33 of 58,1 of 1,1 of 2,12 of 34,4 of 4,19 of 23
L,Jimmy Flick,0,12 of 20,60%,48 of 60,5 of 7,71%,1,1,8:28,8 of 13,0 of 2,4 of 5,8 of 16,2 of 2,2 of 2
W,Evan Elder,0,115 of 210,54%,115 of 210,0 of 3,0%,0,0,0:16,47 of 127,45 of 57,23 of 26,115 of 210,0 of 0,0 of 0
L,Gauge Young,0,81 of 183,44%,81 of 183,0 of 1,0%,0,0,0:02,33 of 107,33 of 56,15 of 20,81 of 183,0 of 0,0 of 0
W,Chris Gutierrez,1,46 of 85,54%,65 of 112,0 of 2,0%,0,0,0:39,20 of 50,5 of 9,21 of 26,44 of 81,0 of 1,2 of 3
L,John Castaneda,0,41 of 77,53%,76 of 118,1 of 1,100%,0,0,4:50,16 of 34,8 of 13,17 of 30,36 of 71,5 of 6,0 of 0
W,Da'Mon Blackshear,0,125 of 273,45%,127 of 275,0 of 0,---,0,0,0:00,75 of 200,37 of 50,13 of 23,123 of 270,2 of 3,0 of 0
L,Alatengheili,0,61 of 190,32%,61 of 191,0 of 1,0%,0,0,0:18,34 of 148,19 of 34,8 of 8,60 of 189,1 of 1,0 of 0
W,Malcolm Wellmaker,1,6 of 12,50%,6 of 12,0 of 0,---,0,0,0:01,1 of 6,4 of 4,1 of 2,6 of 11,0 of 0,0 of 1
L,Cameron Saaiman,0,9 of 18,50%,9 of 18,0 of 0,---,0,0,0:00,1 of 9,1 of 2,7 of 7,9 of 18,0 of 0,0 of 0
W,Jaqueline Amorim,0,6 of 8,75%,29 of 43,2 of 2,100%,1,0,6:34,5 of 5,0 of 1,1 of 2,1 of 3,0 of 0,5 of 5
L,Polyana Viana,0,0 of 6,0%,23 of 31,0 of 0,---,0,0,0:00,0 of 4,0 of 2,0 of 0,0 of 6,0 of 0,0 of 0
W,Timmy Cuamba,1,33 of 64,51%,35 of 66,1 of 4,25%,0,0,0:12,25 of 53,6 of 8,2 of 3,29 of 59,3 of 4,1 of 1
L,Roberto Romero,0,35 of 67,52%,45 of 79,0 of 3,0%,0,0,2:19,5 of 32,19 of 22,11 of 13,29 of 60,6 of 7,0 of 0
L,Chelsea Chandler,0,10 of 23,43%,11 of 24,0 of 0,---,0,0,0:00,6 of 17,2 of 4,2 of 2,9 of 21,1 of 2,0 of 0
W,Joselyne Edwards,0,30 of 42,71%,35 of 47,1 of 1,100%,0,0,0:49,14 of 23,3 of 5,13 of 14,27 of 39,1 of 1,2 of 2
W,Alexander Volkanovski,0,158 of 259,61%,165 of 266,1 of 11,9%,0,0,1:18,136 of 225,8 of 14,14 of 20,142 of 237,7 of 11,9 of 11
L,Diego Lopes,1,63 of 194,32%,71 of 203,0 of 0,---,0,0,0:05,49 of 171,7 of 13,7 of 10,59 of 185,3 of 8,1 of 1
L,Michael Chandler,0,11 of 28,39%,20 of 39,4 of 7,57%,0,0,2:44,6 of 18,3 of 7,2 of 3,10 of 24,0 of 0,1 of 4
W,Paddy Pimblett,0,80 of 143,55%,121 of 197,1 of 2,50%,0,1,4:41,61 of 119,4 of 5,15 of 19,43 of 96,4 of 5,33 of 42
W,Yair Rodriguez,1,70 of 122,57%,97 of 157,1 of 1,100%,0,0,1:43,38 of 82,18 of 23,14 of 17,43 of 89,2 of 2,25 of 31
L,Patricio Pitbull,0,17 of 50,34%,23 of 60,1 of 4,25%,1,0,1:03,8 of 38,2 of 4,7 of 8,17 of 50,0 of 0,0 of 0
L,Bryce Mitchell,0,36 of 64,56%,37 of 66,1 of 14,7%,0,0,1:43,7 of 25,8 of 18,21 of 21,35 of 61,1 of 3,0 of 0
W,Jean Silva,1,27 of 63,42%,29 of 65,0 of 0,---,3,0,0:19,11 of 44,13 of 15,3 of 4,23 of 56,3 of 5,1 of 2
L,Nikita Krylov,0,4 of 22,18%,4 of 22,0 of 0,---,0,0,0:00,3 of 16,1 of 6,0 of 0,4 of 22,0 of 0,0 of 0
W,Dominick Reyes,1,8 of 17,47%,8 of 17,0 of 0,---,0,0,0:02,5 of 14,1 of 1,2 of 2,6 of 15,0 of 0,2 of 2
W,Dan Ige,0,44 of 107,41%,53 of 116,0 of 2,0%,0,0,0:33,28 of 78,11 of 20,5 of 9,41 of 104,3 of 3,0 of 0
L,Sean Woodson,0,51 of 115,44%,57 of 121,0 of 1,0%,0,0,0:10,36 of 98,7 of 9,8 of 8,51 of 115,0 of 0,0 of 0
L,Yan Xiaonan,0,17 of 44,38%,64 of 103,0 of 0,---,0,1,0:27,13 of 34,3 of 7,1 of 3,12 of 38,0 of 0,5 of 6
W,Virna Jandiroba,0,11 of 20,55%,96 of 131,3 of 11,27%,3,1,9:59,11 of 20,0 of 0,0 of 0,8 of 16,0 of 1,3 of 3
L,Jim Miller,0,13 of 35,37%,22 of 45,1 of 1,100%,2,0,1:39,11 of 30,1 of 2,1 of 3,7 of 28,1 of 2,5 of 5
W,Chase Hooper,0,21 of 44,47%,59 of 94,8 of 14,57%,1,0,10:08,13 of 34,7 of 9,1 of 1,18 of 41,1 of 1,2 of 2
L,Darren Elkins,0,13 of 31,41%,18 of 45,1 of 7,14%,0,0,0:48,11 of 28,1 of 2,1 of 1,12 of 29,0 of 0,1 of 2
W,Julian Erosa,0,54 of 73,73%,69 of 92,0 of 0,---,0,0,0:48,52 of 71,0 of 0,2 of 2,22 of 39,11 of 12,21 of 22
L,Sedriques Dumas,0,3 of 26,11%,3 of 26,0 of 0,---,0,0,0:00,0 of 18,2 of 5,1 of 3,3 of 26,0 of 0,0 of 0
W,Michal Oleksiejczuk,1,34 of 57,59%,34 of 59,0 of 0,---,0,0,0:18,27 of 49,7 of 8,0 of 0,13 of 27,0 of 0,21 of 30
W,Sumudaerji,0,45 of 114,39%,78 of 150,0 of 0,---,0,0,0:00,25 of 84,5 of 8,15 of 22,39 of 104,6 of 10,0 of 0
L,Mitch Raposo,0,9 of 26,34%,13 of 30,6 of 19,31%,0,0,4:18,8 of 25,0 of 0,1 of 1,8 of 25,1 of 1,0 of 0
L,Tresean Gore,0,17 of 60,28%,17 of 60,0 of 0,---,0,0,0:06,10 of 47,3 of 5,4 of 8,17 of 60,0 of 0,0 of 0
W,Marco Tulio,2,127 of 175,72%,140 of 195,0 of 0,---,0,0,0:43,74 of 120,40 of 42,13 of 13,118 of 161,4 of 4,5 of 10
W,Nora Cornolle,0,8 of 12,66%,24 of 32,0 of 0,---,1,0,1:33,5 of 9,1 of 1,2 of 2,5 of 9,3 of 3,0 of 0
L,Hailey Cowan,0,3 of 7,42%,19 of 28,1 of 2,50%,0,0,4:24,2 of 6,1 of 1,0 of 0,2 of 6,0 of 0,1 of 1
L,Josh Emmett,0,41 of 143,28%,44 of 149,4 of 11,36%,0,0,3:39,29 of 124,6 of 11,6 of 8,40 of 133,1 of 7,0 of 3
W,Lerone Murphy,0,84 of 157,53%,117 of 195,0 of 0,---,0,0,0:06,37 of 90,17 of 30,30 of 37,75 of 148,9 of 9,0 of 0
W,Pat Sabatini,0,24 of 31,77%,135 of 158,4 of 5,80%,1,0,13:47,22 of 28,2 of 3,0 of 0,2 of 7,1 of 1,21 of 23
L,Joanderson Brito,0,3 of 9,33%,27 of 46,0 of 0,---,1,0,0:00,2 of 6,1 of 2,0 of 1,3 of 9,0 of 0,0 of 0
L,Cortavious Romious,0,11 of 24,45%,14 of 27,2 of 3,66%,0,1,2:08,7 of 19,1 of 2,3 of 3,11 of 24,0 of 0,0 of 0
W,ChangHo Lee,0,44 of 74,59%,116 of 179,2 of 4,50%,1,3,5:38,42 of 70,2 of 4,0 of 0,7 of 24,0 of 0,37 of 50
W,Brad Tavares,0,47 of 109,43%,56 of 118,0 of 0,---,0,0,0:01,29 of 85,12 of 18,6 of 6,45 of 105,2 of 4,0 of 0
L,Gerald Meerschaert,0,38 of 83,45%,51 of 97,0 of 8,0%,0,0,4:44,27 of 66,7 of 10,4 of 7,36 of 79,2 of 4,0 of 0
W,Ode Osbourne,1,18 of 43,41%,22 of 50,0 of 0,---,0,0,0:07,11 of 33,6 of 9,1 of 1,14 of 37,0 of 1,4 of 5
L,Luis Gurule,0,12 of 34,35%,26 of 49,1 of 4,25%,0,0,2:17,3 of 13,0 of 7,9 of 14,11 of 32,1 of 2,0 of 0
W,Torrez Finney,0,4 of 8,50%,17 of 35,8 of 17,47%,0,0,13:16,2 of 5,2 of 3,0 of 0,1 of 4,0 of 1,3 of 3
L,Robert Valentin,0,23 of 39,58%,93 of 126,0 of 0,---,0,1,0:16,18 of 32,4 of 6,1 of 1,5 of 19,12 of 14,6 of 6
L,Diana Belbita,0,20 of 69,28%,23 of 72,0 of 0,---,0,0,0:00,6 of 43,6 of 17,8 of 9,20 of 69,0 of 0,0 of 0
W,Dione Barbosa,0,27 of 50,54%,35 of 58,1 of 1,100%,1,0,0:58,23 of 46,2 of 2,2 of 2,25 of 48,2 of 2,0 of 0
W,Rhys McKee,3,43 of 111,38%,59 of 133,0 of 0,---,0,0,1:10,33 of 99,6 of 8,4 of 4,38 of 101,3 of 8,2 of 2
L,Daniel Frunza,0,43 of 117,36%,50 of 124,0 of 0,---,0,0,0:00,31 of 98,3 of 9,9 of 10,37 of 107,6 of 10,0 of 0
W,Loma Lookboonmee,0,32 of 76,42%,111 of 170,3 of 5,60%,0,0,4:34,12 of 41,13 of 25,7 of 10,28 of 70,4 of 4,0 of 2
L,Istela Nunes,0,36 of 62,58%,51 of 82,0 of 1,0%,0,0,3:15,7 of 26,11 of 13,18 of 23,33 of 58,3 of 3,0 of 1
W,Victor Henry,1,73 of 151,48%,139 of 227,2 of 3,66%,0,3,4:10,44 of 115,21 of 27,8 of 9,57 of 127,9 of 14,7 of 10
L,Pedro Falcao,0,57 of 117,48%,69 of 133,4 of 13,30%,0,0,2:58,34 of 91,11 of 13,12 of 13,55 of 114,2 of 3,0 of 0
W,Martin Buday,0,58 of 107,54%,142 of 211,0 of 1,0%,0,0,5:06,29 of 72,3 of 4,26 of 31,49 of 93,9 of 14,0 of 0
L,Uran Satybaldiev,0,36 of 141,25%,45 of 154,0 of 2,0%,0,0,0:20,19 of 120,6 of 6,11 of 15,32 of 137,4 of 4,0 of 0
L,Vanessa Demopoulos,0,10 of 34,29%,34 of 63,0 of 0,---,0,0,0:02,9 of 31,1 of 3,0 of 0,9 of 33,0 of 0,1 of 1
W,Talita Alencar,0,45 of 75,60%,107 of 150,4 of 5,80%,1,0,12:38,39 of 67,4 of 4,2 of 4,13 of 39,1 of 1,31 of 35
W,Brandon Moreno,0,89 of 176,50%,95 of 182,1 of 5,20%,0,0,1:25,59 of 138,18 of 25,12 of 13,87 of 174,2 of 2,0 of 0
L,Steve Erceg,0,116 of 279,41%,119 of 282,0 of 0,---,0,0,0:00,90 of 237,11 of 24,15 of 18,115 of 278,1 of 1,0 of 0
W,Manuel Torres,1,23 of 25,92%,23 of 25,0 of 0,---,0,0,0:10,21 of 23,2 of 2,0 of 0,7 of 9,0 of 0,16 of 16
L,Drew Dober,0,3 of 9,33%,3 of 9,0 of 0,---,0,0,0:00,2 of 5,0 of 3,1 of 1,3 of 9,0 of 0,0 of 0
W,Edgar Chairez,0,8 of 27,29%,8 of 27,0 of 0,---,1,0,0:16,8 of 25,0 of 0,0 of 2,7 of 25,1 of 1,0 of 1
L,CJ Vergara,0,6 of 13,46%,6 of 13,0 of 0,---,0,0,0:00,1 of 2,0 of 3,5 of 8,6 of 13,0 of 0,0 of 0
W,Raul Rosas Jr.,0,20 of 39,51%,26 of 46,4 of 8,50%,0,0,9:38,12 of 30,5 of 5,3 of 4,16 of 34,0 of 0,4 of 5
L,Vince Morales,0,17 of 31,54%,39 of 53,1 of 1,100%,2,0,2:14,15 of 28,2 of 3,0 of 0,16 of 30,0 of 0,1 of 1
W,David Martinez,1,27 of 41,65%,28 of 42,0 of 1,0%,0,0,0:42,21 of 34,1 of 2,5 of 5,14 of 25,5 of 5,8 of 11
L,Saimon Oliveira,0,7 of 24,29%,7 of 24,0 of 0,---,0,0,0:00,3 of 17,3 of 4,1 of 3,7 of 23,0 of 1,0 of 0
L,Ronaldo Rodriguez,0,64 of 151,42%,64 of 151,1 of 5,20%,0,0,0:57,31 of 110,11 of 16,22 of 25,63 of 149,1 of 2,0 of 0
W,Kevin Borjas,1,83 of 141,58%,84 of 142,0 of 0,---,0,0,0:02,72 of 129,6 of 7,5 of 5,78 of 135,3 of 4,2 of 2
L,Jose Daniel Medina,0,17 of 33,51%,17 of 33,0 of 0,---,0,0,0:00,6 of 21,6 of 7,5 of 5,17 of 33,0 of 0,0 of 0
W,Ateba Gautier,1,28 of 50,56%,28 of 50,0 of 0,---,0,0,0:00,24 of 43,3 of 6,1 of 1,26 of 48,2 of 2,0 of 0
L,Christian Rodriguez,0,64 of 98,65%,77 of 113,6 of 15,40%,1,1,6:48,36 of 69,23 of 24,5 of 5,29 of 53,26 of 31,9 of 14
W,Melquizael Costa,0,65 of 105,61%,159 of 208,1 of 2,50%,1,3,4:53,39 of 72,19 of 25,7 of 8,19 of 47,17 of 23,29 of 35
W,Loopy Godinez,0,84 of 150,56%,114 of 184,5 of 11,45%,0,0,7:30,71 of 135,9 of 11,4 of 4,75 of 141,7 of 7,2 of 2
L,Julia Polastri,0,87 of 151,57%,117 of 186,0 of 0,---,0,0,0:19,58 of 112,14 of 23,15 of 16,78 of 135,4 of 4,5 of 12
W,Rafa Garcia,0,64 of 120,53%,76 of 136,2 of 6,33%,0,0,2:15,49 of 102,12 of 14,3 of 4,59 of 114,4 of 5,1 of 1
L,Vinc Pichel,0,79 of 182,43%,88 of 191,0 of 3,0%,0,0,0:01,32 of 116,27 of 43,20 of 23,74 of 174,4 of 7,1 of 1
W,Jamall Emmers,2,33 of 54,61%,35 of 56,0 of 0,---,0,1,0:49,24 of 45,7 of 7,2 of 2,26 of 47,3 of 3,4 of 4
L,Gabriel Miranda,0,18 of 35,51%,20 of 37,2 of 4,50%,1,0,1:25,10 of 24,5 of 7,3 of 4,16 of 32,2 of 3,0 of 0
W,MarQuel Mederos,0,44 of 68,64%,57 of 81,0 of 1,0%,0,1,1:33,21 of 41,7 of 7,16 of 20,32 of 55,4 of 4,8 of 9
L,Austin Hubbard,0,26 of 65,40%,62 of 121,2 of 9,22%,1,0,7:34,16 of 51,6 of 9,4 of 5,22 of 60,3 of 3,1 of 2
L,Leon Edwards,0,23 of 35,65%,23 of 35,0 of 1,0%,0,0,0:15,10 of 21,11 of 12,2 of 2,11 of 23,12 of 12,0 of 0
W,Sean Brady,0,57 of 93,61%,221 of 295,5 of 7,71%,1,0,11:10,44 of 76,8 of 9,5 of 8,19 of 53,7 of 7,31 of 33
L,Jan Blachowicz,0,59 of 131,45%,59 of 131,0 of 1,0%,0,0,0:00,17 of 67,10 of 26,32 of 38,59 of 131,0 of 0,0 of 0
W,Carlos Ulberg,0,75 of 157,47%,75 of 157,0 of 1,0%,0,0,0:08,19 of 87,6 of 15,50 of 55,74 of 156,1 of 1,0 of 0
L,Gunnar Nelson,0,15 of 24,62%,30 of 44,3 of 10,30%,1,0,9:29,10 of 19,4 of 4,1 of 1,2 of 7,7 of 8,6 of 9
W,Kevin Holland,1,55 of 89,61%,138 of 178,0 of 1,0%,0,0,1:04,30 of 57,15 of 20,10 of 12,15 of 34,22 of 27,18 of 28
L,Molly McCann,0,9 of 21,42%,14 of 28,0 of 0,---,0,0,0:00,6 of 17,2 of 3,1 of 1,4 of 11,0 of 0,5 of 10
W,Alexia Thainara,0,11 of 21,52%,17 of 32,1 of 1,100%,2,0,3:24,7 of 13,1 of 2,3 of 6,6 of 14,0 of 0,5 of 7
L,Jordan Vucenic,0,16 of 26,61%,22 of 32,1 of 2,50%,0,0,0:12,13 of 21,1 of 1,2 of 4,12 of 22,2 of 2,2 of 2
W,Chris Duncan,1,15 of 40,37%,24 of 50,4 of 5,80%,1,0,5:37,9 of 31,5 of 5,1 of 4,8 of 30,1 of 2,6 of 8
W,Nathaniel Wood,1,72 of 119,60%,89 of 136,0 of 0,---,1,0,1:00,42 of 80,5 of 8,25 of 31,62 of 104,3 of 4,7 of 11
L,Morgan Charriere,0,42 of 94,44%,69 of 125,1 of 3,33%,0,1,3:24,21 of 64,13 of 18,8 of 12,37 of 87,3 of 3,2 of 4
L,Jai Herbert,0,38 of 122,31%,59 of 143,0 of 1,0%,0,0,0:01,19 of 92,10 of 19,9 of 11,37 of 120,1 of 2,0 of 0
W,Chris Padilla,0,39 of 98,39%,88 of 147,0 of 6,0%,0,0,3:41,20 of 60,6 of 9,13 of 29,35 of 94,4 of 4,0 of 0
W,Lone'er Kavanagh,0,58 of 97,59%,71 of 112,4 of 6,66%,0,0,6:33,37 of 71,11 of 15,10 of 11,29 of 56,3 of 6,26 of 35
L,Felipe dos Santos,0,51 of 104,49%,92 of 147,0 of 3,0%,1,0,0:56,28 of 67,9 of 21,14 of 16,28 of 77,4 of 4,19 of 23
W,Marcin Tybura,0,61 of 155,39%,64 of 158,1 of 2,50%,0,0,1:01,28 of 110,29 of 40,4 of 5,60 of 151,1 of 4,0 of 0
L,Mick Parkin,0,60 of 145,41%,102 of 192,1 of 1,100%,0,0,3:43,47 of 130,1 of 2,12 of 13,49 of 118,2 of 2,9 of 25
W,Christian Leroy Duncan,0,73 of 141,51%,116 of 187,0 of 2,0%,0,0,5:36,35 of 87,17 of 28,21 of 26,47 of 105,26 of 36,0 of 0
L,Andrey Pulyaev,0,18 of 55,32%,36 of 78,0 of 4,0%,0,0,1:49,8 of 43,7 of 8,3 of 4,14 of 48,4 of 7,0 of 0
W,Shauna Bannon,0,52 of 104,50%,64 of 117,0 of 0,---,2,0,0:59,16 of 37,24 of 46,12 of 21,49 of 99,3 of 5,0 of 0
L,Puja Tomar,1,36 of 72,50%,38 of 74,0 of 0,---,0,0,1:07,22 of 51,10 of 12,4 of 9,27 of 60,2 of 4,7 of 8
L,Nathan Fletcher,0,59 of 100,59%,114 of 158,1 of 7,14%,0,0,4:14,41 of 79,12 of 15,6 of 6,25 of 57,33 of 40,1 of 3
W,Caolan Loughran,0,30 of 84,35%,65 of 128,6 of 12,50%,0,0,5:58,22 of 67,7 of 13,1 of 4,24 of 75,6 of 9,0 of 0
L,Guram Kutateladze,0,29 of 71,40%,36 of 81,0 of 5,0%,0,0,0:05,16 of 51,10 of 15,3 of 5,23 of 64,6 of 7,0 of 0
W,Kaue Fernandes,2,79 of 149,53%,79 of 149,2 of 2,100%,0,0,1:43,40 of 103,16 of 19,23 of 27,62 of 127,5 of 5,12 of 17
L,Marvin Vettori,0,111 of 220,50%,112 of 221,0 of 0,---,0,0,0:00,72 of 173,8 of 11,31 of 36,110 of 218,1 of 2,0 of 0
W,Roman Dolidze,0,141 of 338,41%,141 of 340,0 of 1,0%,0,0,0:15,85 of 253,20 of 36,36 of 49,137 of 332,4 of 6,0 of 0
W,Chidi Njokuani,1,46 of 87,52%,46 of 88,0 of 0,---,0,0,0:10,17 of 38,16 of 32,13 of 17,36 of 71,2 of 3,8 of 13
L,Elizeu Zaleski dos Santos,0,17 of 49,34%,19 of 54,1 of 5,20%,0,0,1:14,5 of 28,2 of 5,10 of 16,13 of 44,4 of 5,0 of 0
W,Alexander Hernandez,0,59 of 149,39%,87 of 186,4 of 5,80%,0,0,6:39,36 of 117,10 of 15,13 of 17,45 of 129,2 of 3,12 of 17
L,Kurt Holobaugh,0,71 of 171,41%,106 of 215,0 of 0,---,1,0,0:32,39 of 122,21 of 35,11 of 14,63 of 160,8 of 11,0 of 0
W,Da'Mon Blackshear,0,13 of 39,33%,46 of 74,0 of 1,0%,3,1,3:32,11 of 35,2 of 4,0 of 0,11 of 37,2 of 2,0 of 0
L,Cody Gibson,0,45 of 71,63%,53 of 82,1 of 5,20%,0,0,2:42,23 of 47,12 of 14,10 of 10,31 of 53,14 of 18,0 of 0
L,Diyar Nurgozhay,0,17 of 39,43%,20 of 42,2 of 2,100%,0,0,0:49,5 of 21,7 of 13,5 of 5,16 of 36,1 of 3,0 of 0
W,Brendson Ribeiro,1,28 of 58,48%,29 of 60,0 of 1,0%,1,1,0:14,13 of 35,5 of 10,10 of 13,28 of 58,0 of 0,0 of 0
L,SeungWoo Choi,0,16 of 44,36%,16 of 44,0 of 0,---,0,0,0:00,4 of 20,1 of 8,11 of 16,16 of 44,0 of 0,0 of 0
W,Kevin Vallejos,1,14 of 27,51%,26 of 39,0 of 0,---,0,0,0:05,4 of 12,3 of 6,7 of 9,13 of 26,0 of 0,1 of 1
W,Waldo Cortes Acosta,1,66 of 111,59%,77 of 123,0 of 1,0%,0,0,0:57,56 of 97,4 of 6,6 of 8,59 of 100,1 of 2,6 of 9
L,Ryan Spann,0,23 of 86,26%,24 of 87,0 of 2,0%,0,0,0:05,11 of 70,5 of 9,7 of 7,22 of 85,1 of 1,0 of 0
W,SuYoung You,0,18 of 32,56%,77 of 96,5 of 10,50%,1,0,7:54,8 of 21,5 of 5,5 of 6,18 of 31,0 of 0,0 of 1
L,AJ Cunningham,0,16 of 52,30%,19 of 55,0 of 0,---,1,0,0:00,11 of 45,1 of 1,4 of 6,16 of 52,0 of 0,0 of 0
W,Carlos Vera,1,16 of 24,66%,18 of 26,0 of 2,0%,2,0,0:14,3 of 10,3 of 3,10 of 11,16 of 24,0 of 0,0 of 0
L,Josias Musasa,0,13 of 31,41%,13 of 31,0 of 1,0%,0,0,0:10,3 of 13,0 of 2,10 of 16,13 of 31,0 of 0,0 of 0
L,Stephanie Luciano,0,82 of 251,32%,101 of 273,1 of 2,50%,0,0,1:15,45 of 202,23 of 34,14 of 15,79 of 246,3 of 5,0 of 0
W,Sam Hughes,0,76 of 152,50%,146 of 233,3 of 8,37%,1,0,4:21,43 of 113,15 of 20,18 of 19,69 of 144,3 of 4,4 of 4
L,Daniel Barez,0,33 of 79,41%,34 of 80,1 of 5,20%,0,0,0:17,21 of 66,8 of 9,4 of 4,32 of 77,1 of 2,0 of 0
W,Andre Lima,0,108 of 159,67%,161 of 220,2 of 2,100%,1,0,4:50,59 of 99,23 of 27,26 of 33,90 of 140,16 of 17,2 of 2
L,Josiane Nunes,0,31 of 67,46%,31 of 67,0 of 1,0%,0,0,0:00,17 of 49,7 of 11,7 of 7,31 of 67,0 of 0,0 of 0
W,Priscila Cachoeira,1,37 of 76,48%,39 of 78,0 of 0,---,0,0,0:02,31 of 70,4 of 4,2 of 2,37 of 75,0 of 0,0 of 1
L,Yuneisy Duben,0,14 of 41,34%,14 of 41,0 of 0,---,0,0,0:00,8 of 32,0 of 0,6 of 9,14 of 41,0 of 0,0 of 0
W,Carli Judice,1,17 of 43,39%,19 of 45,0 of 0,---,0,0,0:02,12 of 34,5 of 9,0 of 0,15 of 40,0 of 0,2 of 3
L,Alex Pereira,0,76 of 137,55%,97 of 159,0 of 1,0%,0,0,0:00,11 of 57,17 of 25,48 of 55,69 of 130,7 of 7,0 of 0
W,Magomed Ankalaev,0,94 of 180,52%,127 of 224,0 of 12,0%,0,0,5:42,36 of 112,30 of 39,28 of 29,75 of 159,19 of 21,0 of 0
W,Justin Gaethje,1,72 of 134,53%,98 of 163,0 of 3,0%,0,0,1:32,56 of 117,9 of 9,7 of 8,41 of 92,26 of 34,5 of 8
L,Rafael Fiziev,0,68 of 119,57%,81 of 134,2 of 2,100%,0,0,0:40,20 of 61,43 of 52,5 of 6,49 of 100,14 of 14,5 of 5
L,Jalin Turner,0,7 of 20,35%,11 of 25,0 of 0,---,0,0,1:43,4 of 16,2 of 3,1 of 1,5 of 12,0 of 1,2 of 7
W,Ignacio Bahamondes,0,10 of 16,62%,17 of 23,0 of 1,0%,1,0,0:00,7 of 13,0 of 0,3 of 3,6 of 11,0 of 0,4 of 5
W,Amanda Lemos,0,12 of 21,57%,30 of 42,3 of 5,60%,0,0,7:58,8 of 16,2 of 3,2 of 2,7 of 14,1 of 1,4 of 6
L,Iasmin Lucindo,0,4 of 16,25%,40 of 56,1 of 1,100%,0,0,4:04,2 of 12,2 of 3,0 of 1,1 of 13,2 of 2,1 of 1
L,King Green,0,4 of 15,26%,4 of 15,0 of 0,---,0,0,0:00,1 of 7,1 of 3,2 of 5,4 of 15,0 of 0,0 of 0
W,Mauricio Ruffy,1,4 of 9,44%,4 of 9,0 of 0,---,0,0,0:03,4 of 7,0 of 0,0 of 2,4 of 9,0 of 0,0 of 0
W,Joshua Van,0,59 of 97,60%,127 of 169,0 of 0,---,0,0,0:50,39 of 74,19 of 22,1 of 1,53 of 90,5 of 5,1 of 2
L,Rei Tsuruya,0,32 of 84,38%,47 of 104,4 of 21,19%,0,0,3:49,28 of 78,2 of 4,2 of 2,32 of 83,0 of 1,0 of 0
W,Brunno Ferreira,0,27 of 56,48%,31 of 63,2 of 7,28%,1,0,1:12,14 of 40,9 of 10,4 of 6,25 of 53,2 of 3,0 of 0
L,Armen Petrosyan,0,46 of 83,55%,47 of 84,0 of 0,---,0,0,0:00,19 of 54,7 of 7,20 of 22,46 of 83,0 of 0,0 of 0
L,Alex Morono,0,40 of 95,42%,41 of 96,0 of 1,0%,0,0,0:20,32 of 82,4 of 9,4 of 4,35 of 87,5 of 8,0 of 0
W,Carlos Leal,0,79 of 120,65%,81 of 123,0 of 0,---,0,0,0:03,49 of 89,28 of 29,2 of 2,54 of 91,25 of 29,0 of 0
W,Mairon Santos,0,58 of 129,44%,78 of 154,0 of 1,0%,0,0,0:02,29 of 80,14 of 30,15 of 19,57 of 128,1 of 1,0 of 0
L,Francis Marshall,0,39 of 143,27%,64 of 179,3 of 5,60%,0,0,2:35,32 of 136,1 of 1,6 of 6,39 of 142,0 of 0,0 of 1
L,Djorden Santos,0,131 of 345,37%,134 of 348,1 of 3,33%,0,0,0:26,115 of 323,8 of 14,8 of 8,130 of 342,0 of 1,1 of 2
W,Ozzy Diaz,0,135 of 261,51%,136 of 262,0 of 0,---,0,0,0:00,119 of 240,9 of 13,7 of 8,130 of 255,5 of 6,0 of 0
W,Manel Kape,0,61 of 115,53%,62 of 119,0 of 1,0%,0,0,0:29,47 of 95,11 of 17,3 of 3,46 of 94,9 of 15,6 of 6
L,Asu Almabayev,0,40 of 80,50%,40 of 81,0 of 6,0%,0,0,0:00,19 of 55,13 of 17,8 of 8,38 of 77,2 of 3,0 of 0
W,Cody Brundage,1,44 of 79,55%,68 of 106,0 of 1,0%,0,0,0:48,39 of 71,1 of 2,4 of 6,34 of 65,5 of 8,5 of 6
L,Julian Marquez,0,37 of 73,50%,53 of 96,0 of 0,---,1,0,0:30,31 of 64,5 of 8,1 of 1,24 of 51,13 of 22,0 of 0
W,Nasrat Haqparast,0,135 of 273,49%,135 of 273,1 of 5,20%,0,0,0:49,103 of 233,26 of 34,6 of 6,134 of 272,1 of 1,0 of 0
L,Esteban Ribovics,0,147 of 433,33%,149 of 436,0 of 0,---,0,0,0:00,120 of 395,17 of 27,10 of 11,147 of 433,0 of 0,0 of 0
W,Hyder Amil,0,115 of 202,56%,164 of 262,1 of 6,16%,0,0,2:43,60 of 140,37 of 42,18 of 20,98 of 180,15 of 20,2 of 2
L,William Gomis,0,101 of 187,54%,116 of 205,0 of 3,0%,0,0,1:22,60 of 134,27 of 39,14 of 14,90 of 169,11 of 18,0 of 0
L,Danny Barlow,0,15 of 30,50%,15 of 30,0 of 0,---,0,0,0:00,10 of 23,2 of 3,3 of 4,15 of 30,0 of 0,0 of 0
W,Sam Patterson,1,18 of 34,52%,18 of 34,0 of 0,---,0,0,0:03,14 of 28,4 of 6,0 of 0,15 of 29,0 of 0,3 of 5
L,Austen Lane,1,32 of 63,50%,36 of 75,0 of 1,0%,0,0,0:53,17 of 42,13 of 17,2 of 4,31 of 58,1 of 5,0 of 0
W,Mario Pinto,1,13 of 23,56%,16 of 26,0 of 1,0%,0,0,0:18,8 of 18,2 of 2,3 of 3,12 of 20,1 of 2,0 of 1
L,Ricardo Ramos,0,37 of 91,40%,37 of 91,1 of 4,25%,0,0,0:28,17 of 63,14 of 18,6 of 10,32 of 84,5 of 7,0 of 0
W,Chepe Mariscal,0,85 of 162,52%,125 of 210,2 of 5,40%,0,0,2:35,59 of 122,9 of 14,17 of 26,64 of 132,14 of 19,7 of 11
W,Danny Silva,0,82 of 137,59%,85 of 141,1 of 3,33%,0,0,0:49,45 of 96,14 of 18,23 of 23,81 of 133,0 of 2,1 of 2
L,Lucas Almeida,0,74 of 240,30%,78 of 244,0 of 1,0%,0,0,0:17,49 of 203,14 of 23,11 of 14,73 of 239,1 of 1,0 of 0
L,Andrea Lee,0,53 of 175,30%,66 of 192,1 of 4,25%,1,0,0:46,13 of 109,25 of 44,15 of 22,52 of 174,1 of 1,0 of 0
W,JJ Aldrich,0,74 of 137,54%,77 of 142,2 of 3,66%,0,0,1:20,54 of 114,10 of 13,10 of 10,68 of 130,5 of 6,1 of 1
L,Charles Johnson,0,66 of 156,42%,87 of 183,0 of 3,0%,0,0,1:18,28 of 104,23 of 32,15 of 20,46 of 129,20 of 27,0 of 0
W,Ramazan Temirov,0,55 of 139,39%,59 of 146,1 of 2,50%,0,0,0:23,42 of 117,13 of 22,0 of 0,46 of 118,9 of 19,0 of 2
L,Henry Cejudo,0,67 of 133,50%,67 of 133,0 of 3,0%,0,0,0:00,40 of 100,12 of 18,15 of 15,67 of 132,0 of 1,0 of 0
W,Song Yadong,0,84 of 178,47%,84 of 178,0 of 1,0%,0,0,0:00,46 of 133,14 of 21,24 of 24,82 of 176,2 of 2,0 of 0
L,Brendan Allen,0,14 of 26,53%,53 of 71,0 of 1,0%,1,3,2:58,8 of 19,3 of 3,3 of 4,10 of 22,2 of 2,2 of 2
W,Anthony Hernandez,0,30 of 42,71%,72 of 91,4 of 8,50%,0,2,10:22,30 of 42,0 of 0,0 of 0,12 of 17,0 of 1,18 of 24
W,Rob Font,0,95 of 171,55%,113 of 191,0 of 0,---,1,0,1:18,82 of 157,13 of 14,0 of 0,85 of 157,10 of 14,0 of 0
L,Jean Matsumoto,0,77 of 181,42%,113 of 225,7 of 10,70%,0,0,6:15,43 of 135,9 of 13,25 of 33,69 of 169,8 of 12,0 of 0
W,Jean Silva,1,18 of 27,66%,18 of 27,0 of 0,---,0,0,0:06,11 of 19,7 of 8,0 of 0,11 of 20,0 of 0,7 of 7
L,Melsik Baghdasaryan,0,7 of 25,28%,7 of 25,0 of 0,---,0,0,0:00,5 of 20,0 of 3,2 of 2,7 of 25,0 of 0,0 of 0
W,Alonzo Menifield,0,87 of 147,59%,113 of 179,0 of 1,0%,0,0,0:43,64 of 120,19 of 22,4 of 5,78 of 132,9 of 15,0 of 0
L,Julius Walker,0,86 of 171,50%,114 of 200,1 of 9,11%,0,0,5:31,37 of 112,33 of 43,16 of 16,51 of 124,35 of 47,0 of 0
W,Ion Cutelaba,0,14 of 31,45%,17 of 39,2 of 4,50%,1,0,1:06,10 of 26,2 of 3,2 of 2,10 of 26,1 of 2,3 of 3
L,Ibo Aslan,0,15 of 30,50%,15 of 30,0 of 0,---,0,0,0:00,14 of 28,0 of 1,1 of 1,12 of 27,3 of 3,0 of 0
L,Andre Fili,0,7 of 24,29%,7 of 24,1 of 1,100%,0,0,0:24,4 of 20,3 of 4,0 of 0,7 of 24,0 of 0,0 of 0
W,Melquizael Costa,0,27 of 56,48%,27 of 56,0 of 1,0%,1,0,0:00,3 of 25,10 of 13,14 of 18,26 of 55,1 of 1,0 of 0
W,Mansur Abdul-Malik,0,29 of 54,53%,32 of 58,1 of 3,33%,0,0,0:35,28 of 53,1 of 1,0 of 0,6 of 20,12 of 19,11 of 15
L,Nick Klein,0,28 of 46,60%,50 of 70,1 of 9,11%,0,0,3:01,5 of 18,2 of 5,21 of 23,26 of 43,2 of 3,0 of 0
W,Ricky Simon,1,11 of 21,52%,18 of 29,1 of 3,33%,0,0,1:16,9 of 19,1 of 1,1 of 1,9 of 18,1 of 2,1 of 1
L,Javid Basharat,0,20 of 36,55%,21 of 38,0 of 0,---,0,0,0:01,12 of 27,7 of 7,1 of 2,20 of 36,0 of 0,0 of 0
L,Nikolay Veretennikov,0,5 of 19,26%,21 of 36,0 of 0,---,0,0,0:00,0 of 12,3 of 5,2 of 2,5 of 19,0 of 0,0 of 0
W,Austin Vanderford,0,39 of 52,75%,102 of 121,2 of 4,50%,1,0,7:21,37 of 50,1 of 1,1 of 1,3 of 8,0 of 0,36 of 44
W,Nursulton Ruziboev,2,20 of 42,47%,24 of 46,0 of 0,---,0,0,0:36,15 of 35,4 of 6,1 of 1,13 of 30,6 of 11,1 of 1
L,Eric McConico,0,5 of 13,38%,6 of 16,0 of 0,---,0,0,0:00,1 of 5,1 of 3,3 of 5,5 of 13,0 of 0,0 of 0
W,Modestas Bukauskas,1,16 of 41,39%,16 of 41,0 of 0,---,0,0,0:02,11 of 36,3 of 3,2 of 2,16 of 40,0 of 0,0 of 1
L,Rafael Cerqueira,0,9 of 22,40%,9 of 22,0 of 0,---,0,0,0:00,4 of 16,0 of 1,5 of 5,9 of 22,0 of 0,0 of 0
W,Jared Cannonier,2,98 of 201,48%,109 of 215,1 of 3,33%,0,0,2:09,59 of 157,20 of 23,19 of 21,69 of 161,20 of 25,9 of 15
L,Gregory Rodrigues,2,93 of 221,42%,95 of 225,0 of 3,0%,0,0,0:17,65 of 188,21 of 25,7 of 8,85 of 208,8 of 12,0 of 1
L,Calvin Kattar,0,38 of 134,28%,38 of 134,0 of 0,---,0,0,0:00,27 of 110,5 of 11,6 of 13,35 of 128,3 of 6,0 of 0
W,Youssef Zalal,0,74 of 133,55%,75 of 134,0 of 8,0%,0,0,0:00,53 of 104,5 of 9,16 of 20,74 of 133,0 of 0,0 of 0
W,Edmen Shahbazyan,1,7 of 15,46%,7 of 15,0 of 0,---,0,0,0:03,5 of 13,2 of 2,0 of 0,6 of 12,0 of 0,1 of 3
L,Dylan Budka,0,1 of 16,6%,1 of 16,0 of 0,---,0,0,0:00,1 of 12,0 of 4,0 of 0,1 of 16,0 of 0,0 of 0
L,Ismael Bonfim,0,26 of 42,61%,26 of 43,0 of 0,---,0,0,0:00,14 of 29,5 of 5,7 of 8,24 of 39,2 of 3,0 of 0
W,Nazim Sadykhov,0,13 of 46,28%,14 of 49,0 of 0,---,0,0,0:35,9 of 35,2 of 7,2 of 4,12 of 44,1 of 2,0 of 0
L,Rodolfo Vieira,0,58 of 99,58%,60 of 101,1 of 11,9%,0,0,1:50,31 of 66,6 of 8,21 of 25,53 of 93,5 of 6,0 of 0
W,Andre Petroski,0,55 of 111,49%,58 of 114,0 of 2,0%,0,0,0:05,26 of 72,7 of 13,22 of 26,54 of 109,0 of 0,1 of 2
L,Connor Matthews,0,6 of 23,26%,9 of 31,2 of 3,66%,0,0,0:47,6 of 20,0 of 3,0 of 0,6 of 23,0 of 0,0 of 0
W,Jose Delgado,1,21 of 40,52%,22 of 42,0 of 0,---,0,0,0:08,14 of 29,6 of 7,1 of 4,14 of 30,0 of 0,7 of 10
W,Angela Hill,0,86 of 158,54%,103 of 176,2 of 6,33%,0,0,4:31,40 of 96,40 of 55,6 of 7,63 of 131,16 of 19,7 of 8
L,Ketlen Souza,0,70 of 138,50%,77 of 146,0 of 2,0%,0,0,0:03,41 of 101,19 of 23,10 of 14,61 of 128,9 of 10,0 of 0
W,Rafael Estevam,0,11 of 30,36%,60 of 96,11 of 19,57%,0,0,9:22,6 of 20,5 of 10,0 of 0,9 of 28,1 of 1,1 of 1
L,Jesus Aguilar,0,35 of 87,40%,41 of 95,2 of 5,40%,2,0,1:14,26 of 75,4 of 5,5 of 7,31 of 76,3 of 10,1 of 1
W,Gabriel Bonfim,0,35 of 72,48%,35 of 72,4 of 5,80%,2,0,1:42,20 of 50,0 of 5,15 of 17,35 of 71,0 of 1,0 of 0
L,Khaos Williams,0,20 of 90,22%,23 of 94,0 of 0,---,0,0,0:23,8 of 54,2 of 13,10 of 23,20 of 90,0 of 0,0 of 0
L,Vince Morales,0,40 of 86,46%,42 of 90,2 of 4,50%,3,2,3:07,30 of 74,8 of 10,2 of 2,36 of 81,4 of 5,0 of 0
W,Elijah Smith,0,40 of 97,41%,52 of 110,3 of 4,75%,1,2,2:53,29 of 81,2 of 3,9 of 13,37 of 94,3 of 3,0 of 0
L,Don'Tale Mayes,0,1 of 2,50%,3 of 4,0 of 0,---,0,0,0:00,1 of 2,0 of 0,0 of 0,1 of 2,0 of 0,0 of 0
W,Valter Walker,0,1 of 3,33%,5 of 9,1 of 2,50%,1,0,0:58,0 of 2,0 of 0,1 of 1,1 of 3,0 of 0,0 of 0
L,Julia Avila,0,54 of 138,39%,57 of 145,1 of 2,50%,0,0,1:39,17 of 86,9 of 18,28 of 34,51 of 134,3 of 4,0 of 0
W,Jacqueline Cavalcanti,0,73 of 199,36%,75 of 201,0 of 1,0%,0,0,0:00,54 of 176,11 of 13,8 of 10,73 of 198,0 of 1,0 of 0
W,Dricus Du Plessis,0,147 of 314,46%,149 of 316,1 of 2,50%,0,0,0:05,50 of 193,45 of 59,52 of 62,147 of 314,0 of 0,0 of 0
L,Sean Strickland,0,128 of 263,48%,128 of 263,0 of 0,---,0,0,0:00,90 of 212,29 of 41,9 of 10,128 of 263,0 of 0,0 of 0
W,Zhang Weili,0,53 of 87,60%,232 of 299,1 of 3,33%,1,0,10:54,32 of 56,16 of 21,5 of 10,29 of 62,11 of 11,13 of 14
L,Tatiana Suarez,0,12 of 36,33%,63 of 95,1 of 15,6%,0,0,5:56,1 of 16,2 of 6,9 of 14,10 of 33,2 of 3,0 of 0
L,Justin Tafa,0,0 of 1,0%,0 of 1,0 of 0,---,0,0,0:00,0 of 1,0 of 0,0 of 0,0 of 1,0 of 0,0 of 0
W,Tallison Teixeira,1,8 of 9,88%,9 of 10,0 of 1,0%,0,0,0:11,5 of 6,3 of 3,0 of 0,1 of 2,3 of 3,4 of 4
D,Jimmy Crute,1,106 of 209,50%,139 of 247,0 of 3,0%,0,0,3:52,93 of 190,8 of 10,5 of 9,77 of 170,11 of 13,18 of 26
D,Rodolfo Bellato,0,89 of 141,63%,95 of 148,1 of 2,50%,0,0,0:29,36 of 76,24 of 29,29 of 36,85 of 136,4 of 5,0 of 0
W,Jake Matthews,0,68 of 184,36%,95 of 215,0 of 0,---,0,0,0:40,39 of 146,24 of 33,5 of 5,56 of 169,12 of 15,0 of 0
L,Francisco Prado,0,59 of 146,40%,64 of 152,1 of 6,16%,0,0,2:16,17 of 92,19 of 28,23 of 26,47 of 132,11 of 13,1 of 1
L,Jack Jenkins,1,34 of 48,70%,39 of 55,0 of 1,0%,0,0,2:20,22 of 35,5 of 6,7 of 7,13 of 22,5 of 6,16 of 20
W,Gabriel Santos,0,39 of 61,63%,96 of 123,4 of 7,57%,2,0,6:19,26 of 44,6 of 9,7 of 8,23 of 45,3 of 3,13 of 13
W,Tom Nolan,0,69 of 175,39%,111 of 236,1 of 8,12%,3,0,2:01,43 of 130,11 of 23,15 of 22,63 of 163,5 of 11,1 of 1
L,Viacheslav Borshchev,0,66 of 118,55%,92 of 163,0 of 0,---,1,0,3:11,20 of 67,26 of 31,20 of 20,61 of 106,1 of 4,4 of 8
W,Wang Cong,0,103 of 181,56%,104 of 182,2 of 2,100%,0,0,0:03,38 of 99,21 of 32,44 of 50,102 of 177,0 of 1,1 of 3
L,Bruna Brasil,0,31 of 64,48%,31 of 64,0 of 1,0%,0,0,0:00,11 of 30,12 of 19,8 of 15,30 of 63,1 of 1,0 of 0
L,Colby Thicknesse,0,38 of 127,29%,40 of 131,0 of 8,0%,0,0,0:00,18 of 91,12 of 27,8 of 9,35 of 122,3 of 5,0 of 0
W,Aleksandre Topuria,0,41 of 79,51%,65 of 110,1 of 2,50%,0,0,5:02,18 of 53,19 of 22,4 of 4,35 of 70,5 of 7,1 of 2
W,Rongzhu,1,125 of 241,51%,126 of 243,0 of 0,---,0,1,0:18,108 of 220,4 of 8,13 of 13,125 of 241,0 of 0,0 of 0
L,Kody Steele,0,59 of 209,28%,59 of 209,1 of 4,25%,0,0,0:06,47 of 194,10 of 11,2 of 4,58 of 205,1 of 4,0 of 0
W,Jonathan Micallef,1,85 of 192,44%,89 of 197,0 of 0,---,0,0,0:09,52 of 151,28 of 34,5 of 7,83 of 190,2 of 2,0 of 0
L,Kevin Jousset,0,67 of 168,39%,71 of 173,0 of 0,---,0,0,0:00,32 of 112,17 of 34,18 of 22,66 of 166,1 of 2,0 of 0
W,Quillan Salkilld,1,6 of 7,85%,6 of 7,0 of 0,---,0,0,0:01,2 of 3,1 of 1,3 of 3,5 of 6,0 of 0,1 of 1
L,Anshul Jubli,0,0 of 1,0%,0 of 1,0 of 0,---,0,0,0:00,0 of 1,0 of 0,0 of 0,0 of 1,0 of 0,0 of 0
L,Israel Adesanya,0,26 of 50,52%,32 of 56,0 of 1,0%,0,0,0:00,9 of 28,6 of 8,11 of 14,26 of 50,0 of 0,0 of 0
W,Nassourdine Imavov,1,15 of 31,48%,18 of 34,0 of 3,0%,0,0,0:44,9 of 21,0 of 3,6 of 7,10 of 25,0 of 0,5 of 6
L,Shara Magomedov,0,38 of 87,43%,50 of 102,0 of 0,---,0,0,0:40,8 of 42,17 of 20,13 of 25,34 of 82,4 of 5,0 of 0
W,Michael Page,0,43 of 75,57%,47 of 81,0 of 1,0%,0,0,0:50,23 of 53,11 of 12,9 of 10,38 of 69,5 of 6,0 of 0
W,Sergei Pavlovich,0,25 of 60,41%,145 of 208,2 of 2,100%,0,0,6:17,21 of 55,2 of 3,2 of 2,25 of 60,0 of 0,0 of 0
L,Jairzinho Rozenstruik,0,17 of 55,30%,23 of 63,0 of 0,---,0,0,0:00,7 of 43,3 of 3,7 of 9,17 of 55,0 of 0,0 of 0
L,Said Nurmagomedov,0,38 of 79,48%,69 of 111,1 of 9,11%,0,0,0:58,18 of 54,13 of 17,7 of 8,37 of 76,1 of 3,0 of 0
W,Vinicius Oliveira,0,43 of 94,45%,68 of 125,3 of 5,60%,1,0,7:12,24 of 63,11 of 18,8 of 13,31 of 74,2 of 5,10 of 15
W,Fares Ziam,0,35 of 56,62%,58 of 83,4 of 7,57%,0,2,7:11,29 of 50,5 of 5,1 of 1,20 of 33,5 of 6,10 of 17
L,Mike Davis,0,20 of 35,57%,30 of 49,1 of 8,12%,1,3,3:59,13 of 26,5 of 6,2 of 3,13 of 24,2 of 2,5 of 9
W,Muhammad Naimov,0,32 of 92,34%,79 of 176,2 of 2,100%,0,0,5:36,23 of 79,8 of 12,1 of 1,22 of 73,6 of 6,4 of 13
L,Kaan Ofli,0,31 of 66,46%,57 of 97,0 of 6,0%,0,0,3:35,5 of 30,16 of 21,10 of 15,14 of 44,17 of 22,0 of 0
W,Shamil Gaziev,1,14 of 32,43%,14 of 32,0 of 0,---,0,0,0:01,9 of 27,5 of 5,0 of 0,13 of 30,1 of 2,0 of 0
L,Thomas Petersen,0,19 of 34,55%,19 of 35,1 of 1,100%,0,0,0:08,4 of 18,7 of 8,8 of 8,18 of 31,1 of 3,0 of 0
W,Terrance McKinney,0,54 of 69,78%,69 of 90,0 of 0,---,1,1,1:00,53 of 67,1 of 2,0 of 0,8 of 18,0 of 0,46 of 51
L,Damir Hadzovic,0,4 of 13,30%,4 of 13,1 of 2,50%,0,0,0:08,3 of 9,0 of 3,1 of 1,4 of 13,0 of 0,0 of 0
W,Jasmine Jasudavicius,0,56 of 105,53%,164 of 229,3 of 5,60%,0,0,7:11,23 of 66,20 of 26,13 of 13,48 of 94,8 of 10,0 of 1
L,Mayra Bueno Silva,0,37 of 72,51%,41 of 76,0 of 0,---,1,0,0:00,23 of 53,8 of 12,6 of 7,30 of 64,7 of 8,0 of 0
W,Bogdan Grad,0,46 of 66,69%,59 of 86,3 of 8,37%,0,0,4:18,42 of 60,1 of 2,3 of 4,9 of 18,3 of 4,34 of 44
L,Lucas Alexander,0,34 of 52,65%,47 of 71,0 of 1,0%,0,1,2:13,19 of 37,7 of 7,8 of 8,29 of 45,3 of 4,2 of 3
W,Hamdy Abdelwahab,0,44 of 87,50%,52 of 103,1 of 1,100%,0,0,0:57,25 of 65,3 of 4,16 of 18,40 of 81,0 of 0,4 of 6
L,Jamal Pogues,0,69 of 123,56%,69 of 123,0 of 1,0%,0,0,0:00,43 of 94,0 of 0,26 of 29,68 of 122,1 of 1,0 of 0
W,Islam Makhachev,0,6 of 19,31%,18 of 31,1 of 2,50%,1,0,1:27,5 of 17,1 of 2,0 of 0,5 of 18,0 of 0,1 of 1
L,Renato Moicano,0,9 of 27,33%,18 of 37,0 of 0,---,0,0,0:00,2 of 18,3 of 5,4 of 4,9 of 27,0 of 0,0 of 0
W,Merab Dvalishvili,0,111 of 259,42%,142 of 293,7 of 30,23%,0,0,2:22,71 of 207,30 of 37,10 of 15,88 of 219,22 of 37,1 of 3
L,Umar Nurmagomedov,0,104 of 237,43%,113 of 246,2 of 15,13%,0,0,1:37,76 of 199,22 of 30,6 of 8,92 of 219,12 of 18,0 of 0
W,Jiri Prochazka,2,97 of 165,58%,101 of 170,0 of 0,---,0,0,0:22,73 of 132,19 of 23,5 of 10,71 of 129,10 of 13,16 of 23
L,Jamahal Hill,0,81 of 177,45%,84 of 180,0 of 0,---,0,0,0:00,55 of 145,24 of 29,2 of 3,68 of 158,13 of 19,0 of 0
W,Jailton Almeida,0,23 of 31,74%,36 of 49,1 of 1,100%,0,1,1:48,20 of 27,1 of 2,2 of 2,7 of 12,4 of 6,12 of 13
L,Serghei Spivac,0,15 of 28,53%,34 of 47,1 of 1,100%,0,1,2:08,14 of 27,1 of 1,0 of 0,2 of 7,0 of 0,13 of 21
L,Kevin Holland,0,11 of 13,84%,27 of 32,0 of 0,---,0,0,0:00,10 of 12,1 of 1,0 of 0,1 of 2,1 of 1,9 of 10
W,Reinier de Ridder,0,12 of 21,57%,26 of 35,2 of 2,100%,1,0,3:25,11 of 20,1 of 1,0 of 0,0 of 0,0 of 0,12 of 21
L,Payton Talbott,0,49 of 84,58%,59 of 95,1 of 1,100%,0,0,1:25,39 of 74,7 of 7,3 of 3,37 of 67,7 of 10,5 of 7
W,Raoni Barcelos,0,62 of 85,72%,91 of 115,8 of 15,53%,2,0,9:43,59 of 81,2 of 3,1 of 1,18 of 30,5 of 5,39 of 50
L,Zach Reese,0,13 of 24,54%,22 of 35,0 of 0,---,0,0,0:00,13 of 22,0 of 2,0 of 0,1 of 7,1 of 1,11 of 16
W,Azamat Bekoev,0,21 of 26,80%,52 of 59,1 of 2,50%,0,0,2:14,16 of 19,3 of 4,2 of 3,3 of 6,0 of 0,18 of 20
W,Bogdan Guskov,0,47 of 71,66%,59 of 85,0 of 0,---,2,1,1:24,39 of 63,5 of 5,3 of 3,19 of 34,11 of 11,17 of 26
L,Billy Elekana,0,20 of 28,71%,28 of 37,1 of 1,100%,0,0,3:40,18 of 25,2 of 3,0 of 0,13 of 21,0 of 0,7 of 7
W,Grant Dawson,0,56 of 98,57%,195 of 269,6 of 11,54%,0,0,10:50,51 of 91,3 of 5,2 of 2,19 of 47,7 of 8,30 of 43
L,Diego Ferreira,0,41 of 61,67%,84 of 113,0 of 0,---,0,0,0:20,31 of 48,6 of 9,4 of 4,31 of 51,6 of 6,4 of 4
L,Karol Rosa,0,53 of 112,47%,120 of 182,0 of 0,---,0,0,0:00,20 of 67,6 of 11,27 of 34,49 of 105,2 of 5,2 of 2
W,Ailin Perez,0,62 of 131,47%,81 of 155,2 of 8,25%,0,0,4:15,28 of 87,11 of 17,23 of 27,56 of 121,2 of 3,4 of 7
L,Rinya Nakamura,0,31 of 73,42%,39 of 82,0 of 1,0%,1,0,1:41,10 of 44,8 of 9,13 of 20,28 of 70,3 of 3,0 of 0
W,Muin Gafurov,1,37 of 90,41%,73 of 130,0 of 1,0%,0,0,2:37,20 of 65,9 of 12,8 of 13,32 of 76,4 of 7,1 of 7
L,Ricky Turcios,0,78 of 144,54%,113 of 187,1 of 9,11%,0,0,1:56,30 of 86,24 of 32,24 of 26,60 of 120,18 of 22,0 of 2
W,Benardo Sopaj,1,81 of 139,58%,97 of 155,2 of 3,66%,0,0,2:30,64 of 117,8 of 11,9 of 11,48 of 99,16 of 20,17 of 20
W,Tagir Ulanbekov,0,42 of 75,56%,100 of 138,3 of 6,50%,0,0,6:49,35 of 68,5 of 5,2 of 2,27 of 55,2 of 2,13 of 18
L,Clayton Carpenter,0,42 of 69,60%,86 of 117,1 of 4,25%,0,0,3:01,20 of 40,9 of 14,13 of 15,25 of 50,5 of 6,12 of 13
W,Mackenzie Dern,0,27 of 46,58%,82 of 107,1 of 3,33%,1,2,4:34,13 of 27,3 of 8,11 of 11,18 of 34,1 of 3,8 of 9
L,Amanda Ribas,0,17 of 56,30%,99 of 151,2 of 2,100%,0,0,5:47,10 of 44,1 of 4,6 of 8,14 of 51,0 of 0,3 of 5
W,Santiago Ponzinibbio,1,76 of 175,43%,76 of 175,0 of 0,---,0,0,0:38,57 of 151,8 of 11,11 of 13,72 of 165,0 of 0,4 of 10
L,Carlston Harris,1,73 of 196,37%,78 of 211,0 of 5,0%,0,0,0:17,40 of 142,19 of 39,14 of 15,73 of 195,0 of 0,0 of 1
W,Cesar Almeida,1,20 of 29,68%,21 of 30,0 of 0,---,0,0,0:03,3 of 9,9 of 11,8 of 9,16 of 25,4 of 4,0 of 0
L,Abdul Razak Alhassan,1,17 of 33,51%,19 of 35,0 of 2,0%,0,0,1:31,13 of 29,4 of 4,0 of 0,9 of 21,4 of 5,4 of 7
L,Chris Curtis,0,142 of 261,54%,146 of 265,0 of 0,---,0,0,0:00,107 of 204,30 of 52,5 of 5,142 of 261,0 of 0,0 of 0
W,Roman Kopylov,1,130 of 307,42%,133 of 310,1 of 6,16%,0,0,0:49,91 of 266,14 of 16,25 of 25,124 of 300,4 of 5,2 of 2
W,Christian Rodriguez,0,44 of 82,53%,55 of 93,2 of 4,50%,2,2,3:20,32 of 68,12 of 14,0 of 0,32 of 66,8 of 12,4 of 4
L,Austin Bashi,0,23 of 50,46%,32 of 60,3 of 18,16%,0,0,5:41,12 of 34,9 of 11,2 of 5,17 of 43,5 of 6,1 of 1
W,Punahele Soriano,1,13 of 17,76%,13 of 17,0 of 0,---,0,0,0:04,12 of 16,0 of 0,1 of 1,5 of 8,0 of 0,8 of 9
L,Uros Medic,0,2 of 3,66%,2 of 3,0 of 0,---,0,0,0:00,1 of 2,1 of 1,0 of 0,2 of 3,0 of 0,0 of 0
L,Jose Johnson,0,8 of 14,57%,8 of 15,0 of 0,---,0,0,0:48,3 of 8,3 of 4,2 of 2,7 of 11,0 of 2,1 of 1
W,Felipe Bunes,0,2 of 7,28%,5 of 10,0 of 2,0%,2,0,0:11,2 of 7,0 of 0,0 of 0,2 of 7,0 of 0,0 of 0
W,Marco Tulio,1,29 of 54,53%,34 of 62,0 of 0,---,0,0,0:26,20 of 41,5 of 7,4 of 6,17 of 37,1 of 1,11 of 16
L,Ihor Potieria,0,6 of 15,40%,6 of 15,0 of 0,---,0,0,0:00,2 of 8,1 of 2,3 of 5,6 of 15,0 of 0,0 of 0
W,Thiago Moises,0,55 of 94,58%,75 of 124,0 of 0,---,0,1,7:30,36 of 65,2 of 4,17 of 25,22 of 51,0 of 0,33 of 43
L,Trey Ogden,0,59 of 95,62%,117 of 168,1 of 1,100%,0,0,0:11,24 of 57,7 of 9,28 of 29,58 of 94,0 of 0,1 of 1
L,Preston Parsons,0,7 of 14,50%,8 of 15,0 of 0,---,0,0,0:00,6 of 12,1 of 1,0 of 1,6 of 13,1 of 1,0 of 0
W,Jacobe Smith,1,12 of 23,52%,12 of 23,0 of 0,---,0,0,0:13,8 of 17,2 of 3,2 of 3,11 of 21,0 of 0,1 of 2
W,Ernesta Kareckaite,0,95 of 226,42%,126 of 266,0 of 0,---,0,0,1:33,77 of 199,18 of 26,0 of 1,87 of 213,8 of 13,0 of 0
L,Nicolle Caliari,0,67 of 166,40%,86 of 194,3 of 14,21%,0,0,3:34,36 of 120,22 of 35,9 of 11,63 of 156,3 of 5,1 of 5
L,Magomed Gadzhiyasulov,0,31 of 67,46%,68 of 106,0 of 3,0%,0,0,0:14,9 of 40,10 of 13,12 of 14,24 of 54,7 of 13,0 of 0
W,Bruno Lopes,0,33 of 70,47%,73 of 126,5 of 14,35%,0,0,9:19,21 of 48,10 of 13,2 of 9,8 of 39,22 of 26,3 of 5
W,Fatima Kline,0,15 of 32,46%,42 of 72,2 of 2,100%,0,3,6:05,13 of 30,1 of 1,1 of 1,2 of 7,2 of 2,11 of 23
L,Viktoriia Dudakova,0,1 of 3,33%,4 of 6,2 of 6,33%,0,1,2:37,0 of 2,0 of 0,1 of 1,1 of 3,0 of 0,0 of 0
W,Nurullo Aliev,0,35 of 88,39%,81 of 150,2 of 2,100%,0,0,8:13,29 of 81,5 of 6,1 of 1,26 of 65,1 of 2,8 of 21
L,Joe Solecki,0,28 of 68,41%,52 of 98,1 of 1,100%,1,0,0:36,24 of 60,1 of 4,3 of 4,26 of 65,0 of 0,2 of 3
L,Colby Covington,0,37 of 124,29%,71 of 161,1 of 8,12%,0,0,3:40,26 of 108,8 of 11,3 of 5,33 of 120,0 of 0,4 of 4
W,Joaquin Buckley,0,75 of 151,49%,81 of 160,0 of 1,0%,1,0,1:18,59 of 131,13 of 17,3 of 3,65 of 135,6 of 8,4 of 8
W,Cub Swanson,1,99 of 158,62%,114 of 173,0 of 0,---,0,0,0:10,74 of 127,13 of 18,12 of 13,95 of 154,4 of 4,0 of 0
L,Billy Quarantillo,0,97 of 237,40%,108 of 249,3 of 11,27%,0,0,2:07,65 of 188,20 of 32,12 of 17,91 of 222,6 of 15,0 of 0
W,Manel Kape,1,111 of 168,66%,111 of 168,0 of 0,---,0,0,0:01,71 of 127,18 of 19,22 of 22,109 of 165,2 of 2,0 of 1
L,Bruno Silva,0,57 of 112,50%,60 of 115,0 of 5,0%,0,0,0:00,27 of 74,21 of 29,9 of 9,55 of 110,2 of 2,0 of 0
L,Vitor Petrino,0,40 of 96,41%,40 of 96,0 of 4,0%,0,0,0:40,27 of 79,6 of 7,7 of 10,40 of 96,0 of 0,0 of 0
W,Dustin Jacoby,1,45 of 96,46%,47 of 100,0 of 0,---,0,0,0:20,23 of 69,7 of 9,15 of 18,39 of 87,5 of 8,1 of 1
L,Adrian Yanez,0,79 of 183,43%,85 of 189,0 of 1,0%,0,0,1:15,57 of 156,8 of 10,14 of 17,79 of 182,0 of 1,0 of 0
W,Daniel Marcos,0,86 of 147,58%,95 of 156,2 of 4,50%,0,0,3:23,60 of 111,9 of 16,17 of 20,81 of 142,3 of 3,2 of 2
W,Navajo Stirling,0,78 of 155,50%,99 of 181,0 of 0,---,0,0,0:54,33 of 94,37 of 50,8 of 11,70 of 142,8 of 13,0 of 0
L,Tuco Tokkos,0,32 of 90,35%,34 of 93,3 of 9,33%,0,0,3:36,18 of 70,5 of 5,9 of 15,28 of 80,4 of 10,0 of 0
W,Michael Johnson,1,19 of 50,38%,19 of 50,0 of 1,0%,0,0,0:12,13 of 37,3 of 8,3 of 5,16 of 46,1 of 1,2 of 3
L,Ottman Azaitar,0,16 of 56,28%,20 of 61,0 of 0,---,0,0,0:00,8 of 39,7 of 12,1 of 5,15 of 55,1 of 1,0 of 0
W,Joel Alvarez,0,20 of 24,83%,39 of 44,0 of 0,---,0,0,0:04,15 of 19,4 of 4,1 of 1,12 of 16,8 of 8,0 of 0
L,Drakkar Klose,0,7 of 13,53%,16 of 23,1 of 1,100%,0,0,1:08,1 of 6,2 of 3,4 of 4,7 of 12,0 of 1,0 of 0
W,Sean Woodson,1,38 of 71,53%,38 of 71,0 of 0,---,0,0,1:03,35 of 64,0 of 3,3 of 4,36 of 69,0 of 0,2 of 2
L,Fernando Padilla,0,22 of 69,31%,24 of 72,0 of 0,---,0,0,0:09,14 of 59,4 of 6,4 of 4,17 of 61,5 of 8,0 of 0
L,Miles Johns,0,31 of 137,22%,35 of 143,0 of 1,0%,0,1,1:35,21 of 122,5 of 7,5 of 8,31 of 135,0 of 2,0 of 0
W,Felipe Lima,0,55 of 134,41%,60 of 140,2 of 5,40%,1,0,2:55,43 of 112,7 of 10,5 of 12,52 of 126,3 of 5,0 of 3
W,Miranda Maverick,0,24 of 68,35%,61 of 117,2 of 9,22%,0,0,6:50,12 of 50,5 of 6,7 of 12,23 of 65,1 of 2,0 of 1
L,Jamey-Lyn Horth,0,15 of 55,27%,63 of 111,1 of 3,33%,1,1,3:18,11 of 45,3 of 8,1 of 2,14 of 54,1 of 1,0 of 0
W,Davey Grant,0,147 of 290,50%,147 of 290,0 of 1,0%,0,0,0:00,50 of 158,42 of 67,55 of 65,147 of 290,0 of 0,0 of 0
L,Ramon Taveras,0,69 of 156,44%,69 of 156,0 of 0,---,0,0,0:00,63 of 149,5 of 6,1 of 1,67 of 152,2 of 3,0 of 1
L,Josefine Knutsson,0,26 of 55,47%,67 of 100,0 of 0,---,0,0,1:17,16 of 43,8 of 9,2 of 3,12 of 30,14 of 25,0 of 0
W,Piera Rodriguez,0,36 of 64,56%,85 of 137,8 of 10,80%,0,0,10:24,26 of 51,8 of 10,2 of 3,12 of 26,11 of 16,13 of 22
W,Alexandre Pantoja,0,32 of 52,61%,33 of 53,3 of 7,42%,1,0,2:46,15 of 33,5 of 5,12 of 14,30 of 50,2 of 2,0 of 0
L,Kai Asakura,0,17 of 29,58%,30 of 44,0 of 0,---,0,0,0:24,10 of 20,5 of 6,2 of 3,17 of 28,0 of 1,0 of 0
W,Shavkat Rakhmonov,0,37 of 67,55%,65 of 102,2 of 10,20%,0,1,11:41,29 of 55,6 of 10,2 of 2,24 of 50,3 of 4,10 of 13
L,Ian Machado Garry,0,42 of 84,50%,102 of 157,1 of 2,50%,2,0,2:32,11 of 40,10 of 15,21 of 29,35 of 72,7 of 12,0 of 0
W,Ciryl Gane,0,43 of 61,70%,48 of 66,2 of 4,50%,2,0,3:40,14 of 30,10 of 11,19 of 20,40 of 57,0 of 1,3 of 3
L,Alexander Volkov,0,39 of 71,54%,105 of 140,3 of 4,75%,1,0,4:32,19 of 46,18 of 20,2 of 5,36 of 67,3 of 4,0 of 0
W,Bryce Mitchell,0,26 of 36,72%,147 of 177,2 of 2,100%,0,0,8:33,14 of 23,9 of 10,3 of 3,17 of 26,5 of 5,4 of 5
L,Kron Gracie,0,6 of 31,19%,90 of 118,0 of 0,---,1,0,0:02,4 of 25,1 of 3,1 of 3,5 of 30,1 of 1,0 of 0
L,Nate Landwehr,0,25 of 67,37%,32 of 77,0 of 0,---,0,0,0:42,13 of 47,9 of 15,3 of 5,15 of 55,10 of 12,0 of 0
W,Dooho Choi,0,78 of 116,67%,114 of 157,4 of 5,80%,0,0,7:13,61 of 98,9 of 9,8 of 9,62 of 99,4 of 4,12 of 13
W,Dominick Reyes,0,121 of 162,74%,172 of 232,0 of 0,---,0,0,3:51,110 of 149,8 of 10,3 of 3,48 of 75,17 of 22,56 of 65
L,Anthony Smith,0,21 of 46,45%,24 of 49,0 of 4,0%,0,0,0:01,14 of 36,5 of 7,2 of 3,19 of 43,2 of 3,0 of 0
W,Vicente Luque,0,2 of 6,33%,2 of 6,0 of 0,---,1,0,0:14,1 of 4,0 of 0,1 of 2,2 of 6,0 of 0,0 of 0
L,Themba Gorimbo,0,5 of 9,55%,5 of 9,0 of 0,---,0,0,0:00,1 of 5,1 of 1,3 of 3,5 of 9,0 of 0,0 of 0
W,Movsar Evloev,0,8 of 26,30%,136 of 165,4 of 5,80%,0,1,6:09,6 of 23,1 of 1,1 of 2,6 of 22,0 of 1,2 of 3
L,Aljamain Sterling,0,12 of 26,46%,45 of 67,6 of 8,75%,0,2,6:16,7 of 16,5 of 8,0 of 2,9 of 23,2 of 2,1 of 1
L,Randy Brown,0,60 of 111,54%,80 of 135,2 of 5,40%,0,0,1:46,32 of 79,22 of 26,6 of 6,49 of 96,11 of 15,0 of 0
W,Bryan Battle,0,57 of 110,51%,109 of 175,0 of 6,0%,0,0,7:25,20 of 64,31 of 38,6 of 8,27 of 76,30 of 34,0 of 0
L,Chris Weidman,1,16 of 36,44%,27 of 50,0 of 1,0%,1,0,2:15,11 of 30,5 of 6,0 of 0,12 of 23,0 of 2,4 of 11
W,Eryk Anders,0,62 of 102,60%,121 of 193,0 of 6,0%,0,0,4:24,56 of 96,6 of 6,0 of 0,7 of 25,7 of 12,48 of 65
L,Cody Durden,0,70 of 217,32%,74 of 223,2 of 8,25%,0,0,3:14,60 of 203,6 of 8,4 of 6,70 of 217,0 of 0,0 of 0
W,Joshua Van,0,165 of 304,54%,184 of 323,0 of 0,---,0,0,0:20,131 of 262,22 of 27,12 of 15,144 of 279,19 of 22,2 of 3
W,Michael Chiesa,0,13 of 39,33%,54 of 87,2 of 8,25%,1,0,3:48,11 of 33,2 of 6,0 of 0,9 of 29,4 of 10,0 of 0
L,Max Griffin,0,10 of 34,29%,18 of 43,0 of 1,0%,0,0,1:19,9 of 33,1 of 1,0 of 0,10 of 30,0 of 4,0 of 0
L,Clay Guida,0,5 of 13,38%,6 of 15,0 of 1,0%,0,0,0:00,3 of 9,2 of 4,0 of 0,2 of 10,3 of 3,0 of 0
W,Chase Hooper,0,7 of 15,46%,14 of 28,3 of 6,50%,1,0,2:08,5 of 10,2 of 5,0 of 0,5 of 12,1 of 2,1 of 1
W,Kennedy Nzechukwu,1,29 of 70,41%,29 of 70,0 of 0,---,0,0,0:04,19 of 55,10 of 13,0 of 2,26 of 67,0 of 0,3 of 3
L,Lukasz Brzeski,0,32 of 69,46%,32 of 69,0 of 2,0%,0,0,0:00,16 of 50,6 of 9,10 of 10,32 of 69,0 of 0,0 of 0
W,Petr Yan,0,121 of 193,62%,190 of 263,1 of 4,25%,0,1,3:21,78 of 142,18 of 21,25 of 30,103 of 172,13 of 15,5 of 6
L,Deiveson Figueiredo,0,53 of 119,44%,53 of 119,2 of 8,25%,0,0,3:00,23 of 75,24 of 36,6 of 8,49 of 112,4 of 7,0 of 0
W,Yan Xiaonan,0,78 of 161,48%,89 of 172,0 of 0,---,0,0,0:00,45 of 118,25 of 34,8 of 9,77 of 159,1 of 2,0 of 0
L,Tabatha Ricci,0,15 of 103,14%,17 of 106,1 of 3,33%,0,0,0:16,8 of 85,1 of 4,6 of 14,15 of 101,0 of 2,0 of 0
L,Song Kenan,0,9 of 21,42%,11 of 23,0 of 1,0%,0,0,0:19,4 of 15,1 of 2,4 of 4,8 of 20,1 of 1,0 of 0
W,Muslim Salikhov,1,20 of 28,71%,20 of 28,0 of 1,0%,0,0,0:02,7 of 14,3 of 4,10 of 10,19 of 27,0 of 0,1 of 1
L,Wang Cong,0,46 of 111,41%,48 of 113,0 of 1,0%,0,0,0:00,15 of 66,21 of 32,10 of 13,46 of 111,0 of 0,0 of 0
W,Gabriella Fernandes,1,18 of 59,30%,19 of 61,0 of 2,0%,1,0,0:28,13 of 50,2 of 3,3 of 6,18 of 58,0 of 0,0 of 1
L,Volkan Oezdemir,0,96 of 183,52%,96 of 183,0 of 2,0%,0,0,0:03,51 of 131,17 of 24,28 of 28,95 of 182,1 of 1,0 of 0
W,Carlos Ulberg,0,98 of 204,48%,98 of 204,0 of 0,---,0,0,0:00,81 of 182,9 of 13,8 of 9,98 of 204,0 of 0,0 of 0
W,Zhang Mingyang,1,17 of 34,50%,19 of 38,0 of 0,---,0,0,0:05,9 of 24,2 of 4,6 of 6,15 of 26,0 of 0,2 of 8
L,Ozzy Diaz,0,9 of 12,75%,9 of 12,0 of 0,---,0,0,0:00,4 of 7,5 of 5,0 of 0,9 of 12,0 of 0,0 of 0
L,Baergeng Jieleyisi,0,9 of 72,12%,48 of 114,1 of 1,100%,0,0,0:17,4 of 63,4 of 8,1 of 1,9 of 72,0 of 0,0 of 0
W,SuYoung You,0,42 of 87,48%,85 of 131,2 of 5,40%,0,0,4:46,28 of 71,4 of 6,10 of 10,36 of 77,3 of 4,3 of 6
L,Kiru Sahota,0,2 of 23,8%,5 of 26,0 of 0,---,0,0,0:00,0 of 17,0 of 2,2 of 4,2 of 23,0 of 0,0 of 0
W,DongHun Choi,1,12 of 19,63%,12 of 19,0 of 0,---,0,0,0:01,6 of 12,2 of 3,4 of 4,12 of 17,0 of 1,0 of 1
W,Shi Ming,1,30 of 108,27%,33 of 112,1 of 2,50%,0,0,0:55,13 of 76,11 of 24,6 of 8,28 of 101,0 of 4,2 of 3
L,Feng Xiaocan,0,48 of 102,47%,58 of 114,0 of 0,---,0,1,1:05,29 of 77,2 of 7,17 of 18,47 of 100,0 of 1,1 of 1
L,Nyamjargal Tumendemberel,1,26 of 93,27%,28 of 95,0 of 3,0%,1,1,0:15,18 of 82,5 of 7,3 of 4,24 of 84,1 of 4,1 of 5
W,Carlos Hernandez,0,44 of 105,41%,46 of 110,4 of 14,28%,0,0,4:45,26 of 85,8 of 9,10 of 11,40 of 94,3 of 9,1 of 2
W,Lone'er Kavanagh,0,51 of 126,40%,51 of 126,0 of 2,0%,0,0,0:00,24 of 74,12 of 28,15 of 24,50 of 124,1 of 2,0 of 0
L,Jose Ochoa,0,50 of 158,31%,59 of 168,0 of 1,0%,1,0,0:36,13 of 78,13 of 40,24 of 40,49 of 156,1 of 2,0 of 0
W,Xiao Long,1,87 of 192,45%,92 of 198,0 of 3,0%,0,0,0:26,66 of 158,8 of 16,13 of 18,80 of 178,5 of 11,2 of 3
L,Quang Le,0,64 of 155,41%,68 of 160,1 of 2,50%,0,0,0:07,39 of 126,23 of 27,2 of 2,59 of 148,5 of 7,0 of 0
L,Maheshate,0,56 of 169,33%,60 of 173,0 of 0,---,0,0,0:00,29 of 133,9 of 13,18 of 23,53 of 160,3 of 9,0 of 0
W,Nikolas Motta,2,78 of 166,46%,87 of 183,0 of 0,---,0,0,1:32,61 of 144,7 of 11,10 of 11,67 of 147,2 of 7,9 of 12
W,Jon Jones,1,96 of 119,80%,104 of 128,1 of 1,100%,0,0,3:51,70 of 91,16 of 18,10 of 10,54 of 70,2 of 3,40 of 46
L,Stipe Miocic,0,37 of 89,41%,42 of 94,0 of 0,---,0,0,0:00,24 of 75,7 of 8,6 of 6,32 of 83,4 of 5,1 of 1
W,Charles Oliveira,0,88 of 122,72%,117 of 153,5 of 12,41%,2,0,14:52,56 of 82,18 of 25,14 of 15,67 of 98,3 of 5,18 of 19
L,Michael Chandler,0,84 of 113,74%,150 of 181,0 of 1,0%,0,0,1:59,59 of 85,16 of 18,9 of 10,60 of 89,0 of 0,24 of 24
W,Bo Nickal,0,54 of 85,63%,54 of 85,0 of 0,---,0,0,0:00,24 of 50,13 of 16,17 of 19,54 of 85,0 of 0,0 of 0
L,Paul Craig,0,47 of 129,36%,48 of 130,0 of 0,---,0,0,0:00,21 of 93,14 of 23,12 of 13,47 of 129,0 of 0,0 of 0
W,Viviane Araujo,0,48 of 85,56%,105 of 152,3 of 3,100%,1,0,2:25,34 of 70,4 of 5,10 of 10,41 of 76,1 of 1,6 of 8
L,Karine Silva,0,58 of 132,43%,76 of 155,1 of 7,14%,1,0,3:30,26 of 83,10 of 19,22 of 30,45 of 117,11 of 13,2 of 2
W,Mauricio Ruffy,1,67 of 113,59%,74 of 120,0 of 0,---,0,0,0:16,53 of 97,6 of 8,8 of 8,57 of 101,3 of 3,7 of 9
L,James Llontop,0,90 of 236,38%,112 of 260,0 of 6,0%,0,0,1:20,29 of 143,39 of 62,22 of 31,75 of 215,15 of 21,0 of 0
L,Jonathan Martinez,0,48 of 108,44%,49 of 109,0 of 0,---,0,0,0:57,24 of 76,3 of 8,21 of 24,46 of 105,2 of 3,0 of 0
W,Marcus McGhee,0,102 of 223,45%,105 of 226,0 of 0,---,0,0,0:00,60 of 167,18 of 27,24 of 29,100 of 220,2 of 3,0 of 0
W,Jim Miller,0,10 of 24,41%,11 of 25,0 of 0,---,1,0,0:00,5 of 19,2 of 2,3 of 3,9 of 23,1 of 1,0 of 0
L,Damon Jackson,0,16 of 31,51%,16 of 31,0 of 3,0%,0,0,0:27,8 of 17,6 of 12,2 of 2,16 of 31,0 of 0,0 of 0
W,David Onama,1,121 of 213,56%,145 of 242,1 of 3,33%,1,0,4:23,91 of 171,18 of 28,12 of 14,85 of 153,8 of 11,28 of 49
L,Roberto Romero,1,74 of 155,47%,79 of 165,0 of 0,---,0,0,1:14,30 of 97,14 of 21,30 of 37,68 of 144,5 of 8,1 of 3
W,Marcin Tybura,0,35 of 49,71%,153 of 187,1 of 3,33%,0,1,7:14,33 of 46,1 of 2,1 of 1,9 of 19,0 of 0,26 of 30
L,Jhonata Diniz,0,15 of 29,51%,27 of 44,0 of 0,---,0,0,0:36,13 of 27,1 of 1,1 of 1,8 of 18,1 of 1,6 of 10
L,Mickey Gall,0,28 of 41,68%,30 of 43,0 of 0,---,0,0,0:00,25 of 38,3 of 3,0 of 0,26 of 39,2 of 2,0 of 0
W,Ramiz Brahimaj,1,31 of 56,55%,31 of 56,0 of 0,---,0,0,0:03,27 of 50,1 of 3,3 of 3,22 of 43,6 of 9,3 of 4
L,Bassil Hafez,0,24 of 70,34%,24 of 70,0 of 0,---,0,0,0:06,16 of 55,2 of 9,6 of 6,23 of 69,1 of 1,0 of 0
W,Oban Elliott,1,65 of 117,55%,66 of 118,0 of 0,---,0,0,0:05,22 of 60,16 of 24,27 of 33,55 of 107,2 of 2,8 of 8
L,Veronica Hardy,0,46 of 103,44%,61 of 119,0 of 0,---,0,0,0:00,16 of 61,16 of 26,14 of 16,39 of 94,0 of 1,7 of 8
W,Eduarda Moura,0,26 of 76,34%,41 of 96,3 of 4,75%,0,0,4:13,22 of 71,4 of 5,0 of 0,19 of 68,2 of 2,5 of 6
L,Neil Magny,0,10 of 20,50%,23 of 33,0 of 7,0%,0,0,1:31,7 of 17,2 of 2,1 of 1,9 of 19,1 of 1,0 of 0
W,Carlos Prates,2,12 of 21,57%,13 of 22,1 of 1,100%,0,0,1:09,9 of 17,1 of 1,2 of 3,10 of 19,0 of 0,2 of 2
L,Gerald Meerschaert,0,30 of 54,55%,44 of 72,0 of 2,0%,0,1,2:53,27 of 49,3 of 5,0 of 0,22 of 44,2 of 3,6 of 7
W,Reinier de Ridder,1,38 of 66,57%,82 of 114,5 of 13,38%,1,0,3:29,19 of 42,10 of 13,9 of 11,34 of 61,3 of 4,1 of 1
W,Gaston Bolanos,0,53 of 75,70%,80 of 104,2 of 2,100%,0,1,4:29,22 of 42,19 of 21,12 of 12,29 of 44,9 of 10,15 of 21
L,Cortavious Romious,0,17 of 45,37%,30 of 61,4 of 6,66%,0,0,6:13,12 of 37,3 of 5,2 of 3,14 of 41,0 of 0,3 of 4
L,Luana Pinheiro,0,42 of 105,40%,63 of 128,0 of 0,---,0,1,0:17,23 of 84,16 of 18,3 of 3,41 of 102,1 of 3,0 of 0
W,Gillian Robertson,0,52 of 108,48%,78 of 145,5 of 17,29%,0,1,8:13,33 of 72,5 of 18,14 of 18,28 of 76,4 of 4,20 of 28
W,Mansur Abdul-Malik,1,29 of 51,56%,31 of 54,0 of 0,---,0,0,1:27,27 of 49,2 of 2,0 of 0,5 of 12,2 of 2,22 of 37
L,Dusko Todorovic,0,3 of 5,60%,3 of 5,0 of 0,---,0,0,0:03,2 of 4,0 of 0,1 of 1,3 of 5,0 of 0,0 of 0
L,Karolina Kowalkiewicz,0,46 of 98,46%,61 of 115,0 of 1,0%,0,0,1:02,16 of 57,19 of 24,11 of 17,39 of 89,7 of 9,0 of 0
W,Denise Gomes,0,73 of 144,50%,91 of 166,0 of 3,0%,1,0,5:47,30 of 85,33 of 44,10 of 15,53 of 115,20 of 28,0 of 1
W,Elizeu Zaleski dos Santos,0,11 of 35,31%,11 of 43,0 of 0,---,0,0,0:20,7 of 31,0 of 0,4 of 4,5 of 6,0 of 0,6 of 29
L,Zachary Scroggin,0,3 of 8,37%,3 of 8,0 of 0,---,0,0,0:00,1 of 5,0 of 0,2 of 3,3 of 8,0 of 0,0 of 0
L,Matthew Semelsberger,0,2 of 8,25%,2 of 8,0 of 0,---,0,0,0:00,1 of 7,1 of 1,0 of 0,2 of 8,0 of 0,0 of 0
W,Charles Radtke,0,7 of 12,58%,7 of 12,0 of 0,---,0,0,0:00,6 of 11,0 of 0,1 of 1,7 of 12,0 of 0,0 of 0
L,Cody Stamann,0,13 of 33,39%,13 of 33,0 of 1,0%,0,0,0:00,5 of 21,5 of 9,3 of 3,13 of 33,0 of 0,0 of 0
W,Da'Mon Blackshear,0,20 of 44,45%,21 of 46,0 of 0,---,3,0,1:19,15 of 36,3 of 4,2 of 4,19 of 43,0 of 0,1 of 1
W,Tresean Gore,0,3 of 3,100%,5 of 5,1 of 1,100%,1,0,0:45,0 of 0,2 of 2,1 of 1,1 of 1,2 of 2,0 of 0
L,Antonio Trocoli,0,2 of 5,40%,2 of 5,0 of 1,0%,0,0,0:13,0 of 2,1 of 2,1 of 1,2 of 4,0 of 1,0 of 0
W,Melissa Mullins,0,38 of 60,63%,54 of 85,2 of 3,66%,0,0,2:46,36 of 58,1 of 1,1 of 1,9 of 20,0 of 0,29 of 40
L,Klaudia Sygula,0,12 of 32,37%,22 of 42,0 of 3,0%,0,0,1:04,5 of 23,1 of 2,6 of 7,12 of 32,0 of 0,0 of 0
W,Brandon Moreno,0,132 of 317,41%,132 of 317,0 of 1,0%,0,0,0:00,113 of 284,12 of 22,7 of 11,128 of 309,4 of 8,0 of 0
L,Amir Albazi,0,63 of 235,26%,63 of 236,1 of 4,25%,0,0,0:09,50 of 207,6 of 14,7 of 14,63 of 234,0 of 1,0 of 0
W,Erin Blanchfield,0,110 of 281,39%,193 of 387,2 of 8,25%,0,0,8:54,81 of 248,15 of 16,14 of 17,103 of 269,2 of 6,5 of 6
L,Rose Namajunas,0,94 of 245,38%,101 of 254,1 of 4,25%,0,0,0:15,68 of 212,18 of 24,8 of 9,91 of 241,3 of 4,0 of 0
L,Caio Machado,0,76 of 184,41%,79 of 187,0 of 0,---,0,0,0:02,24 of 114,33 of 47,19 of 23,76 of 184,0 of 0,0 of 0
W,Brendson Ribeiro,0,49 of 131,37%,49 of 131,0 of 0,---,0,0,0:00,25 of 93,16 of 25,8 of 13,49 of 130,0 of 1,0 of 0
L,Ariane da Silva,0,42 of 92,45%,43 of 93,0 of 0,---,0,0,0:00,26 of 65,15 of 23,1 of 4,41 of 88,1 of 4,0 of 0
W,Jasmine Jasudavicius,0,36 of 84,42%,130 of 218,3 of 5,60%,1,0,5:44,29 of 76,5 of 6,2 of 2,24 of 70,1 of 1,11 of 13
L,Marc-Andre Barriault,0,7 of 11,63%,13 of 17,0 of 0,---,0,0,0:01,6 of 10,1 of 1,0 of 0,0 of 2,7 of 9,0 of 0
W,Dustin Stoltzfus,1,13 of 20,65%,23 of 32,0 of 0,---,1,0,3:54,11 of 17,1 of 2,1 of 1,2 of 5,7 of 10,4 of 5
W,Mike Malott,0,59 of 130,45%,59 of 130,0 of 1,0%,0,0,0:00,22 of 82,19 of 28,18 of 20,59 of 129,0 of 1,0 of 0
L,Trevin Giles,0,34 of 78,43%,34 of 78,0 of 0,---,0,0,0:00,23 of 64,3 of 5,8 of 9,34 of 77,0 of 1,0 of 0
W,Aiemann Zahabi,0,109 of 206,52%,110 of 208,0 of 1,0%,0,0,0:00,98 of 188,11 of 17,0 of 1,109 of 204,0 of 2,0 of 0
L,Pedro Munhoz,0,95 of 327,29%,95 of 327,0 of 6,0%,0,0,0:02,82 of 304,7 of 14,6 of 9,94 of 324,1 of 3,0 of 0
W,Charles Jourdain,0,39 of 73,53%,50 of 87,0 of 2,0%,1,0,0:17,19 of 49,14 of 18,6 of 6,31 of 62,8 of 11,0 of 0
L,Victor Henry,0,24 of 54,44%,39 of 75,4 of 6,66%,0,0,3:49,8 of 30,11 of 17,5 of 7,22 of 51,1 of 2,1 of 1
L,Jack Shore,0,8 of 18,44%,10 of 21,2 of 4,50%,0,0,1:49,8 of 16,0 of 0,0 of 2,7 of 17,0 of 0,1 of 1
W,Youssef Zalal,1,13 of 27,48%,21 of 37,1 of 2,50%,1,0,2:07,9 of 22,1 of 2,3 of 3,11 of 23,0 of 2,2 of 2
W,Alexandr Romanov,0,45 of 92,48%,87 of 135,6 of 10,60%,1,0,7:33,37 of 82,3 of 5,5 of 5,39 of 79,4 of 8,2 of 5
L,Rodrigo Nascimento,0,31 of 91,34%,48 of 108,0 of 0,---,0,0,0:00,19 of 77,7 of 9,5 of 5,30 of 90,1 of 1,0 of 0
W,Serhiy Sidey,0,68 of 144,47%,75 of 151,0 of 4,0%,3,1,0:47,40 of 106,22 of 31,6 of 7,60 of 131,7 of 12,1 of 1
L,Garrett Armfield,0,71 of 142,50%,77 of 148,4 of 5,80%,1,0,4:53,57 of 127,9 of 10,5 of 5,65 of 133,4 of 7,2 of 2
L,Chad Anheliger,0,11 of 19,57%,59 of 77,0 of 0,---,0,0,0:00,8 of 16,0 of 0,3 of 3,11 of 19,0 of 0,0 of 0
W,Cody Gibson,0,16 of 34,47%,59 of 93,5 of 6,83%,2,0,12:25,15 of 28,0 of 2,1 of 4,6 of 22,0 of 0,10 of 12
W,Jamey-Lyn Horth,0,29 of 70,41%,50 of 94,2 of 4,50%,0,0,2:30,17 of 52,11 of 17,1 of 1,21 of 58,8 of 12,0 of 0
L,Ivana Petrovic,0,25 of 75,33%,67 of 128,2 of 6,33%,0,2,7:45,17 of 64,6 of 9,2 of 2,25 of 75,0 of 0,0 of 0
W,Ilia Topuria,1,75 of 144,52%,78 of 147,2 of 2,100%,0,0,0:45,49 of 114,11 of 14,15 of 16,71 of 140,0 of 0,4 of 4
L,Max Holloway,0,79 of 204,38%,84 of 209,0 of 0,---,0,0,0:00,47 of 151,13 of 30,19 of 23,79 of 204,0 of 0,0 of 0
L,Robert Whittaker,0,2 of 2,100%,2 of 2,0 of 0,---,0,0,0:00,0 of 0,0 of 0,2 of 2,2 of 2,0 of 0,0 of 0
W,Khamzat Chimaev,0,3 of 4,75%,25 of 31,2 of 4,50%,1,0,3:20,2 of 3,1 of 1,0 of 0,0 of 1,0 of 0,3 of 3
W,Magomed Ankalaev,0,55 of 114,48%,75 of 142,0 of 0,---,0,0,1:31,20 of 72,22 of 29,13 of 13,50 of 105,5 of 9,0 of 0
L,Aleksandar Rakic,0,53 of 117,45%,59 of 123,0 of 1,0%,0,0,1:00,10 of 65,9 of 12,34 of 40,50 of 111,3 of 6,0 of 0
W,Lerone Murphy,0,52 of 100,52%,78 of 133,3 of 5,60%,0,0,2:17,36 of 77,12 of 17,4 of 6,37 of 80,12 of 16,3 of 4
L,Dan Ige,1,46 of 106,43%,52 of 116,1 of 3,33%,0,2,4:47,35 of 92,5 of 8,6 of 6,32 of 79,6 of 16,8 of 11
W,Shara Magomedov,1,65 of 106,61%,67 of 108,0 of 0,---,0,0,0:02,24 of 53,29 of 34,12 of 19,63 of 104,2 of 2,0 of 0
L,Armen Petrosyan,0,77 of 140,55%,77 of 141,0 of 0,---,0,0,0:21,22 of 66,10 of 14,45 of 60,75 of 138,2 of 2,0 of 0
W,Ibo Aslan,0,28 of 36,77%,28 of 36,0 of 0,---,0,0,0:00,26 of 33,2 of 2,0 of 1,28 of 36,0 of 0,0 of 0
L,Rafael Cerqueira,0,1 of 1,100%,1 of 1,0 of 0,---,0,0,0:00,0 of 0,0 of 0,1 of 1,1 of 1,0 of 0,0 of 0
W,Geoff Neal,1,18 of 30,60%,21 of 34,1 of 1,100%,0,0,0:27,12 of 24,3 of 3,3 of 3,13 of 24,0 of 0,5 of 6
L,Rafael Dos Anjos,0,4 of 13,30%,4 of 13,0 of 0,---,0,0,0:00,2 of 10,1 of 1,1 of 2,4 of 13,0 of 0,0 of 0
W,Mateusz Rebecki,1,71 of 146,48%,93 of 174,3 of 4,75%,0,0,2:24,52 of 123,10 of 11,9 of 12,54 of 126,5 of 6,12 of 14
L,Myktybek Orolbai,0,61 of 135,45%,85 of 162,2 of 5,40%,0,1,2:05,46 of 114,6 of 11,9 of 10,60 of 133,0 of 1,1 of 1
W,Abus Magomedov,0,26 of 59,44%,45 of 81,4 of 8,50%,1,0,3:36,10 of 40,8 of 11,8 of 8,26 of 57,0 of 0,0 of 2
L,Brunno Ferreira,0,29 of 71,40%,36 of 83,0 of 0,---,1,1,0:13,20 of 59,9 of 12,0 of 0,26 of 65,1 of 2,2 of 4
W,Kennedy Nzechukwu,0,51 of 74,68%,51 of 74,0 of 0,---,0,0,0:00,28 of 50,22 of 23,1 of 1,50 of 73,0 of 0,1 of 1
L,Chris Barnett,0,12 of 34,35%,12 of 34,0 of 1,0%,0,0,0:00,3 of 22,2 of 3,7 of 9,12 of 34,0 of 0,0 of 0
W,Farid Basharat,0,60 of 126,47%,89 of 168,4 of 7,57%,0,0,4:37,39 of 98,8 of 13,13 of 15,54 of 116,2 of 3,4 of 7
L,Victor Hugo,0,45 of 125,36%,48 of 128,1 of 4,25%,1,0,0:18,23 of 82,14 of 28,8 of 15,43 of 122,2 of 3,0 of 0
W,Ismail Naurdiev,0,66 of 116,56%,107 of 166,3 of 13,23%,0,0,5:51,42 of 87,15 of 20,9 of 9,51 of 96,11 of 16,4 of 4
L,Bruno Silva,0,36 of 97,37%,38 of 100,0 of 3,0%,0,0,0:00,28 of 83,4 of 6,4 of 8,30 of 85,6 of 12,0 of 0
W,Rinat Fakhretdinov,0,109 of 222,49%,119 of 236,2 of 19,10%,0,0,3:14,82 of 184,15 of 26,12 of 12,96 of 197,13 of 25,0 of 0
L,Carlos Leal,0,107 of 246,43%,146 of 292,1 of 4,25%,0,0,0:13,72 of 207,16 of 20,19 of 19,94 of 231,13 of 15,0 of 0
W,Anthony Hernandez,0,152 of 212,71%,219 of 293,10 of 29,34%,0,0,15:42,125 of 182,22 of 24,5 of 6,43 of 81,12 of 14,97 of 117
L,Michel Pereira,0,24 of 53,45%,29 of 62,0 of 1,0%,1,1,0:56,8 of 27,16 of 26,0 of 0,20 of 45,4 of 8,0 of 0
W,Rob Font,0,61 of 137,44%,65 of 144,0 of 1,0%,0,0,1:19,50 of 122,11 of 15,0 of 0,56 of 131,5 of 6,0 of 0
L,Kyler Phillips,0,38 of 125,30%,50 of 143,4 of 5,80%,0,0,4:42,19 of 98,9 of 14,10 of 13,32 of 112,1 of 6,5 of 7
W,Charles Johnson,1,65 of 150,43%,84 of 177,2 of 6,33%,0,0,2:58,42 of 113,15 of 22,8 of 15,49 of 123,5 of 10,11 of 17
L,Sumudaerji,0,75 of 144,52%,78 of 149,0 of 3,0%,2,1,0:50,41 of 96,7 of 15,27 of 33,68 of 135,7 of 9,0 of 0
L,Jake Hadley,0,60 of 165,36%,70 of 176,1 of 2,50%,0,0,1:53,28 of 124,17 of 24,15 of 17,59 of 163,1 of 2,0 of 0
W,Cameron Smotherman,0,96 of 259,37%,97 of 260,0 of 0,---,0,0,0:00,43 of 181,48 of 72,5 of 6,96 of 259,0 of 0,0 of 0
W,Darren Elkins,0,39 of 88,44%,102 of 170,3 of 12,25%,0,1,6:33,30 of 78,9 of 10,0 of 0,28 of 70,3 of 7,8 of 11
L,Daniel Pineda,0,31 of 53,58%,61 of 85,0 of 0,---,2,1,3:02,21 of 38,7 of 10,3 of 5,17 of 37,1 of 1,13 of 15
L,Matheus Nicolau,0,16 of 42,38%,38 of 68,0 of 1,0%,1,0,0:00,8 of 26,5 of 9,3 of 7,12 of 37,0 of 0,4 of 5
W,Asu Almabayev,1,22 of 54,40%,55 of 112,1 of 6,16%,0,0,5:17,7 of 36,8 of 9,7 of 9,17 of 46,1 of 3,4 of 5
L,Brad Katona,0,89 of 141,63%,117 of 171,3 of 8,37%,0,0,3:35,68 of 118,12 of 13,9 of 10,73 of 124,15 of 15,1 of 2
W,Jean Matsumoto,0,89 of 201,44%,109 of 223,1 of 7,14%,0,0,2:04,62 of 164,6 of 10,21 of 27,85 of 196,4 of 5,0 of 0
W,Joselyne Edwards,0,81 of 134,60%,151 of 212,4 of 7,57%,2,0,4:30,48 of 94,20 of 26,13 of 14,61 of 108,9 of 11,11 of 15
L,Tamires Vidal,0,34 of 69,49%,53 of 91,0 of 1,0%,0,0,2:35,15 of 44,9 of 14,10 of 11,25 of 57,9 of 12,0 of 0
L,Jessica Penne,0,54 of 125,43%,98 of 174,1 of 13,7%,0,0,3:16,26 of 89,18 of 25,10 of 11,44 of 112,10 of 13,0 of 0
W,Elise Reed,0,117 of 188,62%,229 of 306,0 of 0,---,0,0,0:30,84 of 145,18 of 19,15 of 24,110 of 181,7 of 7,0 of 0
W,Melissa Martinez,0,72 of 145,49%,78 of 151,0 of 0,---,0,0,0:00,33 of 90,18 of 29,21 of 26,72 of 145,0 of 0,0 of 0
L,Alice Ardelean,0,92 of 224,41%,103 of 240,0 of 1,0%,0,0,0:41,59 of 179,15 of 21,18 of 24,91 of 222,1 of 2,0 of 0
W,Austen Lane,0,23 of 38,60%,78 of 110,3 of 8,37%,0,0,8:58,7 of 20,6 of 7,10 of 11,17 of 28,0 of 0,6 of 10
L,Robelis Despaigne,0,31 of 46,67%,48 of 68,0 of 0,---,0,0,0:00,23 of 38,2 of 2,6 of 6,21 of 36,10 of 10,0 of 0
W,Brandon Royval,0,124 of 232,53%,172 of 287,3 of 3,100%,3,2,2:23,114 of 216,10 of 16,0 of 0,97 of 203,11 of 12,16 of 17
L,Tatsuro Taira,0,42 of 99,42%,80 of 143,6 of 15,40%,1,0,12:13,34 of 91,5 of 5,3 of 3,38 of 93,0 of 1,4 of 5
L,Brad Tavares,0,65 of 149,43%,73 of 159,0 of 0,---,0,0,0:42,55 of 136,2 of 3,8 of 10,62 of 143,0 of 1,3 of 5
W,JunYong Park,0,99 of 177,55%,124 of 210,2 of 6,33%,0,0,6:32,76 of 151,4 of 6,19 of 20,91 of 167,3 of 5,5 of 5
W,Chidi Njokuani,0,105 of 148,70%,162 of 207,0 of 0,---,0,0,9:16,49 of 81,47 of 57,9 of 10,28 of 48,56 of 65,21 of 35
L,Jared Gooden,0,20 of 50,40%,81 of 121,2 of 8,25%,1,0,2:29,13 of 37,5 of 10,2 of 3,14 of 42,5 of 6,1 of 2
W,Grant Dawson,0,44 of 90,48%,80 of 144,2 of 4,50%,0,0,5:09,38 of 76,4 of 12,2 of 2,5 of 24,0 of 0,39 of 66
L,Rafa Garcia,0,5 of 12,41%,29 of 38,0 of 0,---,0,0,0:00,4 of 8,1 of 4,0 of 0,4 of 11,1 of 1,0 of 0
W,Daniel Rodriguez,0,123 of 257,47%,126 of 260,1 of 1,100%,0,0,0:56,44 of 153,56 of 80,23 of 24,117 of 251,6 of 6,0 of 0
L,Alex Morono,0,74 of 257,28%,91 of 276,0 of 1,0%,0,0,0:00,58 of 228,9 of 21,7 of 8,74 of 256,0 of 1,0 of 0
L,CJ Vergara,0,4 of 16,25%,4 of 16,0 of 0,---,0,0,0:00,1 of 12,1 of 1,2 of 3,4 of 16,0 of 0,0 of 0
W,Ramazan Temirov,3,23 of 55,41%,23 of 55,0 of 0,---,0,0,0:05,18 of 46,4 of 8,1 of 1,20 of 50,0 of 0,3 of 5
L,Jonathan Pearce,0,2 of 2,100%,32 of 32,0 of 0,---,0,0,0:00,0 of 0,1 of 1,1 of 1,2 of 2,0 of 0,0 of 0
W,Pat Sabatini,0,3 of 5,60%,19 of 25,2 of 3,66%,1,0,3:56,2 of 4,1 of 1,0 of 0,1 of 2,1 of 1,1 of 2
W,Themba Gorimbo,0,68 of 127,53%,141 of 223,7 of 9,77%,2,0,9:14,44 of 97,9 of 15,15 of 15,43 of 85,6 of 13,19 of 29
L,Niko Price,0,16 of 53,30%,58 of 100,0 of 3,0%,1,0,1:00,13 of 43,2 of 5,1 of 5,11 of 48,5 of 5,0 of 0
W,Junior Tafa,0,71 of 128,55%,71 of 128,0 of 0,---,0,0,0:02,61 of 117,10 of 11,0 of 0,71 of 128,0 of 0,0 of 0
L,Sean Sharaf,0,53 of 118,44%,54 of 122,1 of 8,12%,0,0,0:46,39 of 101,7 of 10,7 of 7,44 of 93,1 of 3,8 of 22
W,Julia Polastri,0,88 of 145,60%,142 of 203,0 of 1,0%,0,0,3:13,40 of 92,35 of 39,13 of 14,54 of 102,32 of 39,2 of 4
L,Cory McKenna,0,40 of 124,32%,98 of 198,1 of 6,16%,0,0,5:20,30 of 112,6 of 8,4 of 4,35 of 114,5 of 8,0 of 2
L,Dan Argueta,0,54 of 140,38%,65 of 151,4 of 24,16%,1,0,4:23,34 of 114,13 of 19,7 of 7,42 of 114,9 of 18,3 of 8
W,Cody Haddon,0,140 of 280,50%,148 of 288,2 of 4,50%,0,0,1:31,100 of 232,38 of 46,2 of 2,130 of 268,10 of 11,0 of 1
W,Clayton Carpenter,0,34 of 60,56%,36 of 62,2 of 3,66%,1,0,4:38,22 of 45,7 of 8,5 of 7,20 of 43,1 of 1,13 of 16
L,Lucas Rocha,0,17 of 41,41%,21 of 45,0 of 0,---,0,0,0:00,10 of 32,6 of 8,1 of 1,16 of 39,1 of 2,0 of 0
W,Alex Pereira,1,127 of 209,60%,129 of 211,0 of 0,---,0,0,0:02,92 of 167,17 of 20,18 of 22,123 of 205,4 of 4,0 of 0
L,Khalil Rountree Jr.,0,61 of 191,31%,62 of 193,0 of 0,---,0,0,0:00,34 of 155,16 of 23,11 of 13,60 of 189,1 of 2,0 of 0
L,Raquel Pennington,1,92 of 317,29%,112 of 345,0 of 0,---,0,0,0:33,57 of 277,29 of 33,6 of 7,88 of 308,4 of 6,0 of 3
W,Julianna Pena,0,92 of 260,35%,123 of 308,2 of 3,66%,1,0,5:40,82 of 248,9 of 11,1 of 1,90 of 256,2 of 4,0 of 0
L,Jose Aldo,0,51 of 117,43%,65 of 139,0 of 0,---,0,0,0:00,41 of 105,6 of 8,4 of 4,46 of 111,2 of 3,3 of 3
W,Mario Bautista,0,49 of 142,34%,90 of 196,0 of 10,0%,0,0,7:15,26 of 111,12 of 19,11 of 12,44 of 136,5 of 6,0 of 0
W,Roman Dolidze,0,19 of 33,57%,57 of 101,1 of 1,100%,0,0,2:50,16 of 30,2 of 2,1 of 1,5 of 10,0 of 0,14 of 23
L,Kevin Holland,0,18 of 28,64%,36 of 46,0 of 0,---,0,0,0:00,5 of 13,3 of 4,10 of 11,18 of 28,0 of 0,0 of 0
L,Ketlen Vieira,0,24 of 61,39%,67 of 108,0 of 0,---,0,0,0:00,12 of 38,4 of 15,8 of 8,21 of 58,3 of 3,0 of 0
W,Kayla Harrison,0,55 of 94,58%,98 of 149,2 of 8,25%,0,0,7:54,34 of 69,14 of 16,7 of 9,19 of 50,15 of 17,21 of 27
L,Stephen Thompson,0,49 of 106,46%,63 of 121,0 of 0,---,0,0,0:03,38 of 93,7 of 9,4 of 4,36 of 90,13 of 15,0 of 1
W,Joaquin Buckley,1,34 of 93,36%,55 of 117,4 of 7,57%,0,0,4:13,23 of 78,9 of 12,2 of 3,28 of 82,5 of 9,1 of 2
L,Marina Rodriguez,0,33 of 99,33%,65 of 134,1 of 1,100%,0,0,0:11,28 of 89,5 of 7,0 of 3,28 of 92,3 of 5,2 of 2
W,Iasmin Lucindo,0,30 of 73,41%,55 of 104,3 of 4,75%,0,1,4:40,19 of 56,9 of 13,2 of 4,27 of 68,1 of 3,2 of 2
L,Austin Hubbard,0,63 of 191,32%,65 of 193,0 of 12,0%,0,0,0:05,32 of 142,25 of 42,6 of 7,60 of 177,3 of 14,0 of 0
W,Alexander Hernandez,0,79 of 204,38%,91 of 217,0 of 2,0%,0,0,0:40,41 of 144,22 of 38,16 of 22,78 of 203,1 of 1,0 of 0
W,Cesar Almeida,0,57 of 113,50%,78 of 137,0 of 2,0%,1,1,2:15,32 of 69,14 of 28,11 of 16,41 of 90,1 of 1,15 of 22
L,Ihor Potieria,0,44 of 89,49%,57 of 102,3 of 8,37%,0,0,3:32,22 of 64,9 of 12,13 of 13,42 of 85,1 of 3,1 of 1
W,Ryan Spann,0,9 of 20,45%,9 of 20,0 of 0,---,1,0,0:03,5 of 13,2 of 5,2 of 2,9 of 20,0 of 0,0 of 0
L,Ovince Saint Preux,0,7 of 10,70%,7 of 10,0 of 1,0%,0,0,0:03,2 of 3,0 of 2,5 of 5,7 of 10,0 of 0,0 of 0
L,Carla Esparza,0,39 of 123,31%,116 of 215,4 of 7,57%,0,0,3:40,30 of 112,4 of 6,5 of 5,33 of 110,0 of 3,6 of 10
W,Tecia Pennington,0,80 of 150,53%,94 of 166,0 of 0,---,0,0,0:00,28 of 92,11 of 12,41 of 46,75 of 142,5 of 8,0 of 0
W,Court McGee,0,14 of 24,58%,19 of 35,1 of 1,100%,1,0,1:58,9 of 18,3 of 4,2 of 2,14 of 22,0 of 2,0 of 0
L,Tim Means,0,5 of 13,38%,12 of 20,0 of 0,---,0,0,0:00,2 of 9,2 of 3,1 of 1,5 of 13,0 of 0,0 of 0
W,Renato Moicano,0,50 of 72,69%,72 of 98,1 of 3,33%,0,0,4:53,46 of 66,0 of 1,4 of 5,17 of 35,0 of 1,33 of 36
L,Benoit Saint Denis,0,25 of 60,41%,35 of 70,0 of 0,---,0,0,0:05,13 of 44,10 of 14,2 of 2,25 of 60,0 of 0,0 of 0
W,Nassourdine Imavov,0,57 of 86,66%,79 of 114,0 of 0,---,0,0,5:47,51 of 80,5 of 5,1 of 1,37 of 59,7 of 9,13 of 18
L,Brendan Allen,0,30 of 52,57%,56 of 82,1 of 10,10%,0,0,6:06,20 of 41,4 of 5,6 of 6,20 of 38,6 of 10,4 of 4
W,William Gomis,0,43 of 71,60%,69 of 101,0 of 3,0%,0,1,3:52,16 of 35,18 of 27,9 of 9,30 of 57,13 of 14,0 of 0
L,Joanderson Brito,0,29 of 67,43%,57 of 105,3 of 6,50%,2,0,6:40,9 of 39,5 of 8,15 of 20,23 of 60,2 of 3,4 of 4
L,Kevin Jousset,0,58 of 97,59%,63 of 107,0 of 2,0%,0,0,0:12,31 of 66,10 of 12,17 of 19,46 of 84,12 of 13,0 of 0
W,Bryan Battle,0,97 of 170,57%,118 of 194,0 of 3,0%,0,0,3:31,79 of 146,17 of 23,1 of 1,80 of 145,17 of 25,0 of 0
W,Morgan Charriere,1,19 of 28,67%,28 of 37,2 of 2,100%,0,1,2:12,15 of 23,1 of 1,3 of 4,10 of 17,2 of 3,7 of 8
L,Gabriel Miranda,0,11 of 38,28%,17 of 45,1 of 4,25%,0,0,1:07,7 of 23,3 of 11,1 of 4,9 of 34,2 of 4,0 of 0
W,Fares Ziam,1,58 of 94,61%,69 of 107,4 of 4,100%,1,1,4:43,44 of 77,11 of 14,3 of 3,45 of 75,7 of 9,6 of 10
L,Matt Frevola,0,16 of 59,27%,25 of 72,1 of 3,33%,1,1,2:47,7 of 44,7 of 12,2 of 3,9 of 49,7 of 10,0 of 0
W,Ion Cutelaba,0,45 of 120,37%,80 of 161,3 of 12,25%,0,0,1:59,24 of 93,9 of 14,12 of 13,38 of 112,6 of 7,1 of 1
L,Ivan Erslan,0,39 of 69,56%,63 of 101,1 of 2,50%,0,1,5:19,29 of 59,7 of 7,3 of 3,33 of 61,5 of 6,1 of 2
W,Oumar Sy,0,90 of 150,60%,97 of 160,2 of 7,28%,0,0,3:02,44 of 98,19 of 23,27 of 29,78 of 136,12 of 14,0 of 0
L,Da Woon Jung,0,29 of 117,24%,36 of 124,0 of 1,0%,0,1,0:09,18 of 92,5 of 12,6 of 13,25 of 113,4 of 4,0 of 0
W,Ludovit Klein,0,45 of 95,47%,107 of 181,2 of 3,66%,0,0,8:51,22 of 65,15 of 22,8 of 8,28 of 66,9 of 10,8 of 19
L,Roosevelt Roberts,0,24 of 60,40%,58 of 104,0 of 3,0%,0,0,0:43,10 of 43,10 of 12,4 of 5,19 of 50,4 of 9,1 of 1
W,Taylor Lapilus,0,94 of 202,46%,99 of 208,0 of 1,0%,0,0,0:10,63 of 165,24 of 29,7 of 8,80 of 181,14 of 21,0 of 0
L,Vince Morales,0,39 of 141,27%,49 of 154,2 of 6,33%,0,0,3:02,25 of 113,10 of 19,4 of 9,34 of 124,5 of 17,0 of 0
W,Ailin Perez,0,7 of 12,58%,22 of 27,2 of 4,50%,1,0,1:42,5 of 7,0 of 1,2 of 4,3 of 8,1 of 1,3 of 3
L,Daria Zhelezniakova,0,5 of 12,41%,12 of 21,1 of 1,100%,0,0,0:39,4 of 10,1 of 2,0 of 0,4 of 11,0 of 0,1 of 1
W,Daniel Barez,1,67 of 130,51%,78 of 142,0 of 0,---,0,0,1:09,34 of 90,18 of 22,15 of 18,61 of 122,0 of 0,6 of 8
L,Victor Altamirano,0,71 of 177,40%,76 of 184,0 of 1,0%,0,0,0:00,28 of 105,28 of 54,15 of 18,71 of 177,0 of 0,0 of 0
L,Nora Cornolle,0,54 of 114,47%,80 of 156,1 of 9,11%,0,0,3:56,15 of 65,17 of 23,22 of 26,41 of 95,13 of 19,0 of 0
W,Jacqueline Cavalcanti,0,54 of 154,35%,87 of 194,0 of 0,---,0,1,1:09,28 of 117,12 of 15,14 of 22,48 of 146,6 of 8,0 of 0
L,Bolaji Oki,0,28 of 50,56%,29 of 51,2 of 3,66%,0,0,1:11,25 of 47,3 of 3,0 of 0,21 of 39,6 of 8,1 of 3
W,Chris Duncan,0,10 of 25,40%,12 of 29,0 of 1,0%,1,0,0:00,7 of 18,1 of 1,2 of 6,10 of 25,0 of 0,0 of 0
L,Sean O'Malley,0,47 of 89,52%,49 of 91,0 of 0,---,0,0,0:00,22 of 48,23 of 39,2 of 2,45 of 85,0 of 1,2 of 3
W,Merab Dvalishvili,0,82 of 164,50%,214 of 310,6 of 15,40%,0,0,10:03,55 of 130,4 of 6,23 of 28,29 of 85,8 of 14,45 of 65
L,Alexa Grasso,0,18 of 100,18%,153 of 245,1 of 4,25%,2,0,0:49,8 of 74,3 of 10,7 of 16,16 of 98,1 of 1,1 of 1
W,Valentina Shevchenko,0,45 of 80,56%,193 of 233,8 of 12,66%,0,0,16:04,38 of 71,3 of 5,4 of 4,39 of 72,2 of 2,4 of 6
L,Brian Ortega,0,63 of 195,32%,69 of 201,0 of 2,0%,0,0,0:06,52 of 180,4 of 8,7 of 7,61 of 192,1 of 1,1 of 2
W,Diego Lopes,0,106 of 206,51%,113 of 214,1 of 1,100%,0,0,2:45,75 of 172,13 of 15,18 of 19,75 of 161,6 of 7,25 of 38
L,Daniel Zellhuber,1,121 of 308,39%,121 of 308,0 of 1,0%,0,0,0:15,83 of 255,33 of 48,5 of 5,117 of 304,4 of 4,0 of 0
W,Esteban Ribovics,0,156 of 345,45%,156 of 345,0 of 0,---,0,0,0:00,103 of 276,32 of 48,21 of 21,154 of 342,2 of 3,0 of 0
W,Ronaldo Rodriguez,0,35 of 69,50%,68 of 117,1 of 2,50%,0,1,9:14,29 of 61,1 of 2,5 of 6,10 of 31,0 of 0,25 of 38
L,Ode Osbourne,1,37 of 68,54%,55 of 93,1 of 3,33%,2,1,1:07,28 of 59,4 of 4,5 of 5,22 of 46,0 of 0,15 of 22
L,Irene Aldana,0,69 of 183,37%,69 of 183,0 of 0,---,0,0,0:05,47 of 145,12 of 23,10 of 15,67 of 180,2 of 3,0 of 0
W,Norma Dumont,0,159 of 309,51%,159 of 309,0 of 5,0%,0,0,0:00,89 of 229,34 of 42,36 of 38,156 of 305,3 of 4,0 of 0
L,Manuel Torres,0,20 of 43,46%,20 of 43,0 of 0,---,0,0,0:20,9 of 30,10 of 10,1 of 3,12 of 35,8 of 8,0 of 0
W,Ignacio Bahamondes,2,31 of 58,53%,36 of 63,0 of 0,---,0,0,0:38,25 of 46,3 of 4,3 of 8,11 of 25,4 of 4,16 of 29
L,Yazmin Jauregui,0,35 of 73,47%,35 of 73,0 of 2,0%,0,0,0:00,18 of 52,8 of 10,9 of 11,29 of 66,5 of 5,1 of 2
W,Ketlen Souza,1,21 of 35,60%,21 of 35,0 of 0,---,1,0,0:15,12 of 25,6 of 7,3 of 3,16 of 30,4 of 4,1 of 1
L,Edgar Chairez,0,79 of 189,41%,87 of 197,0 of 2,0%,1,0,0:27,46 of 145,12 of 18,21 of 26,77 of 187,2 of 2,0 of 0
W,Joshua Van,0,118 of 200,59%,183 of 276,3 of 3,100%,0,0,4:26,79 of 155,24 of 30,15 of 15,109 of 187,4 of 4,5 of 9
W,Raul Rosas Jr.,0,41 of 94,43%,98 of 158,3 of 7,42%,0,0,7:32,21 of 59,7 of 20,13 of 15,27 of 70,0 of 0,14 of 24
L,Aoriqileng,0,22 of 54,40%,80 of 118,0 of 0,---,0,0,0:00,12 of 43,10 of 11,0 of 0,22 of 54,0 of 0,0 of 0
L,Gilbert Burns,0,47 of 97,48%,76 of 126,1 of 6,16%,0,0,2:43,25 of 72,19 of 21,3 of 4,32 of 80,15 of 17,0 of 0
W,Sean Brady,0,130 of 217,59%,274 of 368,7 of 17,41%,0,0,10:34,97 of 179,12 of 16,21 of 22,118 of 202,11 of 13,1 of 2
L,Jessica Andrade,0,50 of 140,35%,62 of 153,0 of 1,0%,0,0,2:11,33 of 114,13 of 20,4 of 6,48 of 136,2 of 4,0 of 0
W,Natalia Silva,0,117 of 208,56%,119 of 211,0 of 1,0%,0,0,0:49,67 of 151,38 of 45,12 of 12,106 of 197,9 of 9,2 of 2
W,Steve Garcia,0,22 of 37,59%,39 of 62,0 of 0,---,0,1,1:36,20 of 35,1 of 1,1 of 1,2 of 3,0 of 0,20 of 34
L,Kyle Nelson,0,1 of 2,50%,31 of 36,0 of 0,---,0,0,2:13,0 of 1,0 of 0,1 of 1,1 of 2,0 of 0,0 of 0
L,Matt Schnell,0,40 of 83,48%,40 of 83,0 of 1,0%,0,0,0:00,32 of 73,3 of 3,5 of 7,38 of 81,2 of 2,0 of 0
W,Cody Durden,0,34 of 78,43%,37 of 81,0 of 0,---,1,0,0:10,31 of 73,3 of 5,0 of 0,34 of 78,0 of 0,0 of 0
L,Trevor Peek,0,55 of 107,51%,63 of 115,0 of 1,0%,0,0,0:30,29 of 78,18 of 21,8 of 8,48 of 99,7 of 8,0 of 0
W,Yanal Ashmouz,0,42 of 66,63%,85 of 124,9 of 18,50%,0,0,8:16,26 of 48,9 of 11,7 of 7,19 of 41,18 of 20,5 of 5
L,Rongzhu,0,49 of 88,55%,49 of 88,0 of 0,---,0,0,0:12,26 of 61,12 of 13,11 of 14,43 of 81,6 of 7,0 of 0
W,Chris Padilla,0,68 of 105,64%,73 of 110,0 of 1,0%,0,0,0:00,36 of 51,8 of 12,24 of 42,62 of 98,6 of 7,0 of 0
W,Isaac Dulgarian,0,41 of 56,73%,102 of 147,2 of 2,100%,2,0,9:12,41 of 56,0 of 0,0 of 0,2 of 4,0 of 0,39 of 52
L,Brendon Marotte,0,3 of 7,42%,22 of 27,0 of 0,---,0,0,0:00,2 of 6,1 of 1,0 of 0,2 of 6,0 of 0,1 of 1
L,Felipe dos Santos,0,38 of 76,50%,69 of 122,0 of 8,0%,0,0,0:41,14 of 45,14 of 19,10 of 12,33 of 68,5 of 7,0 of 1
W,Andre Lima,0,18 of 37,48%,43 of 70,2 of 2,100%,2,0,9:00,5 of 21,6 of 7,7 of 9,14 of 33,4 of 4,0 of 0
L,Yizha,0,41 of 92,44%,96 of 160,0 of 4,0%,0,0,0:04,26 of 71,8 of 13,7 of 8,40 of 90,0 of 0,1 of 2
W,Gabriel Santos,1,76 of 112,67%,110 of 150,2 of 2,100%,0,0,6:35,45 of 79,17 of 18,14 of 15,53 of 85,5 of 5,18 of 22
W,Jaqueline Amorim,0,2 of 3,66%,12 of 16,1 of 1,100%,1,0,3:05,1 of 1,1 of 2,0 of 0,1 of 2,0 of 0,1 of 1
L,Vanessa Demopoulos,0,2 of 6,33%,3 of 7,0 of 0,---,0,0,0:00,0 of 3,2 of 3,0 of 0,2 of 6,0 of 0,0 of 0
W,Andre Petroski,0,23 of 46,50%,78 of 109,3 of 5,60%,0,0,9:20,16 of 36,5 of 8,2 of 2,17 of 38,1 of 1,5 of 7
L,Dylan Budka,0,17 of 53,32%,23 of 59,0 of 0,---,0,0,0:00,14 of 48,3 of 3,0 of 2,13 of 49,4 of 4,0 of 0
L,Zygimantas Ramaska,0,6 of 10,60%,12 of 16,0 of 0,---,1,2,1:51,5 of 8,1 of 2,0 of 0,2 of 5,4 of 5,0 of 0
W,Nathan Fletcher,0,14 of 20,70%,40 of 47,4 of 6,66%,1,0,3:10,13 of 18,0 of 1,1 of 1,6 of 7,0 of 0,8 of 13
L,Jared Cannonier,0,83 of 254,32%,83 of 254,0 of 0,---,0,0,0:00,57 of 206,11 of 24,15 of 24,82 of 252,1 of 2,0 of 0
W,Caio Borralho,1,153 of 255,60%,156 of 258,0 of 1,0%,1,0,1:59,106 of 197,26 of 37,21 of 21,129 of 224,2 of 3,22 of 28
L,Angela Hill,0,112 of 216,51%,140 of 245,0 of 2,0%,0,0,0:10,66 of 152,43 of 61,3 of 3,88 of 182,19 of 26,5 of 8
W,Tabatha Ricci,0,101 of 239,42%,140 of 280,3 of 4,75%,0,0,5:04,82 of 215,8 of 13,11 of 11,88 of 219,10 of 14,3 of 6
L,Robert Valentin,0,1 of 2,50%,5 of 6,0 of 1,0%,2,1,1:38,1 of 2,0 of 0,0 of 0,1 of 2,0 of 0,0 of 0
W,Ryan Loder,0,42 of 52,80%,63 of 73,1 of 3,33%,1,1,4:45,41 of 51,1 of 1,0 of 0,1 of 2,0 of 0,41 of 50
L,Kaan Ofli,0,12 of 28,42%,19 of 35,0 of 0,---,0,0,1:33,10 of 22,1 of 2,1 of 4,11 of 27,1 of 1,0 of 0
W,Mairon Santos,1,31 of 67,46%,32 of 68,0 of 0,---,0,0,0:02,15 of 48,9 of 12,7 of 7,27 of 62,1 of 2,3 of 3
L,Neil Magny,0,5 of 11,45%,13 of 19,0 of 2,0%,0,0,2:05,1 of 7,2 of 2,2 of 2,3 of 8,1 of 2,1 of 1
W,Michael Morales,1,34 of 40,85%,39 of 45,0 of 0,---,0,0,1:16,30 of 35,0 of 0,4 of 5,4 of 5,0 of 0,30 of 35
L,Edmen Shahbazyan,0,48 of 113,42%,48 of 113,0 of 0,---,0,0,2:21,31 of 94,16 of 18,1 of 1,26 of 60,5 of 9,17 of 44
W,Gerald Meerschaert,0,21 of 44,47%,31 of 54,1 of 6,16%,1,0,0:21,11 of 33,6 of 7,4 of 4,20 of 42,1 of 2,0 of 0
L,Dennis Buzukja,0,66 of 145,45%,76 of 156,0 of 1,0%,0,0,0:08,46 of 110,14 of 27,6 of 8,65 of 143,1 of 2,0 of 0
W,Francis Marshall,1,57 of 150,38%,82 of 175,1 of 6,16%,0,0,5:26,53 of 144,2 of 4,2 of 2,53 of 144,3 of 4,1 of 2
W,Zach Reese,0,75 of 129,58%,101 of 162,5 of 9,55%,1,1,5:57,42 of 85,20 of 30,13 of 14,57 of 101,2 of 4,16 of 24
L,Jose Daniel Medina,0,32 of 74,43%,53 of 97,1 of 2,50%,0,0,1:12,20 of 55,5 of 12,7 of 7,30 of 72,1 of 1,1 of 1
W,Viacheslav Borshchev,0,96 of 229,41%,97 of 230,0 of 1,0%,0,0,0:03,49 of 172,30 of 38,17 of 19,92 of 223,3 of 4,1 of 2
L,James Llontop,0,93 of 249,37%,97 of 253,0 of 0,---,0,0,0:05,40 of 168,27 of 44,26 of 37,91 of 244,1 of 4,1 of 1
W,Jacqueline Cavalcanti,0,91 of 171,53%,91 of 171,0 of 0,---,0,0,0:00,49 of 119,11 of 19,31 of 33,91 of 171,0 of 0,0 of 0
L,Josiane Nunes,0,52 of 153,33%,52 of 153,0 of 0,---,0,0,0:08,33 of 126,11 of 19,8 of 8,50 of 149,0 of 0,2 of 4
W,Wang Cong,1,10 of 26,38%,10 of 26,0 of 0,---,0,0,0:02,4 of 16,1 of 5,5 of 5,10 of 26,0 of 0,0 of 0
L,Victoria Leonardo,0,1 of 9,11%,1 of 9,0 of 0,---,0,0,0:00,0 of 7,0 of 1,1 of 1,1 of 9,0 of 0,0 of 0
W,Dricus Du Plessis,0,90 of 197,45%,99 of 206,4 of 9,44%,2,0,3:39,61 of 155,7 of 13,22 of 29,80 of 184,8 of 11,2 of 2
L,Israel Adesanya,0,97 of 203,47%,105 of 211,0 of 1,0%,0,1,0:09,63 of 165,26 of 29,8 of 9,92 of 198,4 of 4,1 of 1
W,Kai Kara-France,2,18 of 51,35%,18 of 51,0 of 0,---,0,0,0:08,11 of 35,5 of 13,2 of 3,15 of 44,0 of 0,3 of 7
L,Steve Erceg,0,9 of 29,31%,9 of 29,0 of 0,---,0,0,0:00,8 of 26,0 of 2,1 of 1,9 of 29,0 of 0,0 of 0
L,Mateusz Gamrot,0,64 of 129,49%,88 of 154,5 of 15,33%,0,0,4:59,56 of 119,6 of 8,2 of 2,43 of 97,2 of 2,19 of 30
W,Dan Hooker,0,65 of 143,45%,82 of 162,0 of 0,---,0,0,1:28,41 of 111,24 of 32,0 of 0,44 of 119,4 of 6,17 of 18
L,Tai Tuivasa,0,37 of 126,29%,37 of 126,0 of 0,---,0,0,0:01,19 of 92,6 of 17,12 of 17,37 of 124,0 of 2,0 of 0
W,Jairzinho Rozenstruik,0,91 of 184,49%,92 of 185,0 of 0,---,0,0,0:01,58 of 146,12 of 16,21 of 22,86 of 177,5 of 7,0 of 0
L,Li Jingliang,0,41 of 111,36%,41 of 111,0 of 0,---,0,0,0:23,12 of 64,4 of 10,25 of 37,41 of 111,0 of 0,0 of 0
W,Carlos Prates,3,55 of 84,65%,55 of 84,0 of 0,---,0,0,0:04,44 of 70,1 of 3,10 of 11,55 of 84,0 of 0,0 of 0
L,Junior Tafa,0,5 of 8,62%,10 of 13,0 of 0,---,0,0,0:00,4 of 7,1 of 1,0 of 0,4 of 7,1 of 1,0 of 0
W,Valter Walker,0,4 of 4,100%,20 of 23,2 of 3,66%,1,0,3:54,1 of 1,0 of 0,3 of 3,3 of 3,0 of 0,1 of 1
L,Josh Culibao,1,70 of 127,55%,92 of 150,0 of 0,---,0,0,1:30,40 of 91,9 of 10,21 of 26,58 of 112,1 of 1,11 of 14
W,Ricardo Ramos,0,27 of 118,22%,39 of 134,1 of 1,100%,1,0,4:09,16 of 92,6 of 11,5 of 15,25 of 116,2 of 2,0 of 0
W,Casey O'Neill,0,83 of 193,43%,113 of 227,0 of 2,0%,1,0,2:21,60 of 163,12 of 19,11 of 11,69 of 177,5 of 7,9 of 9
L,Luana Santos,0,41 of 97,42%,46 of 102,1 of 5,20%,0,0,2:21,26 of 75,10 of 17,5 of 5,41 of 94,0 of 3,0 of 0
W,Jack Jenkins,2,73 of 126,57%,98 of 152,0 of 0,---,0,0,2:44,44 of 95,15 of 15,14 of 16,59 of 99,0 of 1,14 of 26
L,Herbert Burns,0,24 of 79,30%,45 of 101,2 of 9,22%,0,0,1:54,11 of 61,7 of 10,6 of 8,21 of 73,3 of 4,0 of 2
W,Tom Nolan,0,84 of 176,47%,104 of 198,0 of 0,---,1,0,0:22,40 of 112,32 of 49,12 of 15,58 of 141,26 of 33,0 of 2
L,Alex Reyes,0,69 of 140,49%,89 of 161,2 of 5,40%,0,0,4:16,30 of 87,21 of 33,18 of 20,52 of 114,16 of 25,1 of 1
W,Song Kenan,0,87 of 170,51%,113 of 199,1 of 5,20%,0,0,0:48,65 of 147,19 of 20,3 of 3,66 of 142,21 of 28,0 of 0
L,Ricky Glenn,0,40 of 99,40%,67 of 127,2 of 15,13%,0,0,3:32,15 of 65,11 of 15,14 of 19,33 of 92,7 of 7,0 of 0
L,Stewart Nicoll,0,8 of 17,47%,15 of 29,1 of 1,100%,0,0,2:04,4 of 12,2 of 2,2 of 3,2 of 4,0 of 0,6 of 13
W,Jesus Aguilar,0,3 of 5,60%,3 of 5,0 of 0,---,1,0,0:16,3 of 5,0 of 0,0 of 0,3 of 5,0 of 0,0 of 0
L,Marcin Tybura,0,0 of 4,0%,9 of 18,0 of 0,---,0,1,0:43,0 of 2,0 of 2,0 of 0,0 of 4,0 of 0,0 of 0
W,Serghei Spivac,0,3 of 5,60%,8 of 11,1 of 1,100%,1,0,0:34,2 of 4,0 of 0,1 of 1,3 of 5,0 of 0,0 of 0
L,Damon Jackson,0,32 of 49,65%,49 of 72,1 of 5,20%,0,1,4:18,5 of 16,26 of 32,1 of 1,5 of 15,27 of 34,0 of 0
W,Chepe Mariscal,0,73 of 100,73%,218 of 267,5 of 7,71%,0,2,8:31,59 of 86,13 of 13,1 of 1,8 of 18,17 of 21,48 of 61
W,Danny Barlow,0,47 of 99,47%,52 of 107,0 of 2,0%,0,0,1:16,25 of 63,7 of 13,15 of 23,46 of 98,1 of 1,0 of 0
L,Nikolay Veretennikov,0,50 of 92,54%,59 of 101,0 of 2,0%,0,0,0:09,23 of 59,22 of 28,5 of 5,45 of 87,5 of 5,0 of 0
W,Chris Gutierrez,0,59 of 78,75%,69 of 88,0 of 0,---,0,0,0:12,23 of 34,4 of 5,32 of 39,58 of 77,1 of 1,0 of 0
L,Quang Le,0,16 of 69,23%,32 of 87,2 of 11,18%,0,0,4:05,6 of 55,5 of 8,5 of 6,15 of 63,0 of 0,1 of 6
W,Yana Santos,1,94 of 135,69%,135 of 186,0 of 0,---,0,0,1:00,30 of 58,38 of 50,26 of 27,58 of 94,36 of 41,0 of 0
L,Chelsea Chandler,0,56 of 124,45%,73 of 152,0 of 0,---,0,0,2:41,31 of 90,25 of 34,0 of 0,29 of 88,27 of 36,0 of 0
W,Toshiomi Kazama,0,2 of 5,40%,67 of 84,1 of 9,11%,1,1,4:19,2 of 4,0 of 1,0 of 0,0 of 3,0 of 0,2 of 2
L,Charalampos Grigoriou,1,26 of 38,68%,36 of 48,0 of 0,---,0,0,2:04,23 of 34,3 of 4,0 of 0,7 of 17,1 of 1,18 of 20
W,Karol Rosa,0,117 of 194,60%,140 of 223,1 of 2,50%,0,0,4:24,70 of 132,8 of 9,39 of 53,100 of 170,16 of 23,1 of 1
L,Pannie Kianzad,0,92 of 182,50%,138 of 229,0 of 0,---,0,0,0:00,56 of 138,20 of 27,16 of 17,82 of 163,10 of 19,0 of 0
W,Jhonata Diniz,0,59 of 103,57%,63 of 107,0 of 0,---,0,0,0:00,32 of 75,3 of 3,24 of 25,58 of 101,1 of 2,0 of 0
L,Karl Williams,0,29 of 84,34%,49 of 120,2 of 5,40%,0,0,2:39,22 of 74,2 of 4,5 of 6,25 of 75,0 of 0,4 of 9
W,Youssef Zalal,0,10 of 12,83%,10 of 12,1 of 2,50%,1,0,1:08,2 of 2,1 of 1,7 of 9,10 of 12,0 of 0,0 of 0
L,Jarno Errens,0,6 of 26,23%,7 of 27,0 of 0,---,0,0,0:00,3 of 22,3 of 3,0 of 1,6 of 26,0 of 0,0 of 0
W,Stephanie Luciano,1,72 of 175,41%,87 of 190,0 of 0,---,0,0,1:10,49 of 139,14 of 22,9 of 14,66 of 167,5 of 7,1 of 1
L,Talita Alencar,0,41 of 151,27%,45 of 159,1 of 10,10%,0,0,0:38,20 of 100,16 of 44,5 of 7,36 of 141,5 of 9,0 of 1
L,Cory Sandhagen,0,71 of 159,44%,80 of 172,0 of 2,0%,0,0,0:12,26 of 94,18 of 32,27 of 33,71 of 158,0 of 1,0 of 0
W,Umar Nurmagomedov,0,98 of 187,52%,123 of 219,5 of 13,38%,0,0,5:11,48 of 124,27 of 39,23 of 24,96 of 182,2 of 5,0 of 0
W,Shara Magomedov,0,97 of 178,54%,123 of 209,0 of 0,---,0,0,0:00,52 of 112,33 of 52,12 of 14,89 of 163,8 of 15,0 of 0
L,Michal Oleksiejczuk,0,77 of 146,52%,94 of 172,3 of 7,42%,0,0,2:39,45 of 103,18 of 27,14 of 16,72 of 138,4 of 6,1 of 2
L,Marlon Vera,0,52 of 117,44%,67 of 136,0 of 0,---,0,0,0:08,15 of 67,15 of 22,22 of 28,46 of 108,6 of 9,0 of 0
W,Deiveson Figueiredo,1,45 of 90,50%,59 of 104,2 of 14,14%,0,0,2:30,18 of 57,15 of 20,12 of 13,42 of 84,1 of 2,2 of 4
L,Tony Ferguson,0,10 of 18,55%,10 of 18,0 of 0,---,0,0,0:00,4 of 9,1 of 3,5 of 6,10 of 18,0 of 0,0 of 0
W,Michael Chiesa,0,4 of 25,16%,4 of 25,1 of 1,100%,1,0,0:34,3 of 23,1 of 2,0 of 0,4 of 25,0 of 0,0 of 0
W,Mackenzie Dern,0,72 of 203,35%,103 of 235,2 of 5,40%,0,0,2:45,61 of 188,5 of 6,6 of 9,66 of 195,6 of 8,0 of 0
L,Loopy Godinez,0,67 of 146,45%,72 of 152,2 of 3,66%,1,1,1:41,45 of 116,16 of 23,6 of 7,58 of 136,9 of 10,0 of 0
W,Joel Alvarez,1,95 of 141,67%,114 of 164,0 of 1,0%,1,0,0:51,67 of 111,24 of 26,4 of 4,71 of 112,24 of 29,0 of 0
L,Elves Brener,0,45 of 97,46%,45 of 98,0 of 5,0%,0,0,0:22,17 of 58,7 of 16,21 of 23,45 of 96,0 of 1,0 of 0
W,Azamat Murzakanov,1,45 of 85,52%,48 of 88,0 of 1,0%,0,0,0:44,34 of 69,11 of 16,0 of 0,43 of 82,0 of 1,2 of 2
L,Alonzo Menifield,0,15 of 74,20%,19 of 80,0 of 0,---,0,0,0:51,14 of 73,1 of 1,0 of 0,15 of 73,0 of 1,0 of 0
L,Mohammad Yahya,0,4 of 18,22%,4 of 18,0 of 0,---,0,0,0:00,2 of 15,0 of 1,2 of 2,4 of 18,0 of 0,0 of 0
W,Kaue Fernandes,1,37 of 63,58%,37 of 63,0 of 0,---,0,0,0:09,21 of 44,6 of 9,10 of 10,29 of 49,0 of 0,8 of 14
W,Shamil Gaziev,0,31 of 46,67%,89 of 114,2 of 3,66%,0,0,11:58,22 of 37,8 of 8,1 of 1,12 of 25,15 of 17,4 of 4
L,Don'Tale Mayes,0,27 of 58,46%,57 of 95,0 of 2,0%,0,0,0:00,18 of 45,5 of 9,4 of 4,25 of 53,2 of 5,0 of 0
W,Guram Kutateladze,0,30 of 68,44%,87 of 152,1 of 4,25%,0,0,4:05,13 of 48,13 of 16,4 of 4,15 of 50,11 of 11,4 of 7
L,Jordan Vucenic,1,34 of 85,40%,81 of 139,0 of 5,0%,0,0,4:32,23 of 72,10 of 12,1 of 1,24 of 71,7 of 9,3 of 5
L,Viktoriia Dudakova,0,61 of 144,42%,104 of 199,3 of 10,30%,0,0,4:38,45 of 122,15 of 21,1 of 1,50 of 125,11 of 19,0 of 0
W,Sam Hughes,0,97 of 193,50%,139 of 240,0 of 0,---,0,0,2:14,65 of 147,24 of 38,8 of 8,86 of 179,6 of 9,5 of 5
W,Jai Herbert,1,82 of 178,46%,89 of 185,2 of 3,66%,0,0,0:33,47 of 132,27 of 36,8 of 10,79 of 173,3 of 4,0 of 1
L,Rolando Bedoya,0,67 of 199,33%,71 of 206,0 of 1,0%,0,0,1:11,29 of 134,10 of 23,28 of 42,64 of 192,3 of 7,0 of 0
W,Sedriques Dumas,0,49 of 88,55%,95 of 140,3 of 10,30%,0,0,6:00,28 of 66,9 of 10,12 of 12,40 of 79,1 of 1,8 of 8
L,Denis Tiuliulin,0,26 of 70,37%,183 of 246,3 of 5,60%,0,0,2:27,10 of 49,13 of 18,3 of 3,24 of 67,2 of 2,0 of 1
L,Leon Edwards,0,47 of 71,66%,89 of 114,2 of 2,100%,0,2,7:11,32 of 53,12 of 15,3 of 3,35 of 58,6 of 7,6 of 6
W,Belal Muhammad,0,68 of 121,56%,192 of 281,9 of 13,69%,0,0,12:02,59 of 110,9 of 11,0 of 0,62 of 111,0 of 4,6 of 6
W,Tom Aspinall,1,14 of 19,73%,14 of 19,0 of 0,---,0,0,0:13,14 of 19,0 of 0,0 of 0,4 of 8,0 of 0,10 of 11
L,Curtis Blaydes,0,5 of 11,45%,5 of 12,0 of 0,---,0,0,0:00,5 of 11,0 of 0,0 of 0,5 of 11,0 of 0,0 of 0
L,King Green,0,15 of 21,71%,15 of 21,1 of 1,100%,0,0,0:34,2 of 6,3 of 5,10 of 10,15 of 21,0 of 0,0 of 0
W,Paddy Pimblett,0,8 of 13,61%,10 of 16,0 of 0,---,2,0,0:00,2 of 4,0 of 0,6 of 9,8 of 13,0 of 0,0 of 0
L,Christian Leroy Duncan,0,29 of 48,60%,53 of 77,0 of 0,---,0,0,1:45,13 of 28,7 of 10,9 of 10,23 of 40,6 of 8,0 of 0
W,Gregory Rodrigues,0,45 of 79,56%,78 of 120,4 of 12,33%,0,0,8:20,37 of 69,8 of 10,0 of 0,28 of 55,12 of 18,5 of 6
W,Arnold Allen,0,61 of 122,50%,61 of 122,0 of 1,0%,0,0,0:00,43 of 95,16 of 22,2 of 5,61 of 122,0 of 0,0 of 0
L,Giga Chikadze,0,38 of 111,34%,39 of 112,0 of 0,---,0,0,0:00,22 of 83,12 of 24,4 of 4,38 of 111,0 of 0,0 of 0
W,Nathaniel Wood,1,66 of 93,70%,81 of 110,0 of 0,---,1,1,3:42,35 of 56,12 of 14,19 of 23,55 of 79,0 of 0,11 of 14
L,Daniel Pineda,0,32 of 69,46%,80 of 125,1 of 6,16%,0,2,5:32,21 of 53,3 of 5,8 of 11,19 of 53,2 of 2,11 of 14
L,Molly McCann,0,32 of 56,57%,57 of 84,2 of 7,28%,0,0,3:31,19 of 38,11 of 15,2 of 3,28 of 52,2 of 2,2 of 2
W,Bruna Brasil,0,44 of 74,59%,63 of 99,3 of 3,100%,0,1,5:35,20 of 46,22 of 24,2 of 4,32 of 56,8 of 9,4 of 9
W,Jake Hadley,0,81 of 154,52%,107 of 181,0 of 1,0%,0,0,0:07,35 of 106,13 of 15,33 of 33,78 of 150,3 of 4,0 of 0
L,Caolan Loughran,0,66 of 181,36%,68 of 188,1 of 8,12%,0,0,1:47,33 of 136,18 of 29,15 of 16,64 of 178,1 of 2,1 of 1
W,Muhammad Mokaev,0,30 of 82,36%,47 of 102,3 of 8,37%,0,0,2:11,11 of 39,13 of 22,6 of 21,27 of 78,2 of 2,1 of 2
L,Manel Kape,0,20 of 48,41%,34 of 67,0 of 1,0%,0,0,0:04,16 of 39,4 of 7,0 of 2,20 of 48,0 of 0,0 of 0
W,Oban Elliott,0,44 of 125,35%,49 of 142,1 of 2,50%,0,0,4:56,36 of 116,4 of 5,4 of 4,41 of 122,3 of 3,0 of 0
L,Preston Parsons,0,36 of 93,38%,71 of 133,1 of 9,11%,0,0,1:58,15 of 66,4 of 9,17 of 18,31 of 85,5 of 8,0 of 0
W,Modestas Bukauskas,0,38 of 76,50%,56 of 101,2 of 2,100%,1,0,5:31,28 of 64,7 of 9,3 of 3,29 of 62,3 of 7,6 of 7
L,Marcin Prachnio,0,70 of 139,50%,120 of 200,0 of 0,---,0,0,0:09,19 of 74,31 of 44,20 of 21,58 of 123,12 of 16,0 of 0
W,Sam Patterson,0,9 of 26,34%,13 of 31,1 of 1,100%,1,0,0:56,8 of 24,1 of 2,0 of 0,9 of 26,0 of 0,0 of 0
L,Kiefer Crosbie,0,9 of 16,56%,10 of 17,0 of 0,---,0,0,0:15,4 of 8,0 of 0,5 of 8,9 of 16,0 of 0,0 of 0
W,Mick Parkin,1,34 of 52,65%,34 of 52,0 of 0,---,0,0,0:02,29 of 46,0 of 1,5 of 5,28 of 44,3 of 4,3 of 4
L,Lukasz Brzeski,0,24 of 42,57%,26 of 44,0 of 0,---,0,0,0:00,12 of 28,3 of 5,9 of 9,20 of 38,4 of 4,0 of 0
W,Shauna Bannon,0,77 of 169,45%,151 of 252,0 of 2,0%,0,0,0:10,44 of 119,22 of 36,11 of 14,73 of 164,4 of 5,0 of 0
L,Alice Ardelean,0,57 of 105,54%,80 of 139,2 of 4,50%,0,0,5:54,42 of 84,10 of 15,5 of 6,50 of 97,3 of 3,4 of 5
L,Amanda Lemos,0,2 of 9,22%,5 of 12,0 of 0,---,1,1,0:51,2 of 8,0 of 0,0 of 1,1 of 8,0 of 0,1 of 1
W,Virna Jandiroba,0,2 of 8,25%,20 of 27,1 of 5,20%,4,1,6:27,2 of 7,0 of 0,0 of 1,2 of 8,0 of 0,0 of 0
W,Steve Garcia,1,15 of 27,55%,18 of 34,0 of 1,0%,0,0,0:37,10 of 19,2 of 5,3 of 3,9 of 19,1 of 2,5 of 6
L,SeungWoo Choi,0,9 of 15,60%,9 of 16,0 of 0,---,0,0,0:00,7 of 13,0 of 0,2 of 2,9 of 15,0 of 0,0 of 0
W,Kurt Holobaugh,0,92 of 171,53%,171 of 275,1 of 4,25%,0,1,5:21,58 of 131,25 of 30,9 of 10,74 of 141,18 of 30,0 of 0
L,Kaynan Kruschewsky,0,89 of 156,57%,115 of 195,3 of 3,100%,2,0,2:47,61 of 120,27 of 35,1 of 1,53 of 114,28 of 33,8 of 9
L,Cody Durden,0,28 of 63,44%,31 of 68,1 of 1,100%,3,0,2:35,20 of 52,5 of 7,3 of 4,27 of 62,1 of 1,0 of 0
W,Bruno Silva,1,42 of 73,57%,45 of 77,0 of 2,0%,0,0,0:23,31 of 57,6 of 10,5 of 6,24 of 51,1 of 1,17 of 21
W,Dooho Choi,0,21 of 35,60%,32 of 47,2 of 3,66%,3,0,1:33,15 of 28,3 of 3,3 of 4,17 of 30,3 of 4,1 of 1
L,Bill Algeo,0,17 of 49,34%,38 of 74,2 of 3,66%,0,1,3:09,11 of 36,3 of 5,3 of 8,14 of 45,2 of 2,1 of 2
L,JeongYeong Lee,0,4 of 10,40%,4 of 10,0 of 0,---,0,0,0:04,3 of 9,1 of 1,0 of 0,4 of 10,0 of 0,0 of 0
W,Hyder Amil,0,42 of 63,66%,42 of 63,0 of 0,---,0,0,0:00,37 of 54,2 of 3,3 of 6,42 of 63,0 of 0,0 of 0
L,Brian Kelleher,0,2 of 12,16%,2 of 13,0 of 0,---,0,0,0:05,0 of 8,0 of 1,2 of 3,2 of 12,0 of 0,0 of 0
W,Cody Gibson,0,13 of 24,54%,18 of 30,2 of 5,40%,1,0,2:38,9 of 19,2 of 3,2 of 2,10 of 18,3 of 5,0 of 1
W,Miranda Maverick,0,30 of 88,34%,102 of 188,2 of 5,40%,0,0,8:07,9 of 55,7 of 15,14 of 18,23 of 77,2 of 2,5 of 9
L,Dione Barbosa,0,21 of 52,40%,47 of 85,1 of 2,50%,1,0,0:49,19 of 47,1 of 4,1 of 1,19 of 50,2 of 2,0 of 0
L,Loik Radzhabov,0,42 of 86,48%,97 of 157,0 of 0,---,0,0,1:36,38 of 78,2 of 6,2 of 2,23 of 56,1 of 1,18 of 29
W,Trey Ogden,0,24 of 47,51%,116 of 148,4 of 5,80%,2,0,9:47,14 of 35,5 of 5,5 of 7,21 of 44,2 of 2,1 of 1
W,Luana Carolina,0,94 of 167,56%,114 of 199,0 of 1,0%,0,0,0:41,45 of 101,23 of 35,26 of 31,73 of 142,21 of 25,0 of 0
L,Lucie Pudilova,0,43 of 114,37%,62 of 145,2 of 4,50%,0,0,2:05,25 of 86,16 of 23,2 of 5,27 of 93,16 of 21,0 of 0
L,Mohammed Usman,0,63 of 185,34%,63 of 185,0 of 1,0%,0,0,0:00,44 of 151,19 of 33,0 of 1,61 of 181,2 of 4,0 of 0
W,Thomas Petersen,0,76 of 138,55%,98 of 164,2 of 5,40%,0,0,1:01,58 of 117,13 of 16,5 of 5,72 of 134,3 of 3,1 of 1
W,Rose Namajunas,1,96 of 180,53%,119 of 215,5 of 5,100%,0,0,6:36,66 of 146,17 of 20,13 of 14,93 of 175,3 of 5,0 of 0
L,Tracy Cortez,0,58 of 198,29%,85 of 233,2 of 5,40%,0,0,0:58,31 of 162,14 of 17,13 of 19,52 of 189,6 of 9,0 of 0
L,Santiago Ponzinibbio,0,41 of 117,35%,42 of 118,2 of 5,40%,0,0,2:29,31 of 102,5 of 7,5 of 8,40 of 116,1 of 1,0 of 0
W,Muslim Salikhov,0,46 of 121,38%,69 of 146,0 of 5,0%,0,0,0:00,20 of 87,20 of 27,6 of 7,45 of 120,1 of 1,0 of 0
L,Drew Dober,0,59 of 147,40%,59 of 148,0 of 4,0%,0,0,0:30,29 of 109,21 of 28,9 of 10,55 of 138,4 of 9,0 of 0
W,Jean Silva,0,53 of 109,48%,53 of 109,0 of 0,---,0,0,0:00,37 of 89,15 of 19,1 of 1,48 of 101,5 of 7,0 of 1
W,Gabriel Bonfim,0,101 of 225,44%,106 of 232,1 of 1,100%,0,0,0:10,64 of 182,32 of 38,5 of 5,85 of 204,16 of 20,0 of 1
L,Ange Loosa,0,52 of 153,33%,60 of 166,4 of 13,30%,0,0,2:35,37 of 125,7 of 19,8 of 9,45 of 144,2 of 2,5 of 7
W,Julian Erosa,0,35 of 88,39%,39 of 94,1 of 1,100%,1,0,0:41,27 of 73,7 of 13,1 of 2,33 of 84,2 of 4,0 of 0
L,Christian Rodriguez,0,33 of 75,44%,33 of 76,0 of 0,---,0,1,0:19,26 of 67,2 of 2,5 of 6,31 of 73,0 of 0,2 of 2
NC,Abdul Razak Alhassan,0,23 of 30,76%,24 of 35,0 of 0,---,0,0,0:27,23 of 30,0 of 0,0 of 0,0 of 0,4 of 4,19 of 26
NC,Cody Brundage,0,1 of 2,50%,1 of 2,0 of 1,0%,0,0,0:03,1 of 2,0 of 0,0 of 0,1 of 2,0 of 0,0 of 0
L,Joshua Van,0,67 of 133,50%,72 of 140,1 of 1,100%,0,0,0:15,44 of 106,17 of 20,6 of 7,60 of 123,7 of 9,0 of 1
W,Charles Johnson,1,88 of 191,46%,90 of 195,0 of 2,0%,0,0,0:34,44 of 124,25 of 41,19 of 26,84 of 184,3 of 6,1 of 1
W,Jasmine Jasudavicius,0,40 of 89,44%,93 of 165,4 of 6,66%,1,0,7:48,25 of 65,9 of 18,6 of 6,27 of 70,4 of 6,9 of 13
L,Fatima Kline,0,39 of 81,48%,48 of 94,1 of 1,100%,0,0,0:52,32 of 73,5 of 6,2 of 2,33 of 74,3 of 4,3 of 3
W,Montel Jackson,1,4 of 6,66%,4 of 6,0 of 0,---,0,0,0:02,4 of 5,0 of 1,0 of 0,1 of 3,0 of 0,3 of 3
L,Da'Mon Blackshear,0,1 of 1,100%,1 of 1,0 of 0,---,0,0,0:00,0 of 0,0 of 0,1 of 1,1 of 1,0 of 0,0 of 0
W,Luana Santos,0,2 of 4,50%,9 of 12,1 of 1,100%,3,0,2:23,2 of 4,0 of 0,0 of 0,2 of 4,0 of 0,0 of 0
L,Mariya Agapova,0,3 of 14,21%,20 of 31,0 of 0,---,0,0,0:00,1 of 5,0 of 2,2 of 7,3 of 14,0 of 0,0 of 0
L,Josh Fremd,0,16 of 24,66%,60 of 74,0 of 0,---,0,0,0:13,10 of 15,6 of 8,0 of 1,14 of 20,1 of 3,1 of 1
W,Andre Petroski,0,12 of 18,66%,30 of 51,3 of 4,75%,1,0,12:50,5 of 11,5 of 5,2 of 2,10 of 14,0 of 0,2 of 4
W,Evan Elder,0,45 of 86,52%,61 of 104,0 of 1,0%,1,1,2:01,17 of 51,27 of 33,1 of 2,29 of 60,3 of 5,13 of 21
L,Darrius Flowers,0,24 of 60,40%,26 of 65,1 of 2,50%,0,1,0:28,12 of 37,5 of 13,7 of 10,21 of 56,3 of 4,0 of 0
W,Alex Pereira,2,38 of 50,76%,49 of 61,0 of 0,---,0,0,0:03,21 of 32,8 of 9,9 of 9,21 of 31,7 of 7,10 of 12
L,Jiri Prochazka,0,7 of 25,28%,7 of 25,0 of 0,---,0,0,1:11,4 of 20,2 of 4,1 of 1,6 of 24,1 of 1,0 of 0
L,Dan Ige,0,42 of 77,54%,67 of 103,0 of 1,0%,0,0,1:39,34 of 67,4 of 5,4 of 5,24 of 53,3 of 4,15 of 20
W,Diego Lopes,0,49 of 100,49%,90 of 143,1 of 3,33%,1,0,4:06,32 of 74,8 of 14,9 of 12,38 of 85,10 of 14,1 of 1
L,Anthony Smith,0,51 of 93,54%,51 of 93,0 of 0,---,0,0,0:00,27 of 67,4 of 4,20 of 22,51 of 93,0 of 0,0 of 0
W,Roman Dolidze,0,100 of 185,54%,103 of 188,1 of 3,33%,0,0,3:33,61 of 135,12 of 16,27 of 34,65 of 132,3 of 4,32 of 49
L,Mayra Bueno Silva,0,46 of 59,77%,53 of 66,0 of 4,0%,0,0,1:19,24 of 34,20 of 22,2 of 3,21 of 32,23 of 25,2 of 2
W,Macy Chiasson,0,50 of 85,58%,64 of 99,1 of 1,100%,0,0,1:48,27 of 59,13 of 16,10 of 10,22 of 52,18 of 23,10 of 10
W,Ian Machado Garry,0,19 of 39,48%,65 of 101,2 of 5,40%,2,0,7:29,12 of 26,3 of 7,4 of 6,9 of 25,5 of 7,5 of 7
L,Michael Page,0,21 of 38,55%,52 of 74,0 of 0,---,0,0,1:52,15 of 28,4 of 5,2 of 5,19 of 34,0 of 1,2 of 3
W,Joe Pyfer,1,8 of 10,80%,8 of 10,0 of 0,---,0,0,0:01,4 of 5,1 of 2,3 of 3,7 of 9,0 of 0,1 of 1
L,Marc-Andre Barriault,0,0 of 5,0%,0 of 5,0 of 0,---,0,0,0:00,0 of 3,0 of 1,0 of 1,0 of 5,0 of 0,0 of 0
L,Cub Swanson,0,62 of 111,55%,90 of 140,0 of 2,0%,0,0,0:29,43 of 86,7 of 11,12 of 14,53 of 101,9 of 10,0 of 0
W,Andre Fili,0,67 of 147,45%,70 of 151,2 of 11,18%,0,0,3:50,49 of 118,13 of 22,5 of 7,52 of 126,15 of 21,0 of 0
L,Charles Jourdain,0,23 of 46,50%,24 of 48,3 of 7,42%,0,0,1:17,6 of 26,11 of 14,6 of 6,17 of 39,5 of 5,1 of 2
W,Jean Silva,2,34 of 55,61%,35 of 56,0 of 0,---,0,0,0:09,26 of 47,7 of 7,1 of 1,14 of 31,16 of 19,4 of 5
W,Payton Talbott,1,13 of 13,100%,13 of 13,0 of 0,---,0,0,0:01,12 of 12,0 of 0,1 of 1,4 of 4,0 of 0,9 of 9
L,Yanis Ghemmouri,0,1 of 2,50%,1 of 2,0 of 0,---,0,0,0:00,0 of 1,0 of 0,1 of 1,1 of 2,0 of 0,0 of 0
L,Michelle Waterson-Gomez,0,21 of 52,40%,41 of 75,1 of 1,100%,0,0,0:19,19 of 48,1 of 3,1 of 1,9 of 37,3 of 4,9 of 11
W,Gillian Robertson,0,77 of 105,73%,122 of 156,2 of 6,33%,2,0,12:34,67 of 94,9 of 9,1 of 2,10 of 24,0 of 0,67 of 81
L,Andrei Arlovski,0,74 of 119,62%,98 of 147,0 of 1,0%,0,0,4:58,34 of 69,26 of 33,14 of 17,54 of 97,20 of 22,0 of 0
W,Martin Buday,0,54 of 84,64%,165 of 199,0 of 0,---,0,0,2:40,24 of 51,25 of 27,5 of 6,23 of 48,31 of 36,0 of 0
W,Rei Tsuruya,0,17 of 32,53%,62 of 83,3 of 8,37%,0,0,6:19,15 of 30,2 of 2,0 of 0,2 of 12,2 of 3,13 of 17
L,Carlos Hernandez,0,16 of 32,50%,26 of 45,1 of 2,50%,0,0,4:29,7 of 23,5 of 5,4 of 4,8 of 23,4 of 5,4 of 4
L,Ricky Simon,0,42 of 96,43%,44 of 98,2 of 11,18%,0,0,0:31,26 of 76,12 of 16,4 of 4,40 of 93,2 of 3,0 of 0
W,Vinicius Oliveira,0,96 of 237,40%,96 of 237,1 of 1,100%,0,0,0:16,53 of 184,20 of 24,23 of 29,94 of 234,1 of 2,1 of 1
W,Robert Whittaker,1,14 of 21,66%,14 of 21,0 of 0,---,0,0,0:03,12 of 19,0 of 0,2 of 2,12 of 18,0 of 0,2 of 3
L,Ikram Aliskerov,0,5 of 15,33%,5 of 15,0 of 0,---,0,0,0:00,3 of 10,1 of 4,1 of 1,5 of 15,0 of 0,0 of 0
L,Sergei Pavlovich,0,46 of 134,34%,46 of 134,0 of 1,0%,0,0,0:15,38 of 120,7 of 13,1 of 1,46 of 134,0 of 0,0 of 0
W,Alexander Volkov,0,83 of 159,52%,83 of 160,0 of 0,---,0,0,0:00,35 of 89,16 of 28,32 of 42,83 of 159,0 of 0,0 of 0
W,Kelvin Gastelum,0,112 of 238,47%,123 of 250,4 of 4,100%,0,0,2:47,77 of 193,14 of 20,21 of 25,105 of 226,0 of 0,7 of 12
L,Daniel Rodriguez,0,127 of 265,47%,132 of 273,0 of 0,---,0,0,0:00,82 of 214,36 of 41,9 of 10,127 of 265,0 of 0,0 of 0
W,Shara Magomedov,1,82 of 108,75%,108 of 136,0 of 0,---,0,0,0:17,28 of 52,22 of 24,32 of 32,69 of 94,13 of 14,0 of 0
L,Antonio Trocoli,0,16 of 34,47%,39 of 77,0 of 7,0%,0,0,4:42,8 of 22,7 of 10,1 of 2,12 of 29,4 of 5,0 of 0
L,Johnny Walker,0,15 of 33,45%,15 of 33,0 of 0,---,0,0,0:00,6 of 20,3 of 6,6 of 7,15 of 33,0 of 0,0 of 0
W,Volkan Oezdemir,2,37 of 67,55%,37 of 67,0 of 0,---,0,0,0:06,22 of 49,9 of 12,6 of 6,33 of 59,2 of 4,2 of 4
W,Nasrat Haqparast,0,146 of 316,46%,156 of 330,0 of 0,---,0,0,0:03,122 of 288,23 of 27,1 of 1,133 of 298,8 of 10,5 of 8
L,Jared Gordon,0,141 of 299,47%,170 of 338,0 of 13,0%,0,0,2:49,125 of 275,12 of 19,4 of 5,128 of 274,13 of 25,0 of 0
L,Muhammad Naimov,0,30 of 85,35%,55 of 120,1 of 5,20%,0,0,2:36,14 of 60,6 of 15,10 of 10,26 of 72,2 of 7,2 of 6
W,Felipe Lima,0,37 of 70,52%,62 of 98,1 of 2,50%,1,0,1:06,10 of 37,14 of 19,13 of 14,31 of 60,6 of 10,0 of 0
W,Rinat Fakhretdinov,0,68 of 134,50%,99 of 173,5 of 11,45%,0,0,6:17,53 of 113,10 of 13,5 of 8,49 of 109,19 of 25,0 of 0
L,Nicolas Dalby,0,66 of 134,49%,123 of 195,0 of 4,0%,0,0,3:57,36 of 96,25 of 33,5 of 5,38 of 95,28 of 39,0 of 0
L,Kyung Ho Kang,0,12 of 35,34%,119 of 152,3 of 11,27%,0,0,4:56,8 of 28,2 of 4,2 of 3,11 of 33,0 of 1,1 of 1
W,Muin Gafurov,0,47 of 71,66%,110 of 144,1 of 3,33%,0,1,6:38,27 of 45,10 of 14,10 of 12,25 of 47,6 of 6,16 of 18
W,Magomed Gadzhiyasulov,0,26 of 39,66%,93 of 135,5 of 5,100%,0,0,9:59,15 of 25,4 of 4,7 of 10,12 of 23,4 of 4,10 of 12
L,Brendson Ribeiro,0,17 of 35,48%,29 of 51,3 of 6,50%,1,1,1:56,6 of 19,4 of 4,7 of 12,13 of 29,3 of 5,1 of 1
L,Xiao Long,0,68 of 103,66%,135 of 187,2 of 5,40%,0,0,6:19,27 of 49,33 of 46,8 of 8,26 of 44,42 of 59,0 of 0
W,ChangHo Lee,0,84 of 119,70%,173 of 228,2 of 9,22%,0,0,1:48,28 of 47,54 of 68,2 of 4,18 of 33,66 of 86,0 of 0
L,Alex Perez,0,41 of 77,53%,45 of 81,1 of 1,100%,0,0,0:24,22 of 49,10 of 13,9 of 15,31 of 64,10 of 13,0 of 0
W,Tatsuro Taira,0,31 of 66,46%,43 of 78,2 of 2,100%,0,0,0:48,25 of 57,2 of 4,4 of 5,28 of 59,3 of 7,0 of 0
L,Douglas Silva de Andrade,0,36 of 119,30%,36 of 119,0 of 1,0%,0,0,0:07,21 of 80,6 of 21,9 of 18,36 of 118,0 of 1,0 of 0
W,Miles Johns,0,50 of 96,52%,52 of 98,0 of 3,0%,0,0,0:05,37 of 82,6 of 7,7 of 7,50 of 96,0 of 0,0 of 0
L,Timmy Cuamba,0,59 of 116,50%,73 of 136,2 of 5,40%,0,0,2:18,35 of 87,14 of 17,10 of 12,48 of 100,0 of 0,11 of 16
W,Lucas Almeida,1,70 of 196,35%,91 of 220,0 of 0,---,0,0,0:47,43 of 153,13 of 28,14 of 15,65 of 190,2 of 3,3 of 3
W,Brady Hiestand,0,22 of 50,44%,42 of 76,6 of 13,46%,3,0,5:36,14 of 39,7 of 10,1 of 1,18 of 44,4 of 6,0 of 0
L,Garrett Armfield,1,49 of 83,59%,59 of 94,0 of 0,---,1,1,2:57,41 of 73,8 of 10,0 of 0,22 of 43,5 of 6,22 of 34
W,Asu Almabayev,0,20 of 29,68%,77 of 109,6 of 11,54%,4,1,11:24,12 of 19,3 of 3,5 of 7,4 of 10,5 of 5,11 of 14
L,Jose Johnson,0,5 of 21,23%,58 of 79,1 of 1,100%,1,0,1:03,3 of 16,1 of 4,1 of 1,4 of 18,1 of 2,0 of 1
L,Josh Quinlan,0,53 of 126,42%,53 of 126,0 of 0,---,0,0,0:00,25 of 93,11 of 14,17 of 19,53 of 126,0 of 0,0 of 0
W,Adam Fugitt,0,80 of 205,39%,80 of 205,0 of 2,0%,0,0,0:00,29 of 131,40 of 59,11 of 15,80 of 204,0 of 1,0 of 0
L,Jimmy Flick,0,37 of 75,49%,41 of 80,1 of 8,12%,2,0,2:41,8 of 26,21 of 35,8 of 14,28 of 64,9 of 11,0 of 0
W,Nate Maness,0,89 of 168,52%,139 of 234,0 of 0,---,2,0,4:23,63 of 135,17 of 23,9 of 10,64 of 131,19 of 26,6 of 11
L,Carli Judice,0,169 of 323,52%,186 of 345,2 of 4,50%,0,0,1:04,110 of 251,42 of 55,17 of 17,149 of 297,20 of 26,0 of 0
W,Gabriella Fernandes,0,119 of 234,50%,126 of 245,2 of 8,25%,0,0,2:40,89 of 198,21 of 25,9 of 11,95 of 200,24 of 34,0 of 0
L,Jeka Saragih,0,4 of 8,50%,4 of 9,0 of 1,0%,0,0,0:53,2 of 6,1 of 1,1 of 1,3 of 5,0 of 0,1 of 3
W,Westin Wilson,0,0 of 1,0%,2 of 3,1 of 3,33%,3,0,0:35,0 of 1,0 of 0,0 of 0,0 of 1,0 of 0,0 of 0
W,Melquizael Costa,0,16 of 35,45%,76 of 106,2 of 2,100%,2,1,3:00,8 of 20,5 of 10,3 of 5,8 of 22,5 of 7,3 of 6
L,Shayilan Nuerdanbieke,0,6 of 8,75%,20 of 28,4 of 10,40%,1,2,6:26,4 of 6,1 of 1,1 of 1,4 of 6,2 of 2,0 of 0
W,Josefine Knutsson,0,124 of 244,50%,145 of 271,0 of 0,---,0,1,0:43,68 of 173,31 of 43,25 of 28,109 of 220,12 of 19,3 of 5
L,Julia Polastri,0,64 of 122,52%,86 of 152,3 of 3,100%,1,0,4:34,38 of 83,19 of 29,7 of 10,43 of 91,3 of 6,18 of 25
L,Jared Cannonier,0,64 of 109,58%,102 of 152,1 of 1,100%,0,0,6:18,42 of 81,9 of 11,13 of 17,58 of 100,6 of 9,0 of 0
W,Nassourdine Imavov,0,82 of 134,61%,106 of 159,2 of 3,66%,0,0,1:10,61 of 112,16 of 17,5 of 5,64 of 114,17 of 19,1 of 1
W,Dominick Reyes,2,20 of 33,60%,20 of 33,0 of 0,---,0,0,0:03,15 of 26,3 of 4,2 of 3,16 of 24,2 of 3,2 of 6
L,Dustin Jacoby,0,6 of 16,37%,6 of 16,0 of 0,---,0,0,0:00,1 of 7,0 of 1,5 of 8,6 of 16,0 of 0,0 of 0
W,Raul Rosas Jr.,0,3 of 9,33%,25 of 34,4 of 7,57%,1,1,5:49,2 of 7,0 of 0,1 of 2,2 of 8,0 of 0,1 of 1
L,Ricky Turcios,0,7 of 15,46%,64 of 78,0 of 0,---,1,0,0:52,3 of 10,1 of 1,3 of 4,6 of 14,1 of 1,0 of 0
W,Brunno Ferreira,1,24 of 36,66%,27 of 40,0 of 0,---,0,0,0:10,16 of 27,6 of 7,2 of 2,22 of 33,2 of 3,0 of 0
L,Dustin Stoltzfus,0,18 of 40,45%,20 of 44,1 of 2,50%,2,0,1:31,12 of 34,4 of 4,2 of 2,13 of 34,3 of 3,2 of 3
L,Julian Marquez,0,1 of 1,100%,1 of 1,0 of 0,---,0,0,0:00,0 of 0,0 of 0,1 of 1,1 of 1,0 of 0,0 of 0
W,Zach Reese,1,6 of 9,66%,6 of 9,0 of 0,---,0,0,0:03,5 of 8,1 of 1,0 of 0,2 of 4,0 of 0,4 of 5
L,Miguel Baeza,0,7 of 12,58%,22 of 33,0 of 2,0%,3,0,0:47,0 of 1,6 of 8,1 of 3,5 of 9,2 of 3,0 of 0
W,Punahele Soriano,0,144 of 175,82%,331 of 394,5 of 6,83%,0,0,10:58,129 of 158,13 of 15,2 of 2,3 of 7,5 of 5,136 of 163
L,Thiago Moises,0,24 of 60,40%,25 of 62,0 of 8,0%,1,0,1:09,7 of 37,3 of 7,14 of 16,22 of 55,2 of 5,0 of 0
W,Ludovit Klein,2,56 of 104,53%,86 of 153,1 of 1,100%,0,0,3:08,24 of 69,20 of 23,12 of 12,45 of 78,4 of 6,7 of 20
L,Charles Radtke,0,14 of 27,51%,33 of 48,0 of 2,0%,0,0,0:23,7 of 19,3 of 4,4 of 4,13 of 26,1 of 1,0 of 0
W,Carlos Prates,1,15 of 36,41%,15 of 36,0 of 0,---,0,0,0:04,5 of 19,4 of 10,6 of 7,15 of 36,0 of 0,0 of 0
W,Brad Katona,0,68 of 113,60%,148 of 217,3 of 3,100%,0,0,10:50,59 of 101,3 of 6,6 of 6,27 of 56,1 of 1,40 of 56
L,Jesse Butler,0,30 of 82,36%,32 of 90,0 of 0,---,0,0,0:00,16 of 63,9 of 14,5 of 5,30 of 82,0 of 0,0 of 0
L,Andrea Lee,0,75 of 152,49%,115 of 201,0 of 2,0%,0,2,2:08,37 of 109,29 of 31,9 of 12,58 of 129,13 of 16,4 of 7
W,Montana De La Rosa,0,70 of 180,38%,88 of 206,3 of 6,50%,1,0,2:09,53 of 156,12 of 17,5 of 7,62 of 161,5 of 16,3 of 3
L,John Castaneda,0,60 of 123,48%,68 of 134,1 of 5,20%,0,0,2:12,26 of 75,9 of 16,25 of 32,59 of 122,1 of 1,0 of 0
W,Daniel Marcos,1,98 of 171,57%,101 of 177,0 of 0,---,0,0,1:01,71 of 131,21 of 31,6 of 9,81 of 150,17 of 20,0 of 1
L,Eduarda Moura,0,18 of 47,38%,27 of 66,5 of 26,19%,0,0,6:36,12 of 40,4 of 5,2 of 2,12 of 39,5 of 6,1 of 2
W,Denise Gomes,0,50 of 88,56%,137 of 184,0 of 1,0%,1,2,2:20,19 of 46,22 of 30,9 of 12,31 of 60,17 of 22,2 of 6
L,Cody Stamann,0,59 of 143,41%,64 of 150,1 of 6,16%,0,0,3:24,23 of 101,28 of 33,8 of 9,47 of 125,12 of 18,0 of 0
W,Taylor Lapilus,0,100 of 180,55%,107 of 190,0 of 0,---,0,0,0:27,60 of 132,25 of 31,15 of 17,84 of 162,16 of 18,0 of 0
L,Rayanne dos Santos,0,84 of 150,56%,86 of 152,0 of 3,0%,0,0,0:49,47 of 92,29 of 46,8 of 12,79 of 144,5 of 6,0 of 0
W,Puja Tomar,0,95 of 199,47%,99 of 203,0 of 0,---,0,0,0:11,29 of 112,50 of 59,16 of 28,94 of 194,1 of 5,0 of 0
W,Islam Makhachev,0,88 of 156,56%,147 of 222,5 of 16,31%,2,0,10:23,81 of 148,7 of 7,0 of 1,71 of 136,11 of 14,6 of 6
L,Dustin Poirier,0,74 of 183,40%,104 of 218,0 of 0,---,0,0,0:30,53 of 159,18 of 20,3 of 4,51 of 157,23 of 26,0 of 0
W,Sean Strickland,0,182 of 402,45%,182 of 402,0 of 0,---,0,0,0:01,104 of 258,67 of 127,11 of 17,179 of 397,3 of 5,0 of 0
L,Paulo Costa,0,158 of 266,59%,158 of 266,0 of 0,---,0,0,0:00,28 of 100,84 of 111,46 of 55,157 of 265,1 of 1,0 of 0
W,Kevin Holland,0,8 of 17,47%,8 of 17,0 of 0,---,1,0,0:16,5 of 13,3 of 4,0 of 0,8 of 17,0 of 0,0 of 0
L,Michal Oleksiejczuk,0,8 of 18,44%,9 of 19,0 of 0,---,0,0,0:31,5 of 15,3 of 3,0 of 0,6 of 13,0 of 0,2 of 5
W,Niko Price,0,108 of 224,48%,138 of 259,5 of 5,100%,0,1,3:37,78 of 181,24 of 33,6 of 10,78 of 182,9 of 19,21 of 23
L,Alex Morono,0,96 of 210,45%,111 of 225,1 of 1,100%,0,0,0:56,74 of 184,13 of 15,9 of 11,91 of 204,2 of 3,3 of 3
W,Randy Brown,0,67 of 141,47%,89 of 166,0 of 0,---,2,1,0:42,50 of 120,5 of 8,12 of 13,61 of 133,2 of 2,4 of 6
L,Elizeu Zaleski dos Santos,0,26 of 76,34%,42 of 94,4 of 7,57%,1,0,5:33,8 of 50,3 of 9,15 of 17,24 of 73,1 of 2,1 of 1
L,Cesar Almeida,0,58 of 105,55%,114 of 162,0 of 0,---,0,0,0:00,18 of 52,24 of 30,16 of 23,51 of 97,6 of 6,1 of 2
W,Roman Kopylov,1,41 of 71,57%,74 of 114,5 of 9,55%,0,0,8:39,34 of 63,5 of 6,2 of 2,32 of 61,0 of 0,9 of 10
W,Jailton Almeida,0,1 of 2,50%,2 of 3,1 of 2,50%,2,0,2:07,0 of 0,1 of 2,0 of 0,1 of 2,0 of 0,0 of 0
L,Alexandr Romanov,0,1 of 1,100%,1 of 1,0 of 0,---,0,0,0:00,0 of 0,0 of 0,1 of 1,1 of 1,0 of 0,0 of 0
W,Grant Dawson,0,46 of 70,65%,146 of 190,3 of 3,100%,0,0,13:46,39 of 62,6 of 7,1 of 1,7 of 14,1 of 1,38 of 55
L,Joe Solecki,0,12 of 19,63%,27 of 35,0 of 2,0%,1,0,0:14,10 of 17,1 of 1,1 of 1,6 of 11,1 of 3,5 of 5
L,Phil Rowe,0,34 of 104,32%,40 of 111,0 of 1,0%,0,1,1:50,27 of 92,1 of 3,6 of 9,32 of 102,2 of 2,0 of 0
W,Jake Matthews,0,66 of 164,40%,89 of 188,1 of 1,100%,0,1,3:04,36 of 125,18 of 27,12 of 12,60 of 155,3 of 6,3 of 3
L,Mickey Gall,0,83 of 143,58%,93 of 153,1 of 2,50%,0,0,0:08,70 of 126,13 of 17,0 of 0,78 of 136,4 of 6,1 of 1
W,Bassil Hafez,0,95 of 201,47%,101 of 210,3 of 5,60%,0,0,1:12,83 of 187,7 of 9,5 of 5,91 of 194,1 of 4,3 of 3
W,Ailin Perez,1,42 of 62,67%,68 of 91,6 of 11,54%,0,2,4:18,16 of 28,15 of 19,11 of 15,24 of 44,8 of 8,10 of 10
L,Joselyne Edwards,0,27 of 64,42%,130 of 179,0 of 0,---,1,4,5:11,9 of 37,8 of 14,10 of 13,24 of 59,1 of 3,2 of 2
L,Mitch Raposo,0,32 of 76,42%,32 of 76,1 of 2,50%,0,0,0:09,20 of 58,12 of 18,0 of 0,32 of 76,0 of 0,0 of 0
W,Andre Lima,0,51 of 100,51%,52 of 101,0 of 1,0%,0,0,0:09,14 of 47,7 of 12,30 of 41,49 of 98,2 of 2,0 of 0
L,Edson Barboza,0,79 of 242,32%,79 of 242,0 of 0,---,0,0,0:17,38 of 189,15 of 21,26 of 32,77 of 239,2 of 3,0 of 0
W,Lerone Murphy,0,220 of 364,60%,259 of 410,4 of 6,66%,0,0,5:19,172 of 308,27 of 34,21 of 22,205 of 344,13 of 17,2 of 3
W,Khaos Williams,1,12 of 20,60%,12 of 20,0 of 0,---,0,0,0:01,5 of 9,2 of 4,5 of 7,11 of 19,0 of 0,1 of 1
L,Carlston Harris,0,14 of 30,46%,14 of 30,0 of 0,---,0,0,0:00,10 of 25,1 of 2,3 of 3,14 of 30,0 of 0,0 of 0
W,Themba Gorimbo,0,43 of 52,82%,110 of 134,5 of 6,83%,0,1,10:13,9 of 13,31 of 35,3 of 4,6 of 10,35 of 38,2 of 4
L,Ramiz Brahimaj,0,3 of 6,50%,15 of 20,1 of 8,12%,0,0,3:44,0 of 2,3 of 4,0 of 0,0 of 2,3 of 4,0 of 0
W,Adrian Yanez,1,36 of 56,64%,36 of 58,0 of 0,---,0,0,0:17,27 of 45,1 of 2,8 of 9,15 of 28,0 of 0,21 of 28
L,Vinicius Salvador,0,17 of 34,50%,17 of 34,0 of 0,---,0,0,0:00,6 of 20,6 of 6,5 of 8,17 of 34,0 of 0,0 of 0
L,Luana Pinheiro,0,17 of 60,28%,25 of 77,1 of 7,14%,0,0,0:04,11 of 51,3 of 6,3 of 3,15 of 54,2 of 6,0 of 0
W,Angela Hill,0,28 of 79,35%,39 of 91,2 of 6,33%,1,1,3:06,19 of 64,9 of 15,0 of 0,21 of 71,3 of 3,4 of 5
L,Victor Martinez,1,18 of 26,69%,20 of 29,0 of 1,0%,0,0,0:48,6 of 12,7 of 9,5 of 5,16 of 23,1 of 1,1 of 2
W,Tom Nolan,0,33 of 64,51%,41 of 72,0 of 0,---,0,0,0:02,14 of 38,13 of 20,6 of 6,29 of 58,0 of 1,4 of 5
W,Oumar Sy,0,0 of 2,0%,1 of 8,2 of 3,66%,1,0,3:30,0 of 2,0 of 0,0 of 0,0 of 2,0 of 0,0 of 0
L,Tuco Tokkos,0,3 of 4,75%,4 of 5,0 of 0,---,0,0,0:00,1 of 1,0 of 1,2 of 2,3 of 4,0 of 0,0 of 0
L,Tamires Vidal,0,15 of 29,51%,50 of 66,0 of 0,---,1,0,0:53,7 of 21,2 of 2,6 of 6,14 of 28,1 of 1,0 of 0
W,Melissa Gatto,0,30 of 52,57%,120 of 163,2 of 2,100%,1,0,6:58,13 of 30,16 of 20,1 of 2,22 of 40,1 of 5,7 of 7
W,Abus Magomedov,0,22 of 44,50%,98 of 168,6 of 7,85%,0,0,11:56,15 of 32,7 of 11,0 of 1,9 of 27,2 of 2,11 of 15
L,Warlley Alves,0,16 of 38,42%,17 of 39,0 of 0,---,0,0,0:37,7 of 26,4 of 4,5 of 8,16 of 37,0 of 1,0 of 0
L,Piera Rodriguez,1,40 of 81,49%,51 of 102,1 of 2,50%,0,0,3:53,34 of 73,6 of 8,0 of 0,22 of 60,11 of 13,7 of 8
W,Ariane Carnelossi,0,16 of 49,32%,46 of 89,0 of 0,---,0,0,0:00,13 of 43,2 of 2,1 of 4,12 of 43,4 of 6,0 of 0
W,Alatengheili,0,18 of 59,30%,107 of 183,3 of 4,75%,0,0,8:16,14 of 50,3 of 8,1 of 1,15 of 53,0 of 0,3 of 6
L,Kleydson Rodrigues,0,37 of 88,42%,70 of 126,0 of 1,0%,0,0,0:30,15 of 55,10 of 15,12 of 18,37 of 88,0 of 0,0 of 0
W,Vanessa Demopoulos,0,109 of 293,37%,126 of 311,0 of 3,0%,0,0,0:00,76 of 250,18 of 25,15 of 18,106 of 289,3 of 4,0 of 0
L,Emily Ducote,0,143 of 214,66%,147 of 218,0 of 0,---,0,0,0:46,86 of 150,22 of 26,35 of 38,140 of 211,0 of 0,3 of 3
W,Derrick Lewis,1,41 of 75,54%,47 of 81,1 of 4,25%,0,1,3:23,33 of 65,8 of 10,0 of 0,15 of 41,13 of 16,13 of 18
L,Rodrigo Nascimento,0,27 of 41,65%,72 of 92,1 of 1,100%,0,0,4:46,16 of 30,7 of 7,4 of 4,8 of 20,6 of 6,13 of 15
W,Joaquin Buckley,1,86 of 156,55%,113 of 187,4 of 4,100%,0,1,5:30,70 of 137,14 of 17,2 of 2,15 of 50,0 of 0,71 of 106
L,Nursulton Ruziboev,0,31 of 72,43%,43 of 87,0 of 0,---,0,1,0:34,17 of 46,13 of 24,1 of 2,23 of 59,1 of 1,7 of 12
L,Alonzo Menifield,0,1 of 4,25%,1 of 4,0 of 0,---,0,0,0:00,1 of 4,0 of 0,0 of 0,1 of 4,0 of 0,0 of 0
W,Carlos Ulberg,1,7 of 11,63%,7 of 11,0 of 0,---,0,0,0:02,7 of 11,0 of 0,0 of 0,5 of 8,0 of 0,2 of 3
W,Diego Ferreira,0,123 of 241,51%,151 of 272,3 of 3,100%,0,0,2:12,94 of 189,28 of 51,1 of 1,94 of 203,0 of 1,29 of 37
L,Mateusz Rebecki,1,52 of 137,37%,60 of 146,4 of 5,80%,0,0,2:26,34 of 109,11 of 21,7 of 7,46 of 129,0 of 0,6 of 8
L,Alex Caceres,0,82 of 197,41%,85 of 200,0 of 0,---,0,0,0:12,43 of 143,28 of 40,11 of 14,79 of 190,3 of 7,0 of 0
W,Sean Woodson,0,101 of 226,44%,101 of 226,0 of 0,---,0,0,0:00,61 of 171,19 of 28,21 of 27,98 of 222,3 of 4,0 of 0
W,Waldo Cortes Acosta,0,52 of 101,51%,130 of 204,3 of 4,75%,1,0,9:49,44 of 92,0 of 0,8 of 9,15 of 24,0 of 1,37 of 76
L,Robelis Despaigne,0,26 of 52,50%,28 of 59,0 of 0,---,0,0,0:19,11 of 36,2 of 3,13 of 13,26 of 51,0 of 1,0 of 0
W,Chase Hooper,1,62 of 109,56%,129 of 217,1 of 1,100%,2,0,6:03,58 of 104,4 of 5,0 of 0,4 of 23,0 of 0,58 of 86
L,Viacheslav Borshchev,0,2 of 6,33%,2 of 6,0 of 0,---,0,0,0:01,1 of 5,0 of 0,1 of 1,2 of 6,0 of 0,0 of 0
L,Terrance McKinney,0,5 of 18,27%,5 of 18,0 of 0,---,0,0,0:00,3 of 16,2 of 2,0 of 0,3 of 16,2 of 2,0 of 0
W,Esteban Ribovics,1,5 of 12,41%,5 of 12,0 of 0,---,0,0,0:03,3 of 8,1 of 2,1 of 2,4 of 10,1 of 2,0 of 0
W,Tabatha Ricci,0,54 of 143,37%,94 of 186,1 of 10,10%,0,0,5:15,32 of 105,9 of 19,13 of 19,48 of 135,6 of 8,0 of 0
L,Tecia Pennington,0,80 of 219,36%,92 of 231,0 of 2,0%,0,0,0:04,64 of 194,6 of 14,10 of 11,70 of 193,10 of 26,0 of 0
L,Billy Ray Goff,0,116 of 249,46%,129 of 265,1 of 12,8%,0,0,4:06,64 of 176,18 of 33,34 of 40,108 of 236,8 of 13,0 of 0
W,Trey Waters,0,96 of 225,42%,107 of 236,0 of 1,0%,1,1,0:00,88 of 211,7 of 13,1 of 1,94 of 223,2 of 2,0 of 0
W,Charles Johnson,1,70 of 168,41%,88 of 188,0 of 0,---,0,0,0:19,36 of 125,12 of 18,22 of 25,66 of 159,0 of 2,4 of 7
L,Jake Hadley,0,48 of 128,37%,50 of 130,0 of 11,0%,0,0,2:12,15 of 86,15 of 22,18 of 20,46 of 124,2 of 4,0 of 0
L,JJ Aldrich,0,27 of 63,42%,38 of 76,0 of 2,0%,0,0,5:09,19 of 51,8 of 11,0 of 1,15 of 47,8 of 9,4 of 7
W,Veronica Hardy,0,36 of 78,46%,69 of 113,0 of 0,---,0,0,0:01,22 of 60,3 of 6,11 of 12,30 of 68,6 of 9,0 of 1
W,Alexandre Pantoja,0,125 of 242,51%,143 of 262,9 of 19,47%,0,0,8:15,75 of 184,33 of 39,17 of 19,96 of 207,14 of 16,15 of 19
L,Steve Erceg,0,111 of 212,52%,129 of 233,1 of 6,16%,0,1,0:32,87 of 181,16 of 23,8 of 8,107 of 207,3 of 4,1 of 1
W,Jose Aldo,0,77 of 139,55%,101 of 174,1 of 2,50%,0,0,1:45,41 of 96,26 of 33,10 of 10,70 of 132,5 of 5,2 of 2
L,Jonathan Martinez,0,52 of 118,44%,80 of 151,0 of 2,0%,0,0,1:20,36 of 96,9 of 15,7 of 7,50 of 116,1 of 1,1 of 1
W,Anthony Smith,0,11 of 20,55%,11 of 20,0 of 0,---,1,0,0:00,7 of 15,0 of 0,4 of 5,11 of 20,0 of 0,0 of 0
L,Vitor Petrino,0,10 of 22,45%,10 of 22,1 of 2,50%,0,0,0:14,4 of 14,4 of 6,2 of 2,10 of 22,0 of 0,0 of 0
W,Michel Pereira,0,6 of 10,60%,6 of 10,0 of 0,---,1,0,0:09,4 of 7,2 of 3,0 of 0,2 of 6,0 of 0,4 of 4
L,Ihor Potieria,0,2 of 3,66%,2 of 3,0 of 0,---,0,0,0:00,0 of 0,1 of 2,1 of 1,2 of 3,0 of 0,0 of 0
L,Paul Craig,0,22 of 48,45%,22 of 50,0 of 6,0%,0,0,0:30,4 of 19,12 of 23,6 of 6,22 of 48,0 of 0,0 of 0
W,Caio Borralho,1,36 of 50,72%,43 of 57,0 of 0,---,0,0,0:19,29 of 41,3 of 5,4 of 4,35 of 49,1 of 1,0 of 0
L,Jack Shore,0,24 of 40,60%,31 of 47,0 of 2,0%,0,0,0:48,16 of 32,7 of 7,1 of 1,10 of 25,14 of 15,0 of 0
W,Joanderson Brito,0,30 of 56,53%,57 of 86,1 of 1,100%,0,0,5:09,4 of 29,4 of 4,22 of 23,20 of 46,10 of 10,0 of 0
L,Karolina Kowalkiewicz,0,42 of 111,37%,47 of 119,0 of 2,0%,0,0,0:00,17 of 73,15 of 22,10 of 16,40 of 108,2 of 3,0 of 0
W,Iasmin Lucindo,0,83 of 136,61%,91 of 144,2 of 6,33%,0,0,5:56,53 of 100,23 of 28,7 of 8,57 of 105,13 of 18,13 of 13
L,Elves Brener,0,48 of 91,52%,79 of 125,3 of 6,50%,0,2,2:55,24 of 61,7 of 12,17 of 18,35 of 75,2 of 3,11 of 13
W,Myktybek Orolbai,1,65 of 119,54%,83 of 138,5 of 17,29%,0,0,7:12,52 of 103,10 of 11,3 of 5,32 of 76,3 of 3,30 of 40
L,Joaquim Silva,1,59 of 93,63%,143 of 179,0 of 1,0%,1,0,0:55,25 of 53,21 of 27,13 of 13,33 of 63,22 of 26,4 of 4
W,Drakkar Klose,0,70 of 123,56%,96 of 151,0 of 7,0%,0,0,5:33,40 of 82,22 of 30,8 of 11,44 of 91,26 of 32,0 of 0
W,Mauricio Ruffy,1,25 of 40,62%,25 of 40,0 of 1,0%,0,0,0:04,21 of 35,0 of 1,4 of 4,22 of 37,1 of 1,2 of 2
L,Jamie Mullarkey,0,14 of 38,36%,14 of 38,0 of 0,---,0,0,0:00,7 of 28,4 of 6,3 of 4,14 of 38,0 of 0,0 of 0
W,Dione Barbosa,0,39 of 71,54%,87 of 124,2 of 11,18%,1,1,3:51,21 of 49,14 of 17,4 of 5,33 of 65,2 of 2,4 of 4
L,Ernesta Kareckaite,0,53 of 156,33%,100 of 220,1 of 1,100%,0,3,3:25,39 of 127,8 of 15,6 of 14,44 of 132,1 of 1,8 of 23
W,Ismael Bonfim,0,111 of 216,51%,112 of 217,1 of 2,50%,0,0,0:30,80 of 176,13 of 20,18 of 20,107 of 209,2 of 4,2 of 3
L,Vinc Pichel,0,61 of 142,42%,64 of 147,1 of 2,50%,0,0,0:29,26 of 93,14 of 24,21 of 25,60 of 140,0 of 1,1 of 1
W,Alessandro Costa,1,46 of 86,53%,60 of 104,0 of 2,0%,0,0,0:43,32 of 66,2 of 5,12 of 15,25 of 55,1 of 3,20 of 28
L,Kevin Borjas,0,18 of 56,32%,18 of 56,0 of 2,0%,0,0,0:00,12 of 45,5 of 10,1 of 1,18 of 55,0 of 1,0 of 0
L,Matheus Nicolau,0,22 of 55,40%,22 of 55,0 of 0,---,0,0,0:00,13 of 44,4 of 5,5 of 6,22 of 55,0 of 0,0 of 0
W,Alex Perez,1,28 of 71,39%,28 of 71,0 of 0,---,0,0,0:02,11 of 50,8 of 11,9 of 10,28 of 71,0 of 0,0 of 0
L,Ryan Spann,0,15 of 38,39%,20 of 44,1 of 3,33%,1,0,3:29,10 of 30,3 of 6,2 of 2,11 of 34,2 of 2,2 of 2
W,Bogdan Guskov,1,31 of 48,64%,49 of 67,0 of 0,---,0,0,0:20,30 of 47,0 of 0,1 of 1,17 of 31,0 of 0,14 of 17
L,Ariane da Silva,0,42 of 81,51%,89 of 153,0 of 0,---,0,0,2:06,12 of 37,22 of 29,8 of 15,31 of 66,8 of 11,3 of 4
W,Karine Silva,0,27 of 75,36%,53 of 120,5 of 6,83%,0,0,7:32,8 of 29,9 of 32,10 of 14,21 of 65,2 of 4,4 of 6
L,Austen Lane,0,17 of 37,45%,43 of 73,1 of 4,25%,0,0,4:29,15 of 34,2 of 3,0 of 0,11 of 25,0 of 0,6 of 12
W,Jhonata Diniz,1,20 of 33,60%,31 of 45,0 of 0,---,0,0,0:32,15 of 28,4 of 4,1 of 1,16 of 25,4 of 8,0 of 0
L,Jonathan Pearce,0,57 of 129,44%,87 of 165,5 of 14,35%,1,1,4:49,37 of 102,13 of 19,7 of 8,44 of 114,1 of 1,12 of 14
W,David Onama,0,58 of 104,55%,66 of 115,0 of 1,0%,1,5,2:15,50 of 94,6 of 8,2 of 2,54 of 99,4 of 5,0 of 0
L,Tim Means,0,7 of 17,41%,10 of 21,0 of 3,0%,0,0,1:18,1 of 10,5 of 6,1 of 1,5 of 14,2 of 3,0 of 0
W,Uros Medic,1,7 of 12,58%,11 of 16,0 of 1,0%,0,0,0:04,5 of 10,1 of 1,1 of 1,5 of 9,1 of 2,1 of 1
L,Rani Yahya,0,54 of 109,49%,56 of 111,0 of 10,0%,0,0,0:48,28 of 76,6 of 9,20 of 24,51 of 105,3 of 4,0 of 0
W,Victor Henry,2,109 of 205,53%,150 of 260,0 of 2,0%,0,0,3:09,84 of 176,21 of 24,4 of 5,89 of 173,2 of 5,18 of 27
W,Austin Hubbard,0,88 of 206,42%,99 of 220,3 of 7,42%,0,0,0:48,55 of 162,22 of 29,11 of 15,85 of 203,3 of 3,0 of 0
L,Michal Figlak,0,92 of 210,43%,100 of 218,0 of 3,0%,0,0,1:37,60 of 173,16 of 19,16 of 18,88 of 204,4 of 6,0 of 0
W,Don'Tale Mayes,1,67 of 183,36%,73 of 190,0 of 0,---,0,0,0:36,42 of 140,18 of 29,7 of 14,67 of 181,0 of 1,0 of 1
L,Caio Machado,0,76 of 159,47%,77 of 160,0 of 0,---,0,0,0:00,33 of 103,25 of 33,18 of 23,75 of 158,1 of 1,0 of 0
L,Marnic Mann,0,31 of 77,40%,111 of 159,2 of 5,40%,1,1,2:54,8 of 39,5 of 10,18 of 28,28 of 73,2 of 2,1 of 2
W,Ketlen Souza,0,80 of 116,68%,93 of 132,1 of 2,50%,0,1,3:11,38 of 69,28 of 33,14 of 14,71 of 105,7 of 9,2 of 2
L,James Llontop,0,19 of 40,47%,19 of 40,0 of 0,---,0,0,0:00,7 of 25,2 of 4,10 of 11,19 of 40,0 of 0,0 of 0
W,Chris Padilla,0,12 of 26,46%,14 of 29,3 of 3,100%,1,0,1:20,6 of 18,1 of 3,5 of 5,9 of 23,2 of 2,1 of 1
W,Ivana Petrovic,0,36 of 73,49%,101 of 150,3 of 4,75%,1,1,5:37,28 of 63,8 of 10,0 of 0,8 of 33,2 of 4,26 of 36
L,Liang Na,0,24 of 52,46%,49 of 89,1 of 2,50%,0,1,2:51,8 of 34,10 of 11,6 of 7,23 of 48,1 of 4,0 of 0
L,Gabriel Benitez,0,121 of 295,41%,121 of 296,0 of 0,---,0,0,0:00,81 of 247,13 of 21,27 of 27,120 of 291,1 of 4,0 of 0
W,Maheshate,0,97 of 312,31%,97 of 312,0 of 0,---,0,0,0:03,67 of 261,26 of 47,4 of 4,93 of 304,4 of 8,0 of 0
W,Alex Pereira,1,24 of 30,80%,24 of 30,0 of 0,---,0,0,0:07,12 of 15,6 of 6,6 of 9,13 of 16,0 of 0,11 of 14
L,Jamahal Hill,0,12 of 22,54%,12 of 22,0 of 0,---,0,0,0:00,1 of 7,3 of 6,8 of 9,12 of 22,0 of 0,0 of 0
W,Zhang Weili,0,106 of 157,67%,256 of 327,6 of 9,66%,2,0,12:44,84 of 119,13 of 19,9 of 19,34 of 78,4 of 4,68 of 75
L,Yan Xiaonan,1,43 of 85,50%,73 of 116,3 of 3,100%,0,1,2:20,21 of 60,4 of 6,18 of 19,24 of 64,3 of 4,16 of 17
L,Justin Gaethje,0,103 of 199,51%,103 of 199,0 of 0,---,0,0,0:00,44 of 121,26 of 42,33 of 36,103 of 199,0 of 0,0 of 0
W,Max Holloway,1,181 of 309,58%,181 of 309,0 of 0,---,0,0,0:00,62 of 149,62 of 91,57 of 69,181 of 308,0 of 1,0 of 0
L,Charles Oliveira,0,19 of 37,51%,33 of 53,0 of 0,---,4,1,2:32,11 of 22,5 of 9,3 of 6,7 of 24,6 of 6,6 of 7
W,Arman Tsarukyan,0,49 of 83,59%,75 of 117,2 of 4,50%,0,1,8:41,37 of 69,10 of 11,2 of 3,23 of 50,3 of 4,23 of 29
W,Bo Nickal,0,8 of 13,61%,45 of 59,3 of 6,50%,2,0,7:25,6 of 11,2 of 2,0 of 0,3 of 5,0 of 0,5 of 8
L,Cody Brundage,0,4 of 12,33%,33 of 41,0 of 0,---,0,0,0:03,1 of 9,3 of 3,0 of 0,2 of 10,2 of 2,0 of 0
W,Jiri Prochazka,0,69 of 118,58%,69 of 118,1 of 1,100%,0,0,0:38,56 of 101,5 of 9,8 of 8,45 of 87,7 of 7,17 of 24
L,Aleksandar Rakic,0,58 of 109,53%,58 of 109,0 of 0,---,0,0,0:00,34 of 77,1 of 2,23 of 30,56 of 107,2 of 2,0 of 0
L,Calvin Kattar,0,8 of 29,27%,19 of 40,0 of 0,---,0,0,0:05,7 of 26,1 of 3,0 of 0,7 of 26,1 of 2,0 of 1
W,Aljamain Sterling,0,39 of 71,54%,89 of 128,8 of 13,61%,0,0,10:43,12 of 40,15 of 17,12 of 14,23 of 46,5 of 5,11 of 20
L,Holly Holm,0,2 of 12,16%,7 of 17,0 of 1,0%,0,0,0:15,1 of 9,1 of 3,0 of 0,1 of 10,0 of 0,1 of 2
W,Kayla Harrison,0,51 of 71,71%,68 of 91,2 of 5,40%,1,0,4:51,46 of 66,4 of 4,1 of 1,6 of 15,3 of 3,42 of 53
L,Sodiq Yusuff,0,2 of 5,40%,2 of 5,0 of 0,---,0,0,0:00,1 of 1,0 of 0,1 of 4,2 of 5,0 of 0,0 of 0
W,Diego Lopes,2,26 of 32,81%,29 of 35,0 of 0,---,0,0,0:34,21 of 27,2 of 2,3 of 3,3 of 4,5 of 7,18 of 21
L,Jalin Turner,1,16 of 40,40%,16 of 40,0 of 0,---,0,0,0:02,10 of 32,3 of 5,3 of 3,15 of 39,1 of 1,0 of 0
W,Renato Moicano,0,36 of 67,53%,87 of 128,2 of 6,33%,0,0,5:50,32 of 60,3 of 5,1 of 2,11 of 23,1 of 1,24 of 43
W,Jessica Andrade,0,89 of 180,49%,124 of 220,1 of 1,100%,0,0,3:53,35 of 110,14 of 18,40 of 52,79 of 165,7 of 11,3 of 4
L,Marina Rodriguez,0,82 of 228,35%,94 of 241,0 of 0,---,1,0,0:00,70 of 207,9 of 17,3 of 4,77 of 220,5 of 6,0 of 2
W,King Green,1,186 of 319,58%,187 of 320,1 of 1,100%,0,0,0:54,136 of 245,40 of 56,10 of 18,167 of 295,7 of 8,12 of 16
L,Jim Miller,0,57 of 144,39%,58 of 145,0 of 0,---,0,0,0:01,29 of 103,10 of 18,18 of 23,55 of 141,2 of 3,0 of 0
W,Deiveson Figueiredo,0,13 of 19,68%,21 of 27,1 of 5,20%,2,0,3:43,9 of 14,2 of 3,2 of 2,8 of 13,2 of 3,3 of 3
L,Cody Garbrandt,0,16 of 31,51%,18 of 33,0 of 0,---,0,0,0:02,6 of 19,0 of 1,10 of 11,16 of 31,0 of 0,0 of 0
W,Brendan Allen,0,112 of 222,50%,128 of 242,6 of 13,46%,0,0,6:05,72 of 172,25 of 34,15 of 16,108 of 214,4 of 8,0 of 0
L,Chris Curtis,0,124 of 241,51%,141 of 261,0 of 0,---,0,2,1:18,96 of 205,25 of 33,3 of 3,122 of 237,2 of 4,0 of 0
L,Alexander Hernandez,1,32 of 87,36%,56 of 119,0 of 0,---,0,0,2:22,20 of 69,6 of 11,6 of 7,29 of 80,0 of 3,3 of 4
W,Damon Jackson,0,42 of 85,49%,85 of 135,3 of 7,42%,0,0,6:18,20 of 60,10 of 12,12 of 13,30 of 68,11 of 16,1 of 1
L,Morgan Charriere,0,49 of 104,47%,75 of 139,2 of 5,40%,1,1,3:42,30 of 83,16 of 17,3 of 4,45 of 98,4 of 6,0 of 0
W,Chepe Mariscal,0,71 of 137,51%,121 of 199,1 of 8,12%,0,1,3:38,42 of 94,10 of 19,19 of 24,50 of 110,12 of 17,9 of 10
W,Ignacio Bahamondes,1,40 of 68,58%,40 of 69,0 of 0,---,0,0,0:15,26 of 53,8 of 9,6 of 6,33 of 56,7 of 12,0 of 0
L,Christos Giagos,0,17 of 45,37%,18 of 46,0 of 1,0%,0,0,0:10,7 of 31,3 of 7,7 of 7,16 of 44,1 of 1,0 of 0
L,Trevor Peek,0,47 of 97,48%,62 of 118,2 of 3,66%,0,0,3:15,32 of 77,6 of 11,9 of 9,34 of 81,10 of 11,3 of 5
W,Charlie Campbell,0,54 of 100,54%,100 of 153,4 of 10,40%,0,1,5:41,20 of 50,18 of 29,16 of 21,40 of 80,13 of 18,1 of 2
L,Court McGee,0,60 of 160,37%,78 of 184,1 of 6,16%,0,0,3:20,14 of 73,29 of 55,17 of 32,52 of 148,0 of 1,8 of 11
W,Alex Morono,0,38 of 141,26%,42 of 149,0 of 0,---,1,0,0:00,26 of 118,9 of 18,3 of 5,38 of 139,0 of 2,0 of 0
L,Valter Walker,0,33 of 67,49%,56 of 101,4 of 5,80%,0,1,7:19,19 of 50,6 of 8,8 of 9,23 of 53,2 of 5,8 of 9
W,Lukasz Brzeski,0,58 of 102,56%,135 of 200,0 of 0,---,0,1,0:43,27 of 70,16 of 17,15 of 15,55 of 96,3 of 6,0 of 0
W,Norma Dumont,0,11 of 29,37%,49 of 76,6 of 8,75%,0,0,10:04,6 of 21,5 of 7,0 of 1,4 of 20,5 of 6,2 of 3
L,Germaine de Randamie,0,16 of 33,48%,91 of 126,0 of 0,---,0,0,2:21,7 of 21,7 of 8,2 of 4,8 of 24,8 of 9,0 of 0
L,Pedro Falcao,0,42 of 106,39%,58 of 128,1 of 13,7%,0,0,7:10,27 of 83,6 of 12,9 of 11,36 of 96,6 of 10,0 of 0
W,Victor Hugo,1,68 of 124,54%,84 of 148,0 of 0,---,0,0,0:49,31 of 77,21 of 30,16 of 17,57 of 112,11 of 12,0 of 0
L,Dan Argueta,0,14 of 39,35%,39 of 69,9 of 19,47%,0,0,6:01,13 of 37,1 of 1,0 of 1,10 of 31,0 of 3,4 of 5
W,Jean Matsumoto,0,19 of 35,54%,29 of 47,2 of 4,50%,1,0,1:34,10 of 24,1 of 3,8 of 8,13 of 26,5 of 8,1 of 1
L,Dylan Budka,0,1 of 5,20%,6 of 11,3 of 6,50%,0,0,5:53,0 of 4,1 of 1,0 of 0,1 of 5,0 of 0,0 of 0
W,Cesar Almeida,0,29 of 38,76%,87 of 101,0 of 0,---,0,0,0:12,21 of 29,7 of 8,1 of 1,7 of 11,19 of 21,3 of 6
L,Melissa Mullins,0,11 of 24,45%,13 of 28,1 of 4,25%,0,0,5:20,9 of 21,2 of 3,0 of 0,9 of 21,2 of 3,0 of 0
W,Nora Cornolle,1,36 of 51,70%,60 of 83,0 of 0,---,0,1,0:30,17 of 28,13 of 17,6 of 6,19 of 29,15 of 20,2 of 2
L,Erin Blanchfield,0,130 of 386,33%,135 of 394,0 of 3,0%,1,0,0:48,80 of 318,25 of 40,25 of 28,124 of 371,6 of 15,0 of 0
W,Manon Fiorot,0,172 of 359,47%,181 of 369,1 of 4,25%,0,0,0:53,143 of 321,18 of 25,11 of 13,167 of 346,5 of 13,0 of 0
L,Vicente Luque,0,21 of 63,33%,22 of 65,0 of 3,0%,0,0,0:09,7 of 45,4 of 5,10 of 13,21 of 63,0 of 0,0 of 0
W,Joaquin Buckley,0,55 of 131,41%,63 of 142,0 of 0,---,0,0,0:49,42 of 112,6 of 10,7 of 9,21 of 75,0 of 0,34 of 56
W,Chris Weidman,1,75 of 111,67%,88 of 129,1 of 4,25%,0,0,3:15,44 of 74,14 of 19,17 of 18,56 of 88,5 of 7,14 of 16
L,Bruno Silva,0,30 of 88,34%,30 of 88,0 of 0,---,0,0,0:00,28 of 81,2 of 4,0 of 3,29 of 86,1 of 1,0 of 1
W,Nursulton Ruziboev,1,12 of 32,37%,12 of 32,0 of 0,---,0,0,0:04,11 of 30,1 of 2,0 of 0,11 of 25,0 of 0,1 of 7
L,Sedriques Dumas,0,1 of 16,6%,1 of 16,0 of 0,---,0,0,0:00,1 of 13,0 of 2,0 of 1,1 of 16,0 of 0,0 of 0
L,Bill Algeo,0,30 of 58,51%,44 of 73,0 of 0,---,0,0,0:00,11 of 34,11 of 11,8 of 13,30 of 55,0 of 3,0 of 0
W,Kyle Nelson,0,32 of 59,54%,40 of 68,0 of 0,---,0,0,0:48,20 of 45,6 of 8,6 of 6,28 of 52,4 of 6,0 of 1
W,Chidi Njokuani,0,64 of 98,65%,96 of 139,0 of 2,0%,0,0,0:53,17 of 40,18 of 25,29 of 33,46 of 75,18 of 23,0 of 0
L,Rhys McKee,0,30 of 93,32%,40 of 105,0 of 7,0%,0,0,6:41,21 of 80,5 of 8,4 of 5,28 of 90,2 of 3,0 of 0
W,Nate Landwehr,1,37 of 76,48%,37 of 76,0 of 0,---,0,0,0:05,34 of 70,3 of 5,0 of 1,24 of 62,9 of 10,4 of 4
L,Jamall Emmers,0,39 of 78,50%,39 of 78,0 of 0,---,0,0,0:01,24 of 59,13 of 17,2 of 2,36 of 74,3 of 4,0 of 0
W,Virna Jandiroba,0,30 of 108,27%,86 of 180,2 of 9,22%,3,1,6:35,27 of 100,3 of 8,0 of 0,30 of 106,0 of 2,0 of 0
L,Loopy Godinez,0,38 of 95,40%,50 of 116,0 of 0,---,0,1,1:52,25 of 79,11 of 14,2 of 2,30 of 82,7 of 11,1 of 2
W,Julio Arce,2,29 of 79,36%,29 of 79,0 of 1,0%,0,0,0:08,19 of 65,9 of 12,1 of 2,20 of 68,9 of 11,0 of 0
L,Herbert Burns,0,15 of 57,26%,20 of 63,0 of 6,0%,0,0,1:16,9 of 45,5 of 10,1 of 2,13 of 55,2 of 2,0 of 0
W,Dennis Buzukja,1,83 of 201,41%,84 of 202,0 of 0,---,0,0,0:07,44 of 145,18 of 34,21 of 22,77 of 186,2 of 3,4 of 12
L,Connor Matthews,0,60 of 138,43%,62 of 140,1 of 3,33%,0,0,0:40,37 of 101,14 of 27,9 of 10,57 of 134,1 of 1,2 of 3
W,Ibo Aslan,1,74 of 180,41%,76 of 183,0 of 0,---,0,0,0:02,57 of 153,4 of 8,13 of 19,65 of 163,8 of 15,1 of 2
L,Anton Turkalj,0,55 of 157,35%,58 of 162,0 of 8,0%,0,0,0:18,36 of 126,11 of 18,8 of 13,49 of 146,6 of 11,0 of 0
L,Andre Petroski,0,13 of 42,30%,13 of 43,1 of 2,50%,0,0,0:13,6 of 34,2 of 2,5 of 6,12 of 41,1 of 1,0 of 0
W,Jacob Malkoun,0,20 of 40,50%,21 of 41,0 of 3,0%,0,0,0:32,16 of 36,4 of 4,0 of 0,17 of 35,0 of 1,3 of 4
L,Angel Pacheco,0,88 of 234,37%,95 of 241,0 of 0,---,0,0,0:09,44 of 180,32 of 38,12 of 16,80 of 226,8 of 8,0 of 0
W,Caolan Loughran,0,140 of 268,52%,148 of 286,3 of 4,75%,0,0,4:42,112 of 226,18 of 30,10 of 12,97 of 208,9 of 10,34 of 50
L,Amanda Ribas,0,83 of 270,30%,137 of 342,4 of 8,50%,0,0,1:38,39 of 195,19 of 42,25 of 33,76 of 259,4 of 6,3 of 5
W,Rose Namajunas,0,93 of 188,49%,169 of 281,1 of 3,33%,0,1,6:59,45 of 124,44 of 60,4 of 4,81 of 176,12 of 12,0 of 0
W,Karl Williams,0,40 of 61,65%,123 of 176,7 of 12,58%,1,0,10:31,26 of 47,7 of 7,7 of 7,19 of 29,3 of 4,18 of 28
L,Justin Tafa,0,21 of 43,48%,27 of 50,0 of 0,---,0,0,0:00,15 of 36,6 of 7,0 of 0,18 of 39,2 of 3,1 of 1
W,Edmen Shahbazyan,1,27 of 43,62%,31 of 51,1 of 3,33%,0,0,0:49,19 of 34,2 of 3,6 of 6,16 of 24,1 of 3,10 of 16
L,AJ Dobson,0,15 of 46,32%,20 of 54,0 of 0,---,0,1,1:15,7 of 36,2 of 2,6 of 8,12 of 43,3 of 3,0 of 0
W,Payton Talbott,1,79 of 129,61%,83 of 135,0 of 1,0%,0,0,0:30,52 of 96,21 of 27,6 of 6,54 of 98,6 of 8,19 of 23
L,Cameron Saaiman,0,31 of 64,48%,33 of 66,0 of 3,0%,0,0,0:00,13 of 40,11 of 17,7 of 7,30 of 63,1 of 1,0 of 0
L,Billy Quarantillo,0,10 of 50,20%,26 of 74,0 of 0,---,0,0,0:21,8 of 36,0 of 8,2 of 6,10 of 50,0 of 0,0 of 0
W,Youssef Zalal,0,33 of 56,58%,37 of 62,2 of 2,100%,2,0,2:55,18 of 36,5 of 9,10 of 11,28 of 49,0 of 1,5 of 6
W,Fernando Padilla,1,34 of 61,55%,35 of 64,0 of 0,---,1,0,0:47,24 of 49,6 of 8,4 of 4,17 of 32,0 of 0,17 of 29
L,Luis Pajuelo,0,5 of 13,38%,7 of 15,0 of 0,---,0,0,0:00,1 of 9,2 of 2,2 of 2,5 of 13,0 of 0,0 of 0
L,Kurt Holobaugh,0,29 of 68,42%,129 of 188,0 of 0,---,0,0,0:10,9 of 43,9 of 12,11 of 13,24 of 63,3 of 3,2 of 2
W,Trey Ogden,0,35 of 66,53%,225 of 320,3 of 4,75%,0,0,11:09,22 of 52,4 of 4,9 of 10,28 of 59,2 of 2,5 of 5
L,Ricardo Ramos,0,7 of 17,41%,12 of 23,2 of 3,66%,0,0,1:27,5 of 14,1 of 2,1 of 1,6 of 15,0 of 0,1 of 2
W,Julian Erosa,0,4 of 11,36%,11 of 21,0 of 0,---,1,0,0:00,2 of 8,2 of 3,0 of 0,4 of 11,0 of 0,0 of 0
W,Miles Johns,0,25 of 79,31%,64 of 137,2 of 8,25%,0,1,6:29,18 of 66,5 of 9,2 of 4,20 of 72,4 of 6,1 of 1
L,Cody Gibson,0,18 of 62,29%,52 of 108,1 of 7,14%,0,0,1:55,9 of 39,4 of 17,5 of 6,16 of 60,2 of 2,0 of 0
W,Jarno Errens,1,105 of 207,50%,106 of 208,0 of 1,0%,0,0,0:15,51 of 139,29 of 38,25 of 30,103 of 203,2 of 4,0 of 0
L,Steven Nguyen,0,63 of 226,27%,63 of 227,1 of 1,100%,0,0,0:23,47 of 187,8 of 16,8 of 23,59 of 219,1 of 1,3 of 6
L,Montse Rendon,0,25 of 147,17%,28 of 156,3 of 6,50%,0,0,5:24,19 of 134,4 of 11,2 of 2,25 of 137,0 of 8,0 of 2
W,Daria Zhelezniakova,0,57 of 150,38%,73 of 171,0 of 0,---,0,0,0:01,36 of 125,21 of 25,0 of 0,51 of 144,6 of 6,0 of 0
L,Igor Severino,0,36 of 78,46%,40 of 85,5 of 9,55%,0,0,3:00,17 of 55,9 of 13,10 of 10,31 of 71,4 of 5,1 of 2
W,Andre Lima,0,30 of 58,51%,38 of 66,1 of 2,50%,2,0,0:24,16 of 40,8 of 12,6 of 6,29 of 56,1 of 2,0 of 0
L,Mohammed Usman,0,57 of 167,34%,57 of 168,0 of 0,---,0,0,0:00,26 of 114,30 of 52,1 of 1,57 of 167,0 of 0,0 of 0
W,Mick Parkin,0,72 of 150,48%,72 of 150,0 of 0,---,0,0,0:00,37 of 109,4 of 4,31 of 37,71 of 149,1 of 1,0 of 0
L,Tai Tuivasa,0,15 of 24,62%,18 of 27,0 of 0,---,0,0,0:00,9 of 17,1 of 2,5 of 5,8 of 17,7 of 7,0 of 0
W,Marcin Tybura,0,27 of 41,65%,73 of 96,1 of 4,25%,1,0,2:48,23 of 34,4 of 7,0 of 0,8 of 20,0 of 0,19 of 21
NC,Bryan Battle,0,27 of 75,36%,28 of 78,1 of 2,50%,0,0,1:33,16 of 56,10 of 18,1 of 1,24 of 69,3 of 5,0 of 1
NC,Ange Loosa,0,23 of 54,42%,26 of 58,0 of 1,0%,0,0,0:00,6 of 34,8 of 9,9 of 11,22 of 53,1 of 1,0 of 0
W,Ovince Saint Preux,1,143 of 276,51%,143 of 276,0 of 2,0%,0,0,0:06,98 of 223,32 of 39,13 of 14,131 of 262,11 of 13,1 of 1
L,Kennedy Nzechukwu,0,106 of 250,42%,106 of 250,0 of 1,0%,0,0,0:08,85 of 213,19 of 35,2 of 2,93 of 235,13 of 15,0 of 0
W,Christian Rodriguez,0,48 of 76,63%,97 of 135,0 of 0,---,0,0,3:19,43 of 71,4 of 4,1 of 1,21 of 40,10 of 10,17 of 26
L,Isaac Dulgarian,0,22 of 44,50%,56 of 89,7 of 16,43%,2,0,9:22,17 of 39,2 of 2,3 of 3,14 of 34,1 of 1,7 of 9
L,Pannie Kianzad,0,2 of 6,33%,29 of 35,1 of 2,50%,0,0,0:52,1 of 5,0 of 0,1 of 1,2 of 4,0 of 1,0 of 1
W,Macy Chiasson,0,4 of 10,40%,5 of 11,2 of 2,100%,1,1,2:28,3 of 8,1 of 2,0 of 0,3 of 9,1 of 1,0 of 0
W,Gerald Meerschaert,0,11 of 17,64%,30 of 36,3 of 7,42%,2,0,5:03,7 of 12,2 of 3,2 of 2,11 of 17,0 of 0,0 of 0
L,Bryan Barberena,0,12 of 37,32%,25 of 50,0 of 0,---,0,0,0:03,9 of 29,0 of 0,3 of 8,10 of 34,0 of 0,2 of 3
L,Natan Levy,0,8 of 9,88%,18 of 20,1 of 1,100%,0,0,0:34,2 of 3,5 of 5,1 of 1,5 of 6,0 of 0,3 of 3
W,Mike Davis,1,3 of 7,42%,10 of 15,0 of 0,---,1,0,5:11,3 of 6,0 of 1,0 of 0,1 of 2,0 of 0,2 of 5
L,Josiane Nunes,0,47 of 105,44%,49 of 108,0 of 0,---,0,0,0:26,37 of 85,9 of 19,1 of 1,43 of 101,4 of 4,0 of 0
W,Chelsea Chandler,0,58 of 130,44%,100 of 176,2 of 2,100%,0,0,7:02,43 of 107,13 of 21,2 of 2,43 of 106,2 of 3,13 of 21
W,Jafel Filho,0,21 of 35,60%,43 of 66,1 of 1,100%,2,0,3:21,18 of 31,2 of 2,1 of 2,3 of 7,0 of 0,18 of 28
L,Ode Osbourne,0,0 of 5,0%,1 of 6,0 of 0,---,0,0,0:04,0 of 4,0 of 1,0 of 0,0 of 5,0 of 0,0 of 0
L,Josh Culibao,0,87 of 202,43%,89 of 205,0 of 4,0%,0,0,0:03,59 of 168,20 of 26,8 of 8,86 of 199,1 of 3,0 of 0
W,Danny Silva,0,45 of 107,42%,56 of 119,4 of 9,44%,1,0,5:28,28 of 82,11 of 18,6 of 7,44 of 106,1 of 1,0 of 0
W,Jaqueline Amorim,0,3 of 5,60%,3 of 5,0 of 0,---,4,0,0:00,1 of 3,2 of 2,0 of 0,2 of 4,0 of 0,1 of 1
L,Cory McKenna,0,4 of 11,36%,8 of 17,1 of 1,100%,0,0,0:56,1 of 7,0 of 0,3 of 4,3 of 10,1 of 1,0 of 0
W,Thiago Moises,1,25 of 39,64%,53 of 72,2 of 2,100%,1,0,6:36,10 of 23,3 of 4,12 of 12,17 of 30,2 of 2,6 of 7
L,Mitch Ramirez,0,16 of 48,33%,28 of 65,0 of 0,---,0,0,0:21,4 of 32,5 of 7,7 of 9,13 of 45,3 of 3,0 of 0
L,Charalampos Grigoriou,0,21 of 65,32%,26 of 70,4 of 5,80%,0,0,5:24,16 of 53,2 of 7,3 of 5,21 of 64,0 of 0,0 of 1
W,Chad Anheliger,0,85 of 155,54%,144 of 220,0 of 2,0%,0,0,1:34,57 of 122,10 of 13,18 of 20,68 of 137,12 of 12,5 of 6
W,Sean O'Malley,0,230 of 356,64%,232 of 358,0 of 0,---,0,0,0:03,150 of 268,61 of 68,19 of 20,227 of 352,3 of 4,0 of 0
L,Marlon Vera,0,89 of 241,36%,89 of 241,0 of 0,---,0,0,0:00,41 of 165,14 of 35,34 of 41,85 of 235,4 of 6,0 of 0
W,Dustin Poirier,1,28 of 34,82%,30 of 37,0 of 1,0%,4,0,0:31,24 of 30,3 of 3,1 of 1,23 of 25,4 of 8,1 of 1
L,Benoit Saint Denis,0,50 of 74,67%,69 of 97,3 of 7,42%,1,0,4:53,25 of 46,18 of 20,7 of 8,17 of 37,31 of 35,2 of 2
L,Kevin Holland,0,29 of 61,47%,64 of 99,2 of 5,40%,1,0,4:22,11 of 37,4 of 6,14 of 18,18 of 47,4 of 5,7 of 9
W,Michael Page,0,41 of 62,66%,59 of 81,0 of 3,0%,0,0,1:26,28 of 47,8 of 10,5 of 5,38 of 58,2 of 3,1 of 1
L,Gilbert Burns,0,27 of 58,46%,31 of 63,7 of 11,63%,0,0,5:07,16 of 43,8 of 11,3 of 4,23 of 52,3 of 5,1 of 1
W,Jack Della Maddalena,1,67 of 123,54%,85 of 146,0 of 1,0%,0,0,0:16,54 of 104,9 of 15,4 of 4,47 of 100,4 of 6,16 of 17
W,Petr Yan,0,99 of 183,54%,129 of 217,2 of 5,40%,0,0,1:47,68 of 142,22 of 31,9 of 10,86 of 170,4 of 4,9 of 9
L,Song Yadong,0,86 of 172,50%,104 of 192,1 of 8,12%,0,0,1:40,71 of 147,9 of 15,6 of 10,79 of 164,5 of 6,2 of 2
W,Curtis Blaydes,0,16 of 25,64%,19 of 28,0 of 0,---,0,0,0:09,16 of 25,0 of 0,0 of 0,0 of 5,0 of 0,16 of 20
L,Jailton Almeida,0,1 of 3,33%,9 of 11,9 of 13,69%,0,0,4:39,1 of 3,0 of 0,0 of 0,1 of 3,0 of 0,0 of 0
L,Katlyn Cerminara,0,66 of 152,43%,99 of 186,1 of 6,16%,0,0,2:52,44 of 122,21 of 27,1 of 3,43 of 124,23 of 28,0 of 0
W,Maycee Barber,0,84 of 150,56%,122 of 189,4 of 4,100%,0,0,4:45,59 of 121,18 of 22,7 of 7,44 of 107,36 of 39,4 of 4
W,Mateusz Gamrot,0,57 of 102,55%,111 of 163,11 of 19,57%,0,0,7:01,48 of 90,9 of 12,0 of 0,46 of 88,6 of 8,5 of 6
L,Rafael Dos Anjos,1,36 of 78,46%,39 of 82,0 of 0,---,0,0,0:11,24 of 61,5 of 9,7 of 8,26 of 67,7 of 8,3 of 3
L,Pedro Munhoz,0,52 of 140,37%,52 of 140,1 of 8,12%,0,0,0:24,23 of 99,17 of 24,12 of 17,48 of 134,3 of 5,1 of 1
W,Kyler Phillips,0,114 of 275,41%,115 of 276,0 of 0,---,0,0,0:02,74 of 224,17 of 24,23 of 27,111 of 269,2 of 5,1 of 1
L,Ion Cutelaba,0,47 of 97,48%,119 of 171,0 of 1,0%,0,0,0:16,33 of 82,9 of 9,5 of 6,42 of 90,5 of 7,0 of 0
W,Philipe Lins,0,67 of 115,58%,73 of 121,2 of 7,28%,0,0,5:34,37 of 82,7 of 9,23 of 24,57 of 100,5 of 8,5 of 7
W,Michel Pereira,0,11 of 15,73%,11 of 15,0 of 0,---,1,0,0:18,5 of 9,6 of 6,0 of 0,9 of 13,2 of 2,0 of 0
L,Michal Oleksiejczuk,0,1 of 4,25%,1 of 4,0 of 0,---,0,0,0:00,0 of 3,1 of 1,0 of 0,1 of 4,0 of 0,0 of 0
W,Robelis Despaigne,1,7 of 9,77%,7 of 9,0 of 0,---,0,0,0:02,7 of 9,0 of 0,0 of 0,5 of 7,0 of 0,2 of 2
L,Josh Parisian,0,2 of 5,40%,2 of 5,0 of 0,---,0,0,0:00,1 of 4,1 of 1,0 of 0,2 of 5,0 of 0,0 of 0
L,CJ Vergara,0,29 of 53,54%,66 of 92,0 of 0,---,0,0,0:14,13 of 32,14 of 17,2 of 4,22 of 46,4 of 4,3 of 3
W,Asu Almabayev,0,44 of 77,57%,85 of 132,9 of 14,64%,0,0,9:32,22 of 53,9 of 11,13 of 13,23 of 51,8 of 10,13 of 16
W,Joanne Wood,0,136 of 249,54%,173 of 290,1 of 1,100%,0,0,0:12,74 of 175,39 of 45,23 of 29,112 of 216,23 of 31,1 of 2
L,Maryna Moroz,0,102 of 195,52%,156 of 255,1 of 2,50%,0,0,6:11,79 of 160,23 of 33,0 of 2,79 of 169,19 of 22,4 of 4
W,Jairzinho Rozenstruik,0,127 of 215,59%,140 of 230,0 of 1,0%,0,0,0:01,78 of 158,30 of 37,19 of 20,123 of 209,4 of 6,0 of 0
L,Shamil Gaziev,0,22 of 68,32%,27 of 75,1 of 7,14%,0,0,4:32,16 of 59,5 of 8,1 of 1,17 of 60,4 of 6,1 of 2
W,Vitor Petrino,0,27 of 75,36%,33 of 82,3 of 5,60%,0,0,5:24,16 of 59,4 of 8,7 of 8,25 of 72,0 of 0,2 of 3
L,Tyson Pedro,0,30 of 60,50%,33 of 64,0 of 2,0%,0,0,0:10,3 of 29,11 of 15,16 of 16,29 of 59,1 of 1,0 of 0
L,Alex Perez,0,30 of 87,34%,47 of 114,0 of 0,---,0,0,3:44,22 of 73,3 of 5,5 of 9,19 of 74,2 of 3,9 of 10
W,Muhammad Mokaev,0,47 of 104,45%,56 of 119,3 of 20,15%,0,0,4:29,34 of 85,9 of 12,4 of 7,31 of 81,3 of 3,13 of 20
W,Umar Nurmagomedov,0,68 of 98,69%,145 of 197,5 of 5,100%,0,0,11:26,64 of 94,0 of 0,4 of 4,7 of 13,0 of 0,61 of 85
L,Bekzat Almakhan,1,3 of 16,18%,5 of 25,0 of 0,---,0,0,0:34,1 of 13,2 of 3,0 of 0,3 of 16,0 of 0,0 of 0
L,Matt Schnell,0,22 of 78,28%,25 of 84,0 of 0,---,0,0,0:00,18 of 70,1 of 5,3 of 3,21 of 74,1 of 4,0 of 0
W,Steve Erceg,1,34 of 72,47%,34 of 72,0 of 1,0%,0,0,0:05,24 of 60,9 of 11,1 of 1,30 of 67,4 of 5,0 of 0
W,Eryk Anders,0,23 of 59,38%,83 of 147,5 of 13,38%,0,0,10:08,14 of 48,7 of 9,2 of 2,12 of 38,7 of 9,4 of 12
L,Jamie Pickett,1,20 of 55,36%,26 of 64,0 of 0,---,0,0,0:16,11 of 45,8 of 9,1 of 1,12 of 46,8 of 8,0 of 1
W,Vinicius Oliveira,1,67 of 144,46%,88 of 170,2 of 4,50%,0,0,1:37,39 of 91,11 of 20,17 of 33,49 of 112,3 of 13,15 of 19
L,Benardo Sopaj,0,45 of 86,52%,92 of 146,3 of 4,75%,0,0,4:28,42 of 81,1 of 3,2 of 2,21 of 55,0 of 2,24 of 29
W,Aiemann Zahabi,0,75 of 174,43%,77 of 176,0 of 0,---,0,0,0:13,51 of 130,16 of 26,8 of 18,74 of 172,1 of 2,0 of 0
L,Javid Basharat,0,67 of 205,32%,67 of 205,0 of 4,0%,0,0,0:00,33 of 147,27 of 44,7 of 14,67 of 203,0 of 2,0 of 0
W,Christian Leroy Duncan,0,65 of 92,70%,75 of 105,1 of 2,50%,0,0,2:15,39 of 62,8 of 10,18 of 20,31 of 50,12 of 15,22 of 27
L,Claudio Ribeiro,0,4 of 26,15%,13 of 39,0 of 0,---,0,0,1:03,1 of 19,1 of 3,2 of 4,4 of 24,0 of 2,0 of 0
W,Ludovit Klein,1,60 of 91,65%,63 of 95,2 of 3,66%,0,0,0:27,38 of 66,21 of 23,1 of 2,54 of 84,2 of 2,4 of 5
L,AJ Cunningham,0,36 of 75,48%,36 of 77,0 of 0,---,0,0,0:26,15 of 49,10 of 14,11 of 12,34 of 72,2 of 3,0 of 0
L,Abdul-Kareem Al-Selwady,0,38 of 68,55%,50 of 84,3 of 7,42%,0,0,2:44,15 of 34,8 of 11,15 of 23,34 of 61,4 of 7,0 of 0
W,Loik Radzhabov,1,39 of 90,43%,57 of 115,4 of 5,80%,0,0,1:27,33 of 72,6 of 15,0 of 3,18 of 63,2 of 2,19 of 25
L,Brandon Moreno,0,112 of 211,53%,119 of 219,3 of 5,60%,0,0,2:54,48 of 127,37 of 51,27 of 33,103 of 191,7 of 17,2 of 3
W,Brandon Royval,0,145 of 510,28%,177 of 556,1 of 2,50%,0,0,0:35,97 of 437,38 of 54,10 of 19,142 of 504,3 of 6,0 of 0
L,Yair Rodriguez,1,55 of 115,47%,64 of 135,0 of 1,0%,0,0,1:32,36 of 91,11 of 15,8 of 9,34 of 86,9 of 12,12 of 17
W,Brian Ortega,0,28 of 73,38%,47 of 104,3 of 6,50%,1,0,5:21,26 of 69,2 of 4,0 of 0,13 of 50,2 of 3,13 of 20
W,Daniel Zellhuber,0,120 of 272,44%,120 of 272,0 of 0,---,0,0,0:05,87 of 228,25 of 36,8 of 8,117 of 268,3 of 4,0 of 0
L,Francisco Prado,0,90 of 246,36%,91 of 249,0 of 0,---,0,0,0:25,30 of 155,26 of 47,34 of 44,88 of 244,2 of 2,0 of 0
W,Yazmin Jauregui,0,94 of 269,34%,97 of 272,0 of 0,---,0,0,0:00,52 of 197,24 of 42,18 of 30,84 of 253,10 of 16,0 of 0
L,Sam Hughes,0,83 of 197,42%,88 of 206,0 of 6,0%,0,0,0:17,40 of 143,17 of 24,26 of 30,80 of 190,3 of 7,0 of 0
W,Manuel Torres,0,3 of 5,60%,5 of 7,2 of 2,100%,1,0,0:42,2 of 4,1 of 1,0 of 0,0 of 2,2 of 2,1 of 1
L,Chris Duncan,0,1 of 2,50%,1 of 2,1 of 3,33%,0,0,0:40,1 of 2,0 of 0,0 of 0,1 of 2,0 of 0,0 of 0
L,Cristian Quinonez,0,29 of 82,35%,43 of 99,2 of 7,28%,0,0,3:13,17 of 67,3 of 6,9 of 9,26 of 75,3 of 7,0 of 0
W,Raoni Barcelos,0,43 of 74,58%,48 of 81,2 of 12,16%,2,0,1:02,26 of 54,5 of 7,12 of 13,38 of 68,4 of 5,1 of 1
W,Jesus Aguilar,0,19 of 36,52%,38 of 62,1 of 4,25%,1,1,4:51,10 of 24,4 of 4,5 of 8,11 of 21,4 of 5,4 of 10
L,Mateus Mendonca,0,18 of 40,45%,43 of 90,4 of 8,50%,1,0,8:44,15 of 35,3 of 4,0 of 1,7 of 21,2 of 2,9 of 17
W,Edgar Chairez,0,9 of 15,60%,9 of 15,0 of 0,---,1,0,0:00,3 of 7,2 of 4,4 of 4,8 of 14,0 of 0,1 of 1
L,Daniel Lacerda,0,4 of 17,23%,7 of 22,1 of 1,100%,0,0,0:41,2 of 9,2 of 7,0 of 1,2 of 12,0 of 0,2 of 5
L,Claudio Puelles,0,4 of 9,44%,17 of 27,7 of 13,53%,0,0,7:14,1 of 5,3 of 4,0 of 0,3 of 8,1 of 1,0 of 0
W,Fares Ziam,0,31 of 48,64%,58 of 82,0 of 0,---,1,2,4:30,23 of 38,6 of 7,2 of 3,5 of 15,2 of 3,24 of 30
W,Ronaldo Rodriguez,0,31 of 69,44%,50 of 93,0 of 0,---,1,3,2:56,19 of 55,7 of 9,5 of 5,13 of 43,5 of 7,13 of 19
L,Denys Bondar,0,41 of 63,65%,46 of 77,4 of 6,66%,0,1,2:52,22 of 39,8 of 13,11 of 11,32 of 51,3 of 4,6 of 8
L,Victor Altamirano,0,40 of 74,54%,52 of 97,9 of 11,81%,0,0,5:02,7 of 33,23 of 31,10 of 10,29 of 62,10 of 10,1 of 2
W,Felipe dos Santos,0,37 of 87,42%,62 of 120,0 of 0,---,1,0,0:51,24 of 66,8 of 16,5 of 5,31 of 73,5 of 11,1 of 3
L,Erik Silva,0,0 of 1,0%,0 of 1,0 of 0,---,0,0,0:13,0 of 0,0 of 0,0 of 1,0 of 1,0 of 0,0 of 0
W,Muhammad Naimov,0,1 of 2,50%,3 of 4,1 of 1,100%,0,0,0:11,1 of 2,0 of 0,0 of 0,1 of 2,0 of 0,0 of 0
L,Alexander Volkanovski,0,47 of 107,43%,47 of 107,0 of 0,---,0,0,0:00,21 of 68,11 of 22,15 of 17,44 of 102,3 of 5,0 of 0
W,Ilia Topuria,1,35 of 77,45%,36 of 78,0 of 0,---,0,0,0:03,17 of 53,12 of 16,6 of 8,28 of 70,4 of 4,3 of 3
W,Robert Whittaker,0,95 of 175,54%,95 of 175,0 of 1,0%,0,0,0:00,63 of 143,4 of 4,28 of 28,95 of 172,0 of 3,0 of 0
L,Paulo Costa,0,67 of 151,44%,67 of 151,0 of 0,---,0,0,0:00,39 of 117,8 of 12,20 of 22,67 of 151,0 of 0,0 of 0
L,Geoff Neal,0,46 of 89,51%,57 of 102,0 of 0,---,0,0,3:45,25 of 64,10 of 13,11 of 12,38 of 79,8 of 10,0 of 0
W,Ian Machado Garry,0,67 of 135,49%,80 of 148,0 of 0,---,0,0,0:12,39 of 96,18 of 27,10 of 12,65 of 133,2 of 2,0 of 0
W,Merab Dvalishvili,0,74 of 172,43%,167 of 273,5 of 11,45%,1,0,4:23,44 of 128,20 of 34,10 of 10,51 of 134,13 of 24,10 of 14
L,Henry Cejudo,0,29 of 78,37%,54 of 106,1 of 7,14%,0,0,2:05,13 of 54,5 of 11,11 of 13,24 of 68,5 of 10,0 of 0
W,Anthony Hernandez,0,34 of 77,44%,39 of 82,3 of 14,21%,2,0,4:05,28 of 68,4 of 6,2 of 3,24 of 65,8 of 10,2 of 2
L,Roman Kopylov,0,35 of 57,61%,41 of 63,0 of 0,---,0,0,0:00,21 of 43,8 of 8,6 of 6,34 of 56,1 of 1,0 of 0
W,Amanda Lemos,1,41 of 80,51%,47 of 86,2 of 2,100%,0,0,4:02,26 of 62,8 of 10,7 of 8,24 of 56,1 of 2,16 of 22
L,Mackenzie Dern,0,21 of 54,38%,50 of 85,1 of 3,33%,0,2,6:00,21 of 51,0 of 2,0 of 1,13 of 42,0 of 1,8 of 11
W,Marcos Rogerio de Lima,1,33 of 46,71%,63 of 78,1 of 3,33%,0,0,3:26,19 of 31,2 of 2,12 of 13,22 of 32,1 of 1,10 of 13
L,Junior Tafa,0,11 of 27,40%,17 of 33,0 of 0,---,0,0,0:00,9 of 24,1 of 2,1 of 1,10 of 26,0 of 0,1 of 1
W,Rinya Nakamura,0,38 of 70,54%,73 of 114,3 of 3,100%,0,0,13:03,30 of 61,6 of 7,2 of 2,7 of 9,1 of 1,30 of 60
L,Carlos Vera,0,12 of 25,48%,55 of 79,0 of 0,---,0,0,0:00,7 of 19,1 of 2,4 of 4,6 of 15,1 of 2,5 of 8
W,Zhang Mingyang,1,17 of 28,60%,17 of 28,0 of 0,---,0,0,0:02,13 of 19,2 of 5,2 of 4,14 of 25,0 of 0,3 of 3
L,Brendson Ribeiro,0,14 of 31,45%,14 of 31,0 of 0,---,0,0,0:00,14 of 31,0 of 0,0 of 0,14 of 31,0 of 0,0 of 0
L,Josh Quinlan,0,39 of 90,43%,39 of 90,0 of 1,0%,0,0,0:00,22 of 68,14 of 18,3 of 4,39 of 90,0 of 0,0 of 0
W,Danny Barlow,1,95 of 185,51%,96 of 186,0 of 0,---,0,0,0:13,77 of 161,13 of 18,5 of 6,88 of 175,1 of 2,6 of 8
W,Oban Elliott,0,70 of 111,63%,136 of 188,3 of 5,60%,0,0,8:58,60 of 96,7 of 11,3 of 4,33 of 65,3 of 3,34 of 43
L,Val Woodburn,1,23 of 61,37%,30 of 70,2 of 2,100%,0,1,1:56,19 of 55,2 of 4,2 of 2,15 of 46,5 of 10,3 of 5
L,Andrea Lee,0,36 of 102,35%,59 of 126,2 of 3,66%,1,0,0:42,14 of 72,13 of 19,9 of 11,32 of 96,3 of 3,1 of 3
W,Miranda Maverick,0,66 of 136,48%,106 of 180,3 of 8,37%,0,0,3:05,28 of 89,16 of 25,22 of 22,60 of 128,6 of 8,0 of 0
W,Jack Hermansson,0,121 of 235,51%,188 of 327,1 of 2,50%,0,0,3:08,74 of 174,15 of 23,32 of 38,111 of 219,5 of 6,5 of 10
L,Joe Pyfer,0,92 of 250,36%,95 of 254,0 of 6,0%,0,0,0:50,56 of 196,25 of 34,11 of 20,92 of 250,0 of 0,0 of 0
W,Dan Ige,1,11 of 19,57%,11 of 19,0 of 0,---,0,0,0:01,4 of 11,2 of 3,5 of 5,10 of 18,0 of 0,1 of 1
L,Andre Fili,0,8 of 33,24%,8 of 33,0 of 0,---,0,0,0:00,7 of 28,1 of 5,0 of 0,8 of 33,0 of 0,0 of 0
L,Robert Bryczek,0,32 of 133,24%,41 of 143,0 of 0,---,0,0,0:30,19 of 103,10 of 24,3 of 6,30 of 127,2 of 6,0 of 0
W,Ihor Potieria,1,67 of 168,39%,77 of 181,0 of 4,0%,0,0,2:37,47 of 139,5 of 12,15 of 17,61 of 156,6 of 12,0 of 0
L,Brad Tavares,0,37 of 84,44%,42 of 90,0 of 0,---,0,0,0:00,28 of 70,4 of 9,5 of 5,36 of 83,1 of 1,0 of 0
W,Gregory Rodrigues,0,71 of 123,57%,79 of 135,2 of 6,33%,0,0,3:18,53 of 102,8 of 9,10 of 12,64 of 114,7 of 9,0 of 0
W,Michael Johnson,0,61 of 112,54%,80 of 138,4 of 8,50%,0,0,6:02,16 of 47,36 of 52,9 of 13,58 of 109,0 of 0,3 of 3
L,Darrius Flowers,0,33 of 64,51%,52 of 86,0 of 2,0%,0,0,0:43,10 of 31,9 of 12,14 of 21,29 of 60,1 of 1,3 of 3
W,Rodolfo Vieira,0,6 of 11,54%,14 of 21,3 of 3,100%,1,0,2:46,4 of 6,0 of 2,2 of 3,6 of 11,0 of 0,0 of 0
L,Armen Petrosyan,0,9 of 20,45%,14 of 25,0 of 0,---,0,0,0:00,1 of 10,1 of 3,7 of 7,9 of 20,0 of 0,0 of 0
L,Trevin Giles,0,68 of 102,66%,70 of 105,0 of 2,0%,0,0,1:28,25 of 51,2 of 2,41 of 49,67 of 100,1 of 2,0 of 0
W,Carlos Prates,1,37 of 72,51%,38 of 73,0 of 0,---,0,0,0:01,3 of 24,18 of 26,16 of 22,37 of 72,0 of 0,0 of 0
W,Bolaji Oki,0,60 of 152,39%,61 of 157,1 of 1,100%,0,0,1:49,51 of 139,5 of 8,4 of 5,58 of 145,1 of 4,1 of 3
L,Timmy Cuamba,0,33 of 94,35%,35 of 96,1 of 6,16%,0,0,1:55,20 of 67,8 of 14,5 of 13,26 of 86,5 of 6,2 of 2
W,Loma Lookboonmee,0,58 of 112,51%,73 of 131,1 of 2,50%,0,0,0:55,15 of 52,29 of 38,14 of 22,47 of 98,11 of 14,0 of 0
L,Bruna Brasil,0,28 of 63,44%,52 of 99,1 of 2,50%,0,0,2:29,9 of 39,12 of 16,7 of 8,22 of 55,6 of 8,0 of 0
L,Devin Clark,0,53 of 127,41%,53 of 127,0 of 2,0%,0,0,0:14,36 of 106,13 of 16,4 of 5,49 of 120,4 of 7,0 of 0
W,Marcin Prachnio,0,101 of 189,53%,112 of 204,1 of 1,100%,0,0,0:44,42 of 113,37 of 51,22 of 25,78 of 156,23 of 33,0 of 0
W,Max Griffin,0,26 of 53,49%,36 of 65,1 of 2,50%,0,0,1:40,21 of 48,4 of 4,1 of 1,24 of 51,2 of 2,0 of 0
L,Jeremiah Wells,0,32 of 86,37%,43 of 97,1 of 2,50%,0,0,1:40,27 of 76,5 of 7,0 of 3,32 of 85,0 of 1,0 of 0
L,Zac Pauga,0,17 of 26,65%,19 of 28,0 of 2,0%,0,0,1:04,7 of 13,2 of 5,8 of 8,14 of 22,3 of 4,0 of 0
W,Bogdan Guskov,1,10 of 29,34%,25 of 44,0 of 0,---,0,0,0:04,10 of 29,0 of 0,0 of 0,10 of 29,0 of 0,0 of 0
L,Fernie Garcia,0,26 of 79,32%,31 of 87,0 of 0,---,0,1,0:56,22 of 75,3 of 3,1 of 1,25 of 78,1 of 1,0 of 0
W,Hyder Amil,1,79 of 144,54%,109 of 194,1 of 3,33%,2,1,2:20,60 of 121,14 of 17,5 of 6,58 of 109,3 of 9,18 of 26
NC,Daniel Marcos,0,81 of 126,64%,84 of 129,0 of 0,---,0,0,0:28,50 of 84,12 of 19,19 of 23,69 of 113,5 of 6,7 of 7
NC,Aoriqileng,0,45 of 95,47%,45 of 96,0 of 0,---,0,0,0:38,26 of 71,10 of 12,9 of 12,43 of 93,2 of 2,0 of 0
L,Roman Dolidze,0,34 of 152,22%,59 of 190,0 of 4,0%,0,1,10:11,14 of 113,8 of 13,12 of 26,32 of 145,2 of 7,0 of 0
W,Nassourdine Imavov,1,112 of 189,59%,154 of 248,0 of 0,---,1,0,3:52,71 of 132,24 of 38,17 of 19,67 of 129,13 of 16,32 of 44
W,Renato Moicano,0,23 of 42,54%,142 of 177,3 of 6,50%,0,0,10:33,20 of 39,2 of 2,1 of 1,10 of 27,1 of 2,12 of 13
L,Drew Dober,0,23 of 59,38%,36 of 73,1 of 2,50%,0,0,1:02,17 of 50,4 of 7,2 of 2,19 of 52,1 of 1,3 of 6
W,Randy Brown,1,13 of 46,28%,13 of 46,0 of 0,---,0,0,0:03,6 of 33,1 of 5,6 of 8,12 of 45,0 of 0,1 of 1
L,Muslim Salikhov,0,10 of 22,45%,10 of 22,0 of 0,---,0,0,0:00,0 of 9,1 of 2,9 of 11,10 of 22,0 of 0,0 of 0
L,Viviane Araujo,0,26 of 67,38%,63 of 110,1 of 9,11%,0,0,6:01,20 of 58,1 of 3,5 of 6,25 of 66,1 of 1,0 of 0
W,Natalia Silva,0,38 of 128,29%,65 of 157,0 of 1,0%,0,0,0:00,24 of 103,8 of 16,6 of 9,38 of 128,0 of 0,0 of 0
NC,Aliaskhab Khizriev,0,1 of 2,50%,1 of 2,0 of 0,---,0,0,0:00,0 of 1,1 of 1,0 of 0,1 of 2,0 of 0,0 of 0
NC,Makhmud Muradov,0,1 of 1,100%,1 of 1,0 of 0,---,0,0,0:00,0 of 0,1 of 1,0 of 0,1 of 1,0 of 0,0 of 0
L,Gilbert Urbina,0,16 of 38,42%,16 of 38,0 of 1,0%,0,0,0:05,4 of 17,6 of 10,6 of 11,16 of 38,0 of 0,0 of 0
W,Charles Radtke,2,30 of 47,63%,33 of 51,0 of 0,---,0,0,0:08,23 of 40,0 of 0,7 of 7,27 of 43,0 of 0,3 of 4
W,Molly McCann,0,42 of 91,46%,43 of 92,2 of 2,100%,1,0,1:08,27 of 71,14 of 19,1 of 1,34 of 76,2 of 4,6 of 11
L,Diana Belbita,0,29 of 77,37%,29 of 77,0 of 0,---,0,0,0:00,9 of 46,13 of 23,7 of 8,24 of 72,5 of 5,0 of 0
L,Azat Maksum,1,38 of 163,23%,40 of 166,2 of 7,28%,1,1,2:29,25 of 142,6 of 11,7 of 10,36 of 160,2 of 3,0 of 0
W,Charles Johnson,0,76 of 140,54%,81 of 149,2 of 6,33%,3,0,0:47,29 of 76,20 of 27,27 of 37,66 of 127,7 of 9,3 of 4
W,Themba Gorimbo,1,12 of 18,66%,12 of 18,0 of 1,0%,0,0,0:05,10 of 16,1 of 1,1 of 1,3 of 6,2 of 2,7 of 10
L,Pete Rodriguez,0,0 of 5,0%,0 of 5,0 of 0,---,0,0,0:00,0 of 3,0 of 1,0 of 1,0 of 5,0 of 0,0 of 0
W,JeongYeong Lee,0,49 of 82,59%,75 of 121,2 of 3,66%,0,0,4:29,33 of 62,14 of 18,2 of 2,21 of 40,11 of 11,17 of 31
L,Blake Bilder,0,19 of 54,35%,36 of 77,0 of 3,0%,0,0,5:18,3 of 27,2 of 5,14 of 22,8 of 40,10 of 13,1 of 1
W,Luana Carolina,0,66 of 136,48%,138 of 230,2 of 3,66%,0,0,5:27,41 of 96,15 of 26,10 of 14,28 of 75,13 of 20,25 of 41
L,Julija Stoliarenko,0,16 of 59,27%,21 of 68,1 of 5,20%,3,0,3:47,7 of 40,6 of 10,3 of 9,11 of 51,5 of 8,0 of 0
L,Landon Quinones,0,55 of 149,36%,78 of 176,1 of 3,33%,0,0,2:04,41 of 115,11 of 26,3 of 8,54 of 145,1 of 4,0 of 0
W,MarQuel Mederos,0,60 of 146,41%,74 of 165,0 of 5,0%,0,0,4:13,28 of 103,18 of 26,14 of 17,55 of 141,5 of 5,0 of 0
L,Thomas Petersen,0,58 of 86,67%,116 of 153,1 of 6,16%,0,0,2:47,26 of 50,30 of 34,2 of 2,54 of 81,4 of 5,0 of 0
W,Jamal Pogues,0,65 of 124,52%,66 of 125,0 of 0,---,0,0,0:04,43 of 94,15 of 23,7 of 7,56 of 111,9 of 13,0 of 0
L,Sean Strickland,0,173 of 408,42%,183 of 419,0 of 0,---,0,0,0:00,157 of 387,10 of 15,6 of 6,173 of 408,0 of 0,0 of 0
W,Dricus Du Plessis,0,137 of 354,38%,140 of 358,6 of 11,54%,0,0,2:08,81 of 283,32 of 37,24 of 34,134 of 348,3 of 5,0 of 1
W,Raquel Pennington,0,134 of 201,66%,265 of 342,1 of 3,33%,2,2,11:28,91 of 156,32 of 34,11 of 11,54 of 110,38 of 43,42 of 48
L,Mayra Bueno Silva,0,69 of 88,78%,96 of 118,3 of 9,33%,3,0,8:58,32 of 44,26 of 30,11 of 14,28 of 45,38 of 40,3 of 3
W,Neil Magny,0,57 of 102,55%,110 of 159,1 of 2,50%,0,0,1:47,52 of 95,3 of 3,2 of 4,13 of 44,0 of 2,44 of 56
L,Mike Malott,0,45 of 67,67%,100 of 128,4 of 6,66%,0,0,6:02,19 of 40,4 of 4,22 of 23,30 of 49,0 of 0,15 of 18
W,Chris Curtis,0,140 of 258,54%,144 of 262,0 of 0,---,0,0,0:00,101 of 210,35 of 44,4 of 4,116 of 230,24 of 28,0 of 0
L,Marc-Andre Barriault,0,122 of 243,50%,124 of 245,0 of 0,---,0,0,0:00,77 of 189,33 of 42,12 of 12,105 of 218,17 of 25,0 of 0
L,Arnold Allen,0,59 of 140,42%,61 of 143,0 of 0,---,1,0,0:03,41 of 115,17 of 24,1 of 1,46 of 124,9 of 12,4 of 4
W,Movsar Evloev,0,51 of 118,43%,72 of 141,5 of 17,29%,0,0,3:31,35 of 101,12 of 13,4 of 4,45 of 110,5 of 7,1 of 1
L,Brad Katona,0,64 of 155,41%,76 of 172,4 of 9,44%,0,0,4:35,49 of 138,8 of 9,7 of 8,46 of 126,17 of 28,1 of 1
W,Garrett Armfield,0,105 of 168,62%,130 of 193,0 of 1,0%,0,0,0:00,74 of 131,21 of 27,10 of 10,99 of 162,6 of 6,0 of 0
L,Charles Jourdain,0,60 of 156,38%,78 of 175,0 of 4,0%,1,0,1:58,19 of 98,20 of 32,21 of 26,52 of 147,8 of 9,0 of 0
W,Sean Woodson,0,80 of 168,47%,102 of 193,1 of 3,33%,0,0,0:39,59 of 143,10 of 13,11 of 12,70 of 156,8 of 9,2 of 3
L,Serhiy Sidey,0,79 of 226,34%,81 of 229,0 of 4,0%,0,0,0:24,51 of 181,20 of 36,8 of 9,73 of 218,6 of 8,0 of 0
W,Ramon Taveras,1,62 of 147,42%,62 of 148,0 of 0,---,0,0,0:06,48 of 131,8 of 10,6 of 6,60 of 144,1 of 1,1 of 2
W,Gillian Robertson,0,23 of 39,58%,49 of 91,2 of 2,100%,1,0,6:06,20 of 35,0 of 0,3 of 4,5 of 13,0 of 0,18 of 26
L,Polyana Viana,0,12 of 41,29%,33 of 66,0 of 0,---,0,0,0:27,10 of 37,2 of 3,0 of 1,9 of 37,0 of 0,3 of 4
L,Yohan Lainesse,0,1 of 9,11%,1 of 9,0 of 0,---,0,0,0:05,1 of 8,0 of 0,0 of 1,1 of 9,0 of 0,0 of 0
W,Sam Patterson,0,5 of 10,50%,5 of 10,1 of 1,100%,1,0,0:41,5 of 10,0 of 0,0 of 0,5 of 10,0 of 0,0 of 0
W,Jasmine Jasudavicius,1,93 of 120,77%,326 of 398,2 of 5,40%,3,0,11:25,84 of 109,6 of 8,3 of 3,23 of 34,2 of 3,68 of 83
L,Priscila Cachoeira,0,24 of 50,48%,26 of 52,0 of 0,---,0,0,0:05,19 of 44,3 of 4,2 of 2,20 of 45,0 of 0,4 of 5
L,Malcolm Gordon,0,37 of 70,52%,74 of 116,1 of 1,100%,1,0,4:13,35 of 67,2 of 3,0 of 0,18 of 41,5 of 5,14 of 24
W,Jimmy Flick,0,3 of 7,42%,7 of 11,1 of 4,25%,4,0,1:07,2 of 5,0 of 1,1 of 1,3 of 7,0 of 0,0 of 0
W,Magomed Ankalaev,1,39 of 58,67%,39 of 58,0 of 0,---,0,0,0:05,8 of 22,6 of 7,25 of 29,38 of 57,0 of 0,1 of 1
L,Johnny Walker,0,24 of 71,33%,26 of 73,0 of 0,---,0,0,0:00,2 of 34,3 of 6,19 of 31,24 of 71,0 of 0,0 of 0
W,Jim Miller,0,80 of 140,57%,96 of 157,2 of 2,100%,1,0,3:55,50 of 108,10 of 12,20 of 20,67 of 125,5 of 7,8 of 8
L,Gabriel Benitez,0,80 of 182,43%,84 of 188,0 of 0,---,0,0,0:01,51 of 145,13 of 21,16 of 16,79 of 181,1 of 1,0 of 0
L,Ricky Simon,0,45 of 108,41%,52 of 115,2 of 13,15%,0,0,3:00,33 of 95,4 of 4,8 of 9,44 of 106,1 of 2,0 of 0
W,Mario Bautista,0,112 of 270,41%,118 of 276,0 of 3,0%,0,0,0:14,76 of 219,31 of 42,5 of 9,110 of 266,2 of 3,0 of 1
L,Phil Hawes,0,13 of 27,48%,13 of 28,0 of 1,0%,0,0,0:00,8 of 18,4 of 7,1 of 2,12 of 24,1 of 3,0 of 0
W,Brunno Ferreira,1,19 of 43,44%,24 of 49,1 of 4,25%,0,0,1:37,18 of 38,0 of 4,1 of 1,15 of 33,0 of 3,4 of 7
L,Andrei Arlovski,0,58 of 127,45%,58 of 127,0 of 0,---,0,0,0:00,13 of 63,22 of 40,23 of 24,58 of 127,0 of 0,0 of 0
W,Waldo Cortes Acosta,0,49 of 136,36%,50 of 137,0 of 0,---,0,0,0:00,24 of 97,11 of 19,14 of 20,46 of 131,3 of 5,0 of 0
L,Matthew Semelsberger,0,28 of 69,40%,33 of 77,1 of 2,50%,2,0,3:08,18 of 55,4 of 8,6 of 6,23 of 60,3 of 7,2 of 2
W,Preston Parsons,0,47 of 87,54%,116 of 165,7 of 11,63%,2,1,6:26,25 of 62,9 of 11,13 of 14,25 of 59,11 of 13,11 of 15
W,Marcus McGhee,1,65 of 123,52%,74 of 134,1 of 3,33%,0,0,1:47,57 of 114,7 of 8,1 of 1,52 of 108,3 of 4,10 of 11
L,Gaston Bolanos,0,28 of 81,34%,28 of 82,0 of 0,---,0,0,0:04,14 of 57,7 of 14,7 of 10,28 of 81,0 of 0,0 of 0
W,Farid Basharat,0,42 of 100,42%,55 of 116,5 of 16,31%,1,0,6:58,14 of 53,7 of 19,21 of 28,39 of 92,2 of 5,1 of 3
L,Taylor Lapilus,0,40 of 93,43%,41 of 94,0 of 0,---,0,0,0:02,24 of 67,11 of 16,5 of 10,34 of 86,2 of 3,4 of 4
L,Westin Wilson,0,11 of 36,30%,11 of 36,0 of 3,0%,0,0,0:04,8 of 28,0 of 5,3 of 3,11 of 35,0 of 1,0 of 0
W,Jean Silva,1,25 of 36,69%,25 of 36,1 of 1,100%,0,0,0:08,24 of 32,1 of 4,0 of 0,23 of 34,2 of 2,0 of 0
W,Nikolas Motta,1,21 of 40,52%,21 of 40,0 of 0,---,0,0,0:09,19 of 35,2 of 5,0 of 0,8 of 19,0 of 1,13 of 20
L,Tom Nolan,0,12 of 20,60%,12 of 20,0 of 0,---,0,0,0:00,5 of 13,5 of 5,2 of 2,11 of 18,1 of 2,0 of 0
W,Joshua Van,1,83 of 141,58%,154 of 222,1 of 1,100%,0,0,1:14,63 of 116,15 of 19,5 of 6,61 of 115,9 of 11,13 of 15
L,Felipe Bunes,0,50 of 91,54%,57 of 101,2 of 6,33%,0,0,2:02,29 of 64,11 of 16,10 of 11,49 of 90,1 of 1,0 of 0
W,Leon Edwards,0,57 of 108,52%,65 of 116,2 of 3,66%,2,1,1:27,21 of 62,14 of 21,22 of 25,56 of 107,0 of 0,1 of 1
L,Colby Covington,0,44 of 126,34%,109 of 194,2 of 10,20%,0,0,5:04,20 of 86,7 of 12,17 of 28,44 of 125,0 of 1,0 of 0
W,Alexandre Pantoja,0,95 of 156,60%,126 of 195,8 of 14,57%,1,0,15:51,49 of 101,22 of 30,24 of 25,74 of 130,5 of 6,16 of 20
L,Brandon Royval,0,111 of 204,54%,281 of 390,0 of 1,0%,0,2,0:47,102 of 193,7 of 9,2 of 2,91 of 177,5 of 6,15 of 21
W,Shavkat Rakhmonov,0,28 of 36,77%,73 of 88,1 of 5,20%,2,0,7:45,24 of 31,4 of 5,0 of 0,5 of 8,10 of 15,13 of 13
L,Stephen Thompson,0,16 of 25,64%,26 of 37,0 of 0,---,0,0,0:00,6 of 15,7 of 7,3 of 3,13 of 22,1 of 1,2 of 2
L,Tony Ferguson,0,62 of 105,59%,90 of 134,0 of 0,---,0,0,0:00,35 of 66,23 of 35,4 of 4,51 of 91,0 of 0,11 of 14
W,Paddy Pimblett,1,106 of 165,64%,151 of 217,1 of 4,25%,0,0,8:53,73 of 127,13 of 17,20 of 21,66 of 109,0 of 0,40 of 56
W,Josh Emmett,1,2 of 10,20%,2 of 10,0 of 0,---,0,0,0:03,1 of 4,1 of 5,0 of 1,2 of 10,0 of 0,0 of 0
L,Bryce Mitchell,0,0 of 3,0%,0 of 3,0 of 0,---,0,0,0:00,0 of 1,0 of 0,0 of 2,0 of 3,0 of 0,0 of 0
W,Alonzo Menifield,1,68 of 117,58%,95 of 145,1 of 2,50%,0,0,2:03,58 of 104,2 of 4,8 of 9,51 of 94,14 of 20,3 of 3
L,Dustin Jacoby,0,93 of 150,62%,113 of 171,0 of 0,---,0,0,2:08,69 of 122,15 of 18,9 of 10,78 of 135,15 of 15,0 of 0
W,Irene Aldana,0,145 of 308,47%,145 of 308,0 of 0,---,0,0,0:00,122 of 276,20 of 28,3 of 4,145 of 308,0 of 0,0 of 0
L,Karol Rosa,0,204 of 350,58%,204 of 350,0 of 1,0%,0,0,0:00,103 of 237,6 of 11,95 of 102,204 of 349,0 of 1,0 of 0
W,Cody Garbrandt,1,20 of 41,48%,21 of 42,0 of 0,---,0,0,0:21,16 of 37,2 of 2,2 of 2,16 of 35,4 of 6,0 of 0
L,Brian Kelleher,0,17 of 25,68%,21 of 29,0 of 1,0%,0,0,0:36,9 of 13,1 of 3,7 of 9,17 of 24,0 of 1,0 of 0
L,Casey O'Neill,0,31 of 74,41%,32 of 75,0 of 2,0%,0,0,0:20,17 of 57,3 of 3,11 of 14,29 of 72,2 of 2,0 of 0
W,Ariane da Silva,0,64 of 127,50%,86 of 152,1 of 1,100%,1,0,0:58,45 of 106,16 of 18,3 of 3,37 of 95,9 of 11,18 of 21
W,Tagir Ulanbekov,1,24 of 41,58%,45 of 63,2 of 2,100%,5,1,6:03,19 of 35,4 of 5,1 of 1,15 of 32,5 of 5,4 of 4
L,Cody Durden,0,32 of 43,74%,55 of 67,0 of 0,---,0,0,0:36,22 of 31,3 of 3,7 of 9,24 of 34,3 of 4,5 of 5
W,Andre Fili,1,20 of 36,55%,25 of 42,0 of 0,---,0,0,0:15,16 of 29,3 of 6,1 of 1,8 of 21,0 of 0,12 of 15
L,Lucas Almeida,0,10 of 25,40%,10 of 25,0 of 0,---,0,0,0:00,1 of 11,0 of 1,9 of 13,10 of 25,0 of 0,0 of 0
L,Martin Buday,0,8 of 20,40%,13 of 26,0 of 2,0%,0,0,0:20,8 of 19,0 of 1,0 of 0,8 of 17,0 of 3,0 of 0
W,Shamil Gaziev,0,49 of 98,50%,60 of 114,0 of 0,---,0,0,2:18,35 of 79,14 of 19,0 of 0,35 of 73,5 of 10,9 of 15
W,Song Yadong,0,77 of 165,46%,160 of 283,2 of 3,66%,0,0,11:01,35 of 100,12 of 20,30 of 45,49 of 127,4 of 6,24 of 32
L,Chris Gutierrez,0,87 of 145,60%,105 of 165,0 of 2,0%,0,0,0:00,8 of 39,3 of 15,76 of 91,87 of 145,0 of 0,0 of 0
L,Anthony Smith,0,47 of 84,55%,52 of 89,0 of 2,0%,0,0,0:11,27 of 62,14 of 16,6 of 6,46 of 83,1 of 1,0 of 0
W,Khalil Rountree Jr.,1,53 of 114,46%,56 of 118,0 of 0,---,0,0,0:58,33 of 94,14 of 14,6 of 6,51 of 109,1 of 3,1 of 2
W,Nasrat Haqparast,2,16 of 29,55%,18 of 31,0 of 0,---,0,0,0:05,14 of 27,2 of 2,0 of 0,4 of 13,6 of 8,6 of 8
L,Jamie Mullarkey,0,8 of 23,34%,8 of 23,0 of 0,---,0,0,0:00,3 of 16,2 of 4,3 of 3,8 of 23,0 of 0,0 of 0
W,Tim Elliott,0,10 of 21,47%,26 of 37,1 of 3,33%,1,0,2:05,6 of 13,0 of 1,4 of 7,8 of 18,2 of 2,0 of 1
L,Sumudaerji,0,10 of 25,40%,10 of 25,0 of 0,---,0,0,0:00,6 of 19,3 of 4,1 of 2,10 of 25,0 of 0,0 of 0
L,JunYong Park,0,27 of 60,45%,52 of 96,0 of 0,---,0,2,2:58,21 of 54,3 of 3,3 of 3,11 of 25,0 of 0,16 of 35
W,Andre Muniz,0,14 of 30,46%,35 of 60,11 of 14,78%,0,1,9:34,10 of 25,3 of 4,1 of 1,13 of 29,0 of 0,1 of 1
L,Song Kenan,0,62 of 156,39%,88 of 188,0 of 1,0%,0,0,0:00,43 of 128,8 of 10,11 of 18,55 of 145,7 of 11,0 of 0
W,Kevin Jousset,0,134 of 235,57%,158 of 263,1 of 2,50%,0,0,1:26,78 of 171,15 of 20,41 of 44,121 of 219,13 of 16,0 of 0
W,HyunSung Park,2,50 of 124,40%,65 of 154,0 of 1,0%,0,0,3:21,33 of 101,11 of 15,6 of 8,36 of 88,6 of 14,8 of 22
L,Shannon Ross,0,47 of 115,40%,61 of 135,0 of 0,---,0,0,0:00,25 of 88,9 of 12,13 of 15,46 of 107,1 of 8,0 of 0
W,Steve Garcia,1,29 of 49,59%,41 of 66,0 of 0,---,1,0,0:46,26 of 45,2 of 3,1 of 1,4 of 10,3 of 8,22 of 31
L,Melquizael Costa,0,6 of 10,60%,20 of 25,2 of 10,20%,0,0,4:41,1 of 5,2 of 2,3 of 3,2 of 3,4 of 7,0 of 0
W,Luana Santos,0,53 of 104,50%,97 of 161,2 of 4,50%,0,0,7:44,20 of 61,22 of 29,11 of 14,50 of 95,3 of 9,0 of 0
L,Stephanie Egger,0,44 of 115,38%,112 of 193,1 of 1,100%,0,0,1:06,31 of 97,13 of 17,0 of 1,29 of 96,15 of 19,0 of 0
W,Tatsuro Taira,1,33 of 43,76%,44 of 60,0 of 0,---,0,0,3:36,30 of 40,1 of 1,2 of 2,7 of 8,0 of 1,26 of 34
L,Carlos Hernandez,0,2 of 4,50%,2 of 4,0 of 2,0%,0,0,0:53,2 of 4,0 of 0,0 of 0,2 of 4,0 of 0,0 of 0
L,Rayanne dos Santos,0,57 of 130,43%,80 of 156,0 of 1,0%,0,0,0:14,41 of 104,11 of 17,5 of 9,45 of 117,11 of 12,1 of 1
W,Talita Alencar,0,36 of 157,22%,48 of 176,1 of 9,11%,0,0,2:44,21 of 125,12 of 25,3 of 7,21 of 133,8 of 12,7 of 12
L,Beneil Dariush,0,2 of 8,25%,2 of 8,0 of 0,---,0,0,0:00,0 of 5,0 of 1,2 of 2,2 of 8,0 of 0,0 of 0
W,Arman Tsarukyan,1,8 of 15,53%,8 of 15,0 of 0,---,0,0,0:03,8 of 15,0 of 0,0 of 0,4 of 10,2 of 2,2 of 3
W,Jalin Turner,1,33 of 60,55%,33 of 60,0 of 0,---,0,0,0:12,26 of 48,2 of 4,5 of 8,18 of 41,0 of 0,15 of 19
L,King Green,0,15 of 26,57%,15 of 26,0 of 0,---,0,0,0:02,5 of 14,3 of 4,7 of 8,14 of 24,1 of 2,0 of 0
L,Rob Font,0,46 of 94,48%,48 of 96,0 of 2,0%,0,0,0:22,39 of 85,5 of 6,2 of 3,44 of 92,2 of 2,0 of 0
W,Deiveson Figueiredo,0,45 of 74,60%,53 of 84,4 of 7,57%,0,0,4:02,35 of 64,7 of 7,3 of 3,33 of 60,6 of 7,6 of 7
W,Sean Brady,0,14 of 24,58%,97 of 130,5 of 5,100%,3,0,9:06,8 of 16,1 of 2,5 of 6,7 of 15,1 of 1,6 of 8
L,Kelvin Gastelum,0,18 of 32,56%,21 of 35,0 of 0,---,0,1,0:19,7 of 19,7 of 8,4 of 5,13 of 23,4 of 5,1 of 4
L,Clay Guida,0,43 of 134,32%,63 of 155,2 of 11,18%,0,0,4:23,19 of 103,14 of 20,10 of 11,36 of 127,7 of 7,0 of 0
W,Joaquim Silva,0,46 of 91,50%,85 of 141,2 of 3,66%,2,0,2:35,33 of 72,9 of 15,4 of 4,28 of 64,15 of 19,3 of 8
L,Punahele Soriano,0,31 of 73,42%,33 of 76,0 of 0,---,0,0,0:00,18 of 56,9 of 11,4 of 6,30 of 72,1 of 1,0 of 0
W,Dustin Stoltzfus,1,64 of 123,52%,78 of 140,4 of 7,57%,1,0,2:12,24 of 79,23 of 27,17 of 17,60 of 116,4 of 7,0 of 0
W,Miesha Tate,0,32 of 37,86%,127 of 152,4 of 5,80%,1,0,10:55,31 of 35,1 of 1,0 of 1,5 of 8,0 of 0,27 of 29
L,Julia Avila,0,3 of 11,27%,11 of 21,0 of 0,---,0,0,0:00,3 of 11,0 of 0,0 of 0,3 of 11,0 of 0,0 of 0
L,Zach Reese,0,4 of 5,80%,10 of 12,0 of 0,---,1,0,0:00,3 of 4,0 of 0,1 of 1,1 of 2,1 of 1,2 of 2
W,Cody Brundage,0,9 of 12,75%,12 of 16,1 of 1,100%,0,0,1:25,7 of 10,1 of 1,1 of 1,4 of 4,0 of 0,5 of 8
W,Drakkar Klose,0,2 of 2,100%,8 of 9,0 of 0,---,0,1,0:40,1 of 1,0 of 0,1 of 1,1 of 1,0 of 0,1 of 1
L,Joe Solecki,0,1 of 1,100%,9 of 13,1 of 2,50%,0,0,0:53,1 of 1,0 of 0,0 of 0,1 of 1,0 of 0,0 of 0
W,Rodolfo Bellato,0,80 of 131,61%,99 of 160,1 of 4,25%,0,0,2:49,70 of 116,9 of 12,1 of 3,18 of 46,11 of 14,51 of 71
L,Ihor Potieria,1,73 of 127,57%,92 of 153,0 of 0,---,0,0,1:41,58 of 111,9 of 10,6 of 6,38 of 73,12 of 21,23 of 33
L,Wellington Turman,0,37 of 57,64%,46 of 73,1 of 1,100%,0,0,1:40,27 of 47,2 of 2,8 of 8,32 of 49,2 of 2,3 of 6
W,Jared Gooden,0,53 of 83,63%,62 of 95,1 of 1,100%,1,0,0:31,33 of 59,14 of 18,6 of 6,43 of 72,1 of 1,9 of 10
W,Veronica Hardy,0,43 of 101,42%,61 of 122,1 of 2,50%,0,0,1:34,29 of 86,11 of 11,3 of 4,30 of 81,13 of 20,0 of 0
L,Jamey-Lyn Horth,0,43 of 87,49%,74 of 125,1 of 3,33%,0,0,3:59,16 of 49,20 of 26,7 of 12,23 of 59,20 of 28,0 of 0
W,Brendan Allen,0,32 of 43,74%,52 of 64,2 of 2,100%,2,0,7:58,26 of 37,3 of 3,3 of 3,12 of 17,1 of 2,19 of 24
L,Paul Craig,0,6 of 14,42%,13 of 21,0 of 2,0%,1,0,0:34,3 of 10,1 of 1,2 of 3,6 of 13,0 of 0,0 of 1
W,Michael Morales,0,84 of 208,40%,84 of 208,0 of 1,0%,0,0,0:07,45 of 157,12 of 17,27 of 34,80 of 197,4 of 11,0 of 0
L,Jake Matthews,0,57 of 149,38%,57 of 149,0 of 1,0%,0,0,0:03,33 of 109,17 of 24,7 of 16,54 of 146,3 of 3,0 of 0
W,Chase Hooper,0,1 of 3,33%,13 of 18,0 of 0,---,1,0,0:57,1 of 3,0 of 0,0 of 0,0 of 2,0 of 0,1 of 1
L,Jordan Leavitt,0,3 of 4,75%,5 of 10,0 of 2,0%,0,1,0:59,2 of 3,1 of 1,0 of 0,0 of 0,1 of 1,2 of 3
W,Payton Talbott,0,28 of 53,52%,58 of 90,0 of 0,---,1,0,3:25,22 of 46,4 of 5,2 of 2,12 of 27,0 of 0,16 of 26
L,Nick Aguirre,0,5 of 12,41%,18 of 29,2 of 10,20%,0,0,5:46,4 of 11,1 of 1,0 of 0,5 of 9,0 of 3,0 of 0
L,Luana Pinheiro,0,55 of 116,47%,56 of 120,1 of 6,16%,0,0,1:11,36 of 86,11 of 18,8 of 12,51 of 109,4 of 6,0 of 1
W,Amanda Ribas,1,87 of 224,38%,96 of 234,0 of 1,0%,0,0,0:30,57 of 158,8 of 29,22 of 37,81 of 212,3 of 6,3 of 6
L,Uros Medic,0,14 of 27,51%,17 of 32,0 of 0,---,0,0,0:02,10 of 20,4 of 7,0 of 0,5 of 14,8 of 12,1 of 1
W,Myktybek Orolbai,0,8 of 20,40%,16 of 31,7 of 10,70%,1,0,7:26,6 of 16,0 of 0,2 of 4,3 of 8,1 of 1,4 of 11
L,Jonathan Pearce,0,14 of 16,87%,81 of 96,1 of 4,25%,0,1,6:15,6 of 6,2 of 4,6 of 6,3 of 4,7 of 8,4 of 4
W,Joanderson Brito,0,8 of 20,40%,33 of 47,1 of 1,100%,1,0,1:58,4 of 15,3 of 4,1 of 1,4 of 12,2 of 3,2 of 5
L,Chad Anheliger,0,26 of 71,36%,47 of 103,4 of 8,50%,0,1,6:18,14 of 49,6 of 13,6 of 9,19 of 54,4 of 6,3 of 11
W,Jose Johnson,0,63 of 108,58%,141 of 198,1 of 2,50%,1,2,4:20,42 of 78,15 of 18,6 of 12,25 of 53,10 of 17,28 of 38
W,Christian Leroy Duncan,1,65 of 87,74%,90 of 123,0 of 2,0%,0,0,4:51,44 of 65,8 of 9,13 of 13,46 of 65,16 of 17,3 of 5
L,Denis Tiuliulin,0,30 of 71,42%,37 of 81,0 of 0,---,0,0,0:00,19 of 57,6 of 8,5 of 6,26 of 66,4 of 5,0 of 0
W,Mick Parkin,0,39 of 98,39%,69 of 139,3 of 10,30%,0,1,6:23,33 of 91,2 of 3,4 of 4,34 of 92,3 of 3,2 of 3
L,Caio Machado,0,76 of 132,57%,103 of 164,0 of 1,0%,0,0,0:20,41 of 95,24 of 26,11 of 11,68 of 121,6 of 9,2 of 2
W,Jeka Saragih,1,4 of 9,44%,4 of 9,1 of 1,100%,0,0,0:05,3 of 6,1 of 2,0 of 1,2 of 6,0 of 0,2 of 3
L,Lucas Alexander,0,11 of 16,68%,11 of 16,0 of 1,0%,0,0,0:00,6 of 10,2 of 3,3 of 3,11 of 16,0 of 0,0 of 0
L,Lucie Pudilova,0,20 of 42,47%,41 of 67,0 of 0,---,1,0,4:09,13 of 31,7 of 9,0 of 2,5 of 25,9 of 10,6 of 7
W,Ailin Perez,0,42 of 74,56%,123 of 180,2 of 8,25%,0,0,8:36,31 of 57,5 of 7,6 of 10,12 of 27,3 of 6,27 of 41
NC,Trey Ogden,0,58 of 83,69%,96 of 128,3 of 16,18%,1,0,4:28,49 of 74,6 of 6,3 of 3,44 of 65,13 of 17,1 of 1
NC,Nikolas Motta,0,14 of 80,17%,16 of 82,0 of 0,---,0,0,0:00,8 of 73,5 of 6,1 of 1,14 of 80,0 of 0,0 of 0
L,Charles Johnson,0,72 of 109,66%,116 of 161,0 of 0,---,0,1,0:43,38 of 69,27 of 33,7 of 7,53 of 80,18 of 26,1 of 3
W,Rafael Estevam,0,18 of 43,41%,35 of 77,3 of 22,13%,1,0,9:23,10 of 28,6 of 12,2 of 3,11 of 31,3 of 5,4 of 7
L,Jiri Prochazka,0,30 of 53,56%,44 of 70,1 of 3,33%,0,0,2:45,18 of 37,7 of 10,5 of 6,26 of 49,2 of 2,2 of 2
W,Alex Pereira,1,38 of 61,62%,49 of 72,0 of 0,---,1,0,0:08,21 of 38,5 of 8,12 of 15,22 of 43,4 of 4,12 of 14
L,Sergei Pavlovich,0,1 of 7,14%,1 of 7,0 of 0,---,0,0,0:00,1 of 7,0 of 0,0 of 0,1 of 7,0 of 0,0 of 0
W,Tom Aspinall,1,10 of 14,71%,10 of 14,0 of 0,---,0,0,0:02,7 of 10,0 of 1,3 of 3,7 of 11,0 of 0,3 of 3
W,Jessica Andrade,4,53 of 107,49%,53 of 107,0 of 0,---,0,0,0:13,27 of 76,7 of 9,19 of 22,43 of 90,6 of 12,4 of 5
L,Mackenzie Dern,0,49 of 114,42%,50 of 115,0 of 4,0%,0,0,0:00,38 of 100,6 of 9,5 of 5,47 of 109,2 of 5,0 of 0
L,Matt Frevola,0,5 of 9,55%,7 of 12,2 of 2,100%,0,0,0:25,2 of 6,3 of 3,0 of 0,4 of 8,1 of 1,0 of 0
W,Benoit Saint Denis,1,6 of 11,54%,10 of 15,0 of 0,---,0,1,0:19,3 of 7,1 of 2,2 of 2,4 of 9,0 of 0,2 of 2
W,Diego Lopes,1,13 of 18,72%,13 of 18,0 of 1,0%,0,0,0:02,11 of 15,2 of 2,0 of 1,4 of 8,3 of 3,6 of 7
L,Pat Sabatini,0,7 of 12,58%,10 of 16,0 of 2,0%,0,0,0:00,3 of 7,3 of 4,1 of 1,5 of 10,1 of 1,1 of 1
W,Steve Erceg,0,74 of 125,59%,104 of 162,1 of 8,12%,1,1,6:29,41 of 87,25 of 30,8 of 8,43 of 91,26 of 28,5 of 6
L,Alessandro Costa,0,54 of 97,55%,85 of 129,1 of 6,16%,0,0,1:14,31 of 70,14 of 17,9 of 10,35 of 76,19 of 21,0 of 0
L,Tabatha Ricci,0,84 of 224,37%,91 of 232,0 of 6,0%,0,0,1:22,68 of 197,8 of 11,8 of 16,78 of 218,4 of 4,2 of 2
W,Loopy Godinez,0,98 of 221,44%,101 of 225,0 of 1,0%,0,0,0:03,81 of 200,15 of 19,2 of 2,85 of 207,11 of 12,2 of 2
W,Mateusz Rebecki,0,10 of 16,62%,28 of 38,2 of 2,100%,1,0,2:14,7 of 11,0 of 1,3 of 4,3 of 9,0 of 0,7 of 7
L,Roosevelt Roberts,0,2 of 7,28%,6 of 12,0 of 0,---,0,1,0:13,1 of 5,0 of 1,1 of 1,2 of 7,0 of 0,0 of 0
D,Nazim Sadykhov,1,91 of 207,43%,109 of 228,4 of 7,57%,0,0,3:32,65 of 172,19 of 26,7 of 9,66 of 175,5 of 8,20 of 24
D,Viacheslav Borshchev,0,143 of 241,59%,144 of 242,0 of 0,---,0,0,0:10,87 of 178,30 of 34,26 of 29,141 of 239,2 of 2,0 of 0
W,Jared Gordon,1,36 of 66,54%,54 of 87,0 of 0,---,0,0,0:19,27 of 57,5 of 5,4 of 4,22 of 51,10 of 11,4 of 4
L,Mark Madsen,0,35 of 57,61%,46 of 69,0 of 0,---,0,0,1:04,23 of 44,12 of 13,0 of 0,16 of 37,19 of 20,0 of 0
W,John Castaneda,0,111 of 179,62%,119 of 187,3 of 8,37%,0,0,2:18,47 of 103,30 of 39,34 of 37,109 of 176,2 of 3,0 of 0
L,Kyung Ho Kang,0,88 of 202,43%,88 of 203,0 of 0,---,0,0,0:00,59 of 170,17 of 19,12 of 13,82 of 194,6 of 8,0 of 0
W,Joshua Van,0,156 of 300,52%,165 of 311,2 of 4,50%,0,0,1:03,92 of 227,49 of 57,15 of 16,153 of 295,3 of 5,0 of 0
L,Kevin Borjas,0,75 of 197,38%,78 of 200,0 of 3,0%,0,1,0:21,54 of 170,9 of 12,12 of 15,73 of 193,1 of 2,1 of 2
L,Dennis Buzukja,0,3 of 7,42%,3 of 7,0 of 0,---,0,0,0:00,0 of 4,1 of 1,2 of 2,3 of 7,0 of 0,0 of 0
W,Jamall Emmers,1,14 of 20,70%,14 of 20,0 of 0,---,0,0,0:03,8 of 12,2 of 4,4 of 4,10 of 14,0 of 0,4 of 6
W,Jailton Almeida,0,38 of 56,67%,120 of 153,6 of 15,40%,4,1,21:10,32 of 48,5 of 5,1 of 3,5 of 7,3 of 8,30 of 41
L,Derrick Lewis,0,20 of 39,51%,28 of 54,0 of 2,0%,0,0,0:57,17 of 33,3 of 6,0 of 0,2 of 10,1 of 1,17 of 28
L,Gabriel Bonfim,0,39 of 91,42%,47 of 103,3 of 5,60%,1,0,4:19,27 of 77,3 of 4,9 of 10,32 of 71,3 of 9,4 of 11
W,Nicolas Dalby,1,53 of 113,46%,64 of 128,0 of 1,0%,0,0,1:27,41 of 96,7 of 11,5 of 6,25 of 76,25 of 33,3 of 4
W,Rodrigo Nascimento,0,70 of 154,45%,91 of 180,0 of 3,0%,0,0,2:21,51 of 132,9 of 11,10 of 11,58 of 134,12 of 20,0 of 0
L,Don'Tale Mayes,0,79 of 159,49%,105 of 190,0 of 1,0%,0,0,0:39,39 of 103,30 of 44,10 of 12,55 of 128,24 of 31,0 of 0
W,Caio Borralho,1,51 of 103,49%,70 of 126,0 of 1,0%,0,0,2:17,33 of 73,11 of 15,7 of 15,50 of 102,0 of 0,1 of 1
L,Abus Magomedov,0,38 of 107,35%,39 of 110,0 of 0,---,0,0,0:00,19 of 74,14 of 24,5 of 9,38 of 107,0 of 0,0 of 0
W,Elves Brener,1,16 of 33,48%,16 of 33,0 of 0,---,0,0,0:03,6 of 20,2 of 3,8 of 10,16 of 33,0 of 0,0 of 0
L,Kaynan Kruschewsky,0,8 of 31,25%,8 of 31,0 of 0,---,0,0,0:00,6 of 25,2 of 6,0 of 0,8 of 31,0 of 0,0 of 0
D,Rinat Fakhretdinov,1,87 of 186,46%,109 of 216,1 of 9,11%,0,1,4:25,50 of 144,11 of 16,26 of 26,65 of 156,7 of 8,15 of 22
D,Elizeu Zaleski dos Santos,0,75 of 152,49%,115 of 211,0 of 1,0%,1,0,1:24,47 of 113,17 of 26,11 of 13,57 of 129,2 of 3,16 of 20
W,Vitor Petrino,1,8 of 26,30%,14 of 34,1 of 2,50%,0,0,2:19,6 of 23,2 of 3,0 of 0,7 of 21,0 of 0,1 of 5
L,Modestas Bukauskas,0,9 of 19,47%,12 of 23,0 of 0,---,0,0,0:00,5 of 14,0 of 0,4 of 5,9 of 19,0 of 0,0 of 0
W,Angela Hill,0,76 of 120,63%,96 of 153,5 of 9,55%,0,1,8:03,37 of 76,37 of 42,2 of 2,40 of 68,33 of 44,3 of 8
L,Denise Gomes,0,62 of 133,46%,111 of 203,1 of 3,33%,0,1,1:03,29 of 91,25 of 33,8 of 9,34 of 97,27 of 35,1 of 1
W,Eduarda Moura,0,57 of 77,74%,102 of 139,3 of 3,100%,0,0,5:57,55 of 75,2 of 2,0 of 0,5 of 12,1 of 1,51 of 64
L,Montserrat Conejo Ruiz,0,5 of 22,22%,9 of 29,0 of 0,---,0,0,0:02,0 of 15,0 of 2,5 of 5,5 of 22,0 of 0,0 of 0
L,Kaue Fernandes,0,23 of 42,54%,67 of 92,1 of 1,100%,0,0,1:27,6 of 20,8 of 13,9 of 9,21 of 38,2 of 4,0 of 0
W,Marc Diakiese,0,13 of 32,40%,65 of 92,3 of 8,37%,0,1,8:38,11 of 26,2 of 5,0 of 1,7 of 18,2 of 4,4 of 10
W,Islam Makhachev,1,24 of 29,82%,39 of 46,0 of 1,0%,0,0,0:19,13 of 16,9 of 11,2 of 2,7 of 11,8 of 9,9 of 9
L,Alexander Volkanovski,0,4 of 6,66%,11 of 18,0 of 0,---,0,0,0:49,0 of 1,1 of 1,3 of 4,3 of 5,1 of 1,0 of 0
L,Kamaru Usman,0,36 of 66,54%,58 of 92,0 of 1,0%,0,0,0:00,27 of 52,6 of 10,3 of 4,33 of 63,1 of 1,2 of 2
W,Khamzat Chimaev,0,38 of 70,54%,107 of 143,4 of 12,33%,1,0,7:16,27 of 53,3 of 9,8 of 8,22 of 53,0 of 0,16 of 17
NC,Magomed Ankalaev,0,13 of 19,68%,16 of 23,1 of 1,100%,0,0,1:06,7 of 13,3 of 3,3 of 3,7 of 11,1 of 1,5 of 7
NC,Johnny Walker,0,14 of 27,51%,17 of 30,0 of 0,---,0,0,0:00,4 of 15,1 of 2,9 of 10,14 of 27,0 of 0,0 of 0
W,Ikram Aliskerov,1,26 of 36,72%,26 of 36,0 of 0,---,0,0,0:00,20 of 29,6 of 6,0 of 1,26 of 36,0 of 0,0 of 0
L,Warlley Alves,0,12 of 16,75%,12 of 16,0 of 0,---,0,0,0:00,3 of 6,1 of 1,8 of 9,12 of 16,0 of 0,0 of 0
W,Said Nurmagomedov,0,5 of 11,45%,5 of 11,0 of 0,---,1,0,0:03,2 of 7,2 of 2,1 of 2,5 of 11,0 of 0,0 of 0
L,Muin Gafurov,0,1 of 3,33%,1 of 3,0 of 1,0%,0,0,0:07,0 of 2,0 of 0,1 of 1,1 of 3,0 of 0,0 of 0
L,Tim Elliott,0,30 of 43,69%,71 of 87,1 of 1,100%,2,0,2:23,19 of 30,10 of 12,1 of 1,14 of 27,8 of 8,8 of 8
W,Muhammad Mokaev,0,14 of 33,42%,118 of 146,3 of 6,50%,1,0,8:24,8 of 21,3 of 8,3 of 4,10 of 29,1 of 1,3 of 3
L,Mohammad Yahya,0,43 of 92,46%,47 of 96,1 of 1,100%,1,0,0:24,28 of 70,14 of 21,1 of 1,41 of 90,2 of 2,0 of 0
W,Trevor Peek,0,61 of 97,62%,83 of 123,4 of 7,57%,0,0,5:10,32 of 61,16 of 23,13 of 13,50 of 83,6 of 9,5 of 5
NC,Javid Basharat,0,30 of 43,69%,33 of 46,1 of 4,25%,0,0,0:29,8 of 21,8 of 8,14 of 14,26 of 39,4 of 4,0 of 0
NC,Victor Henry,0,25 of 36,69%,30 of 41,0 of 1,0%,0,0,0:14,3 of 10,6 of 6,16 of 20,23 of 34,2 of 2,0 of 0
L,Abu Azaitar,0,41 of 106,38%,87 of 153,2 of 4,50%,0,0,0:32,21 of 78,13 of 18,7 of 10,31 of 90,3 of 6,7 of 10
W,Sedriques Dumas,0,34 of 79,43%,72 of 117,1 of 2,50%,0,0,4:10,11 of 45,5 of 11,18 of 23,31 of 76,0 of 0,3 of 3
W,Mike Breeden,1,92 of 177,51%,94 of 181,0 of 1,0%,0,0,0:04,75 of 157,11 of 13,6 of 7,89 of 174,2 of 2,1 of 1
L,Anshul Jubli,0,103 of 194,53%,104 of 195,0 of 5,0%,0,0,0:05,63 of 145,27 of 36,13 of 13,97 of 181,6 of 13,0 of 0
L,Nathaniel Wood,0,50 of 72,69%,70 of 94,2 of 7,28%,0,0,2:44,37 of 57,6 of 7,7 of 8,36 of 56,5 of 6,9 of 10
W,Muhammad Naimov,0,48 of 81,59%,100 of 140,4 of 9,44%,0,1,6:42,31 of 60,10 of 13,7 of 8,24 of 48,11 of 14,13 of 19
W,Viktoriia Dudakova,1,74 of 146,50%,109 of 183,0 of 3,0%,0,0,0:18,47 of 115,26 of 30,1 of 1,60 of 131,14 of 15,0 of 0
L,Jinh Yu Frey,0,47 of 101,46%,65 of 121,1 of 3,33%,0,0,4:40,31 of 80,8 of 13,8 of 8,37 of 89,3 of 4,7 of 8
W,Shara Magomedov,0,113 of 154,73%,222 of 274,0 of 0,---,0,0,0:00,56 of 92,22 of 24,35 of 38,74 of 106,15 of 21,24 of 27
L,Bruno Silva,0,65 of 91,71%,107 of 138,3 of 7,42%,0,0,6:44,51 of 76,6 of 7,8 of 8,35 of 56,5 of 5,25 of 30
L,Sodiq Yusuff,1,178 of 351,50%,206 of 397,1 of 2,50%,0,0,3:56,126 of 284,14 of 20,38 of 47,148 of 311,15 of 18,15 of 22
W,Edson Barboza,1,164 of 324,50%,178 of 347,3 of 4,75%,0,0,3:04,71 of 204,89 of 112,4 of 8,134 of 290,25 of 27,5 of 7
L,Jennifer Maia,0,41 of 101,40%,60 of 126,2 of 4,50%,0,0,1:25,29 of 87,2 of 4,10 of 10,31 of 88,10 of 13,0 of 0
W,Viviane Araujo,0,24 of 46,52%,64 of 100,2 of 6,33%,1,0,7:03,15 of 36,4 of 5,5 of 5,22 of 43,1 of 2,1 of 1
W,Jonathan Martinez,2,36 of 58,62%,36 of 60,0 of 0,---,0,0,0:19,7 of 15,0 of 2,29 of 41,36 of 58,0 of 0,0 of 0
L,Adrian Yanez,0,20 of 72,27%,20 of 73,0 of 0,---,0,0,0:10,9 of 59,10 of 12,1 of 1,17 of 66,3 of 6,0 of 0
L,Andre Petroski,0,0 of 1,0%,0 of 1,0 of 0,---,0,0,0:00,0 of 1,0 of 0,0 of 0,0 of 1,0 of 0,0 of 0
W,Michel Pereira,1,6 of 18,33%,6 of 18,0 of 0,---,0,0,0:04,5 of 17,1 of 1,0 of 0,2 of 6,0 of 0,4 of 12
W,Christian Rodriguez,0,83 of 161,51%,92 of 173,3 of 6,50%,2,1,3:12,64 of 141,18 of 19,1 of 1,63 of 131,13 of 21,7 of 9
L,Cameron Saaiman,0,73 of 175,41%,87 of 192,0 of 5,0%,1,0,1:26,38 of 121,14 of 21,21 of 33,65 of 160,8 of 15,0 of 0
W,Darren Elkins,0,11 of 33,33%,95 of 146,5 of 8,62%,2,1,8:09,8 of 29,3 of 3,0 of 1,11 of 32,0 of 1,0 of 0
L,TJ Brown,0,15 of 50,30%,45 of 86,2 of 2,100%,0,1,1:29,11 of 45,1 of 2,3 of 3,15 of 49,0 of 0,0 of 1
W,Tainara Lisboa,0,18 of 35,51%,77 of 106,3 of 8,37%,0,0,6:55,9 of 24,8 of 9,1 of 2,7 of 20,11 of 12,0 of 3
L,Ravena Oliveira,0,15 of 31,48%,61 of 87,2 of 3,66%,0,0,5:22,10 of 23,3 of 6,2 of 2,13 of 28,2 of 3,0 of 0
W,Terrance McKinney,1,14 of 21,66%,14 of 21,0 of 0,---,0,0,0:15,14 of 21,0 of 0,0 of 0,0 of 1,1 of 1,13 of 19
L,Brendon Marotte,0,1 of 1,100%,1 of 1,0 of 0,---,0,0,0:00,0 of 0,0 of 0,1 of 1,1 of 1,0 of 0,0 of 0
L,Irina Alekseeva,1,48 of 108,44%,60 of 126,1 of 4,25%,0,0,0:50,23 of 72,2 of 7,23 of 29,44 of 99,2 of 4,2 of 5
W,Melissa Mullins,0,52 of 95,54%,87 of 148,0 of 1,0%,0,0,8:15,47 of 89,5 of 6,0 of 0,42 of 76,1 of 1,9 of 18
W,Chris Gutierrez,0,110 of 197,55%,115 of 203,0 of 0,---,0,0,0:08,44 of 96,10 of 20,56 of 81,110 of 195,0 of 2,0 of 0
L,Alatengheili,0,38 of 133,28%,39 of 134,2 of 4,50%,0,0,0:51,25 of 108,10 of 21,3 of 4,38 of 130,0 of 2,0 of 1
L,Ashley Yoder,0,102 of 269,37%,105 of 276,0 of 3,0%,0,0,0:09,59 of 216,32 of 40,11 of 13,93 of 259,9 of 10,0 of 0
W,Emily Ducote,0,117 of 210,55%,119 of 213,1 of 1,100%,0,0,0:03,69 of 145,29 of 40,19 of 25,117 of 209,0 of 1,0 of 0
L,Grant Dawson,0,0 of 6,0%,0 of 6,0 of 0,---,0,0,0:00,0 of 6,0 of 0,0 of 0,0 of 6,0 of 0,0 of 0
W,King Green,1,7 of 11,63%,7 of 11,0 of 0,---,0,0,0:05,7 of 10,0 of 0,0 of 1,1 of 4,0 of 0,6 of 7
W,Joe Pyfer,0,26 of 62,41%,26 of 63,3 of 4,75%,2,0,1:07,15 of 47,9 of 12,2 of 3,24 of 60,2 of 2,0 of 0
L,Abdul Razak Alhassan,0,11 of 28,39%,11 of 28,0 of 0,---,1,0,0:08,4 of 15,2 of 3,5 of 10,11 of 27,0 of 1,0 of 0
L,Alex Morono,0,40 of 141,28%,54 of 161,1 of 2,50%,0,0,0:13,29 of 122,10 of 17,1 of 2,37 of 133,3 of 8,0 of 0
W,Joaquin Buckley,0,68 of 176,38%,77 of 186,2 of 4,50%,0,0,2:21,41 of 134,24 of 36,3 of 6,55 of 141,2 of 9,11 of 26
W,Drew Dober,1,30 of 53,56%,30 of 53,0 of 0,---,0,0,0:31,19 of 40,7 of 9,4 of 4,20 of 38,2 of 3,8 of 12
L,Ricky Glenn,0,5 of 22,22%,5 of 22,0 of 1,0%,0,0,0:00,2 of 15,3 of 7,0 of 0,5 of 22,0 of 0,0 of 0
L,Alexander Hernandez,0,75 of 156,48%,76 of 157,0 of 1,0%,0,0,0:35,25 of 80,45 of 66,5 of 10,75 of 154,0 of 2,0 of 0
W,Bill Algeo,1,110 of 244,45%,119 of 257,1 of 1,100%,0,0,0:07,46 of 156,33 of 50,31 of 38,108 of 241,2 of 3,0 of 0
W,Karolina Kowalkiewicz,0,141 of 267,52%,155 of 283,1 of 6,16%,0,1,2:15,94 of 203,42 of 58,5 of 6,123 of 244,17 of 21,1 of 2
L,Diana Belbita,0,99 of 261,37%,108 of 270,2 of 2,100%,0,1,0:53,57 of 199,33 of 50,9 of 12,85 of 241,13 of 18,1 of 2
W,Nate Maness,0,29 of 35,82%,103 of 114,0 of 0,---,0,0,1:31,26 of 31,2 of 3,1 of 1,1 of 2,2 of 3,26 of 30
L,Mateus Mendonca,0,3 of 7,42%,9 of 16,0 of 3,0%,0,0,1:14,0 of 3,2 of 3,1 of 1,1 of 5,2 of 2,0 of 0
W,Vanessa Demopoulos,0,31 of 65,47%,86 of 144,0 of 1,0%,0,1,0:42,21 of 49,10 of 13,0 of 3,10 of 36,7 of 10,14 of 19
L,Kanako Murata,0,34 of 64,53%,70 of 116,5 of 6,83%,0,0,10:10,27 of 55,4 of 5,3 of 4,10 of 23,1 of 1,23 of 40
W,Aoriqileng,1,44 of 66,66%,120 of 159,2 of 4,50%,0,0,5:39,24 of 41,8 of 11,12 of 14,28 of 45,1 of 3,15 of 18
L,Johnny Munoz,0,7 of 36,19%,31 of 73,4 of 11,36%,3,0,4:30,5 of 30,2 of 3,0 of 3,7 of 33,0 of 3,0 of 0
L,Montana De La Rosa,0,67 of 204,32%,70 of 209,0 of 1,0%,0,0,0:00,41 of 172,13 of 16,13 of 16,59 of 184,8 of 20,0 of 0
W,JJ Aldrich,0,65 of 135,48%,66 of 136,0 of 0,---,0,0,0:22,55 of 122,9 of 11,1 of 2,58 of 124,7 of 11,0 of 0
L,Rafael Fiziev,0,18 of 32,56%,19 of 34,0 of 0,---,0,0,0:00,4 of 14,12 of 16,2 of 2,18 of 32,0 of 0,0 of 0
W,Mateusz Gamrot,0,16 of 40,40%,17 of 42,1 of 6,16%,0,0,1:28,11 of 31,2 of 5,3 of 4,13 of 35,1 of 1,2 of 4
W,Bryce Mitchell,0,23 of 40,57%,37 of 59,5 of 15,33%,1,0,7:33,13 of 22,7 of 14,3 of 4,17 of 29,1 of 3,5 of 8
L,Dan Ige,0,18 of 55,32%,32 of 72,0 of 0,---,0,1,2:11,13 of 47,3 of 6,2 of 2,16 of 51,2 of 3,0 of 1
W,Marina Rodriguez,0,70 of 102,68%,90 of 130,1 of 1,100%,0,0,2:03,47 of 70,22 of 30,1 of 2,12 of 23,53 of 73,5 of 6
L,Michelle Waterson-Gomez,0,13 of 32,40%,16 of 37,1 of 6,16%,0,0,2:49,7 of 23,5 of 7,1 of 2,4 of 17,7 of 9,2 of 6
W,Bryan Battle,0,45 of 80,56%,63 of 105,1 of 2,50%,1,0,3:30,9 of 25,34 of 52,2 of 3,29 of 61,16 of 19,0 of 0
L,AJ Fletcher,0,25 of 51,49%,29 of 57,0 of 2,0%,0,0,0:33,6 of 26,6 of 9,13 of 16,20 of 41,5 of 9,0 of 1
L,Ricardo Ramos,0,0 of 9,0%,0 of 10,2 of 3,66%,1,0,1:58,0 of 6,0 of 1,0 of 2,0 of 9,0 of 0,0 of 0
W,Charles Jourdain,0,8 of 9,88%,8 of 10,0 of 0,---,1,0,0:00,3 of 4,4 of 4,1 of 1,7 of 8,1 of 1,0 of 0
NC,Dan Argueta,0,33 of 85,38%,38 of 95,2 of 6,33%,2,0,3:55,20 of 67,8 of 12,5 of 6,22 of 70,5 of 8,6 of 7
NC,Miles Johns,0,43 of 92,46%,52 of 104,2 of 6,33%,0,0,4:39,32 of 77,5 of 9,6 of 6,40 of 84,2 of 3,1 of 5
W,Tim Means,2,104 of 143,72%,134 of 178,0 of 2,0%,0,1,2:51,66 of 103,33 of 35,5 of 5,56 of 87,30 of 35,18 of 21
L,Andre Fialho,0,51 of 103,49%,56 of 110,1 of 1,100%,0,0,0:48,32 of 75,15 of 23,4 of 5,35 of 86,16 of 17,0 of 0
L,Jacob Malkoun,0,28 of 39,71%,44 of 60,1 of 3,33%,0,0,3:39,28 of 39,0 of 0,0 of 0,0 of 0,0 of 0,28 of 39
W,Cody Brundage,0,2 of 4,50%,3 of 5,1 of 1,100%,0,0,0:26,1 of 3,0 of 0,1 of 1,1 of 3,0 of 0,1 of 1
W,Mohammed Usman,0,85 of 191,44%,118 of 234,1 of 3,33%,0,0,3:07,58 of 156,27 of 35,0 of 0,83 of 186,1 of 3,1 of 2
L,Jake Collier,0,87 of 183,47%,100 of 198,0 of 0,---,2,0,0:53,53 of 145,22 of 25,12 of 13,80 of 171,7 of 12,0 of 0
W,Mizuki,0,55 of 105,52%,83 of 140,1 of 2,50%,0,0,3:31,31 of 72,20 of 29,4 of 4,37 of 77,17 of 26,1 of 2
L,Hannah Goldy,0,47 of 95,49%,64 of 123,1 of 14,7%,0,0,2:51,10 of 43,26 of 39,11 of 13,20 of 55,27 of 40,0 of 0
L,Tamires Vidal,0,60 of 109,55%,78 of 131,0 of 3,0%,1,0,0:54,17 of 59,3 of 3,40 of 47,60 of 108,0 of 1,0 of 0
W,Montse Rendon,0,69 of 182,37%,112 of 240,3 of 5,60%,0,0,4:51,45 of 148,11 of 18,13 of 16,55 of 151,1 of 2,13 of 29
D,Alexa Grasso,1,84 of 203,41%,262 of 408,1 of 2,50%,1,1,2:39,54 of 151,12 of 22,18 of 30,51 of 160,31 of 35,2 of 8
D,Valentina Shevchenko,0,80 of 179,44%,199 of 301,4 of 7,57%,1,0,8:37,61 of 158,6 of 8,13 of 13,67 of 158,6 of 8,7 of 13
L,Kevin Holland,0,127 of 356,35%,127 of 356,0 of 2,0%,0,0,0:00,59 of 258,33 of 55,35 of 43,119 of 346,8 of 10,0 of 0
W,Jack Della Maddalena,0,105 of 190,55%,105 of 190,0 of 0,---,0,0,0:00,46 of 115,36 of 49,23 of 26,94 of 175,11 of 15,0 of 0
W,Raul Rosas Jr.,1,18 of 30,60%,19 of 31,0 of 0,---,0,0,0:17,17 of 29,1 of 1,0 of 0,6 of 11,1 of 2,11 of 17
L,Terrence Mitchell,0,6 of 19,31%,6 of 19,0 of 0,---,0,0,0:00,5 of 18,1 of 1,0 of 0,6 of 19,0 of 0,0 of 0
W,Daniel Zellhuber,0,36 of 101,35%,36 of 101,0 of 0,---,1,0,0:17,18 of 75,11 of 19,7 of 7,35 of 100,1 of 1,0 of 0
L,Christos Giagos,0,38 of 82,46%,38 of 82,0 of 6,0%,0,0,0:11,25 of 63,3 of 7,10 of 12,36 of 79,2 of 3,0 of 0
L,Fernando Padilla,0,72 of 208,34%,73 of 209,0 of 1,0%,0,0,0:07,42 of 168,17 of 22,13 of 18,65 of 198,7 of 10,0 of 0
W,Kyle Nelson,0,82 of 184,44%,83 of 185,0 of 3,0%,0,0,0:00,43 of 143,19 of 20,20 of 21,80 of 176,2 of 8,0 of 0
W,Loopy Godinez,1,21 of 31,67%,37 of 51,5 of 5,100%,6,0,6:29,15 of 25,4 of 4,2 of 2,15 of 24,3 of 3,3 of 4
L,Elise Reed,0,3 of 13,23%,34 of 48,0 of 1,0%,0,0,0:22,0 of 6,2 of 3,1 of 4,3 of 12,0 of 0,0 of 1
W,Roman Kopylov,1,49 of 84,58%,54 of 90,0 of 0,---,0,0,0:03,23 of 56,9 of 10,17 of 18,47 of 80,2 of 4,0 of 0
L,Josh Fremd,0,38 of 116,32%,38 of 116,0 of 5,0%,0,0,0:50,18 of 81,8 of 13,12 of 22,37 of 115,1 of 1,0 of 0
NC,Edgar Chairez,0,12 of 20,60%,12 of 20,0 of 0,---,1,0,0:14,0 of 6,2 of 3,10 of 11,12 of 20,0 of 0,0 of 0
NC,Daniel Lacerda,0,4 of 14,28%,8 of 18,1 of 2,50%,0,0,1:19,1 of 8,1 of 3,2 of 3,3 of 12,0 of 0,1 of 2
W,Tracy Cortez,0,103 of 212,48%,116 of 225,0 of 1,0%,0,0,0:26,63 of 164,16 of 23,24 of 25,91 of 198,12 of 14,0 of 0
L,Jasmine Jasudavicius,0,77 of 206,37%,95 of 225,2 of 10,20%,0,0,3:00,43 of 148,25 of 47,9 of 11,58 of 176,19 of 30,0 of 0
L,Alex Reyes,0,14 of 38,36%,15 of 39,0 of 2,0%,0,0,0:01,8 of 30,2 of 4,4 of 4,12 of 32,2 of 6,0 of 0
W,Charlie Campbell,1,43 of 72,59%,43 of 72,0 of 0,---,0,0,0:02,27 of 53,10 of 13,6 of 6,35 of 60,7 of 10,1 of 2
W,Josefine Knutsson,0,81 of 128,63%,147 of 206,3 of 4,75%,0,0,10:49,53 of 97,20 of 23,8 of 8,38 of 69,8 of 11,35 of 48
L,Marnic Mann,0,8 of 29,27%,39 of 64,0 of 2,0%,0,0,0:33,6 of 20,0 of 6,2 of 3,8 of 29,0 of 0,0 of 0
L,Israel Adesanya,0,94 of 271,34%,94 of 271,0 of 0,---,0,0,0:00,22 of 154,38 of 60,34 of 57,94 of 271,0 of 0,0 of 0
W,Sean Strickland,1,137 of 259,52%,137 of 259,0 of 0,---,0,0,0:14,85 of 186,45 of 62,7 of 11,121 of 235,11 of 14,5 of 10
L,Tai Tuivasa,0,28 of 67,41%,30 of 69,0 of 0,---,0,0,0:00,4 of 31,7 of 9,17 of 27,26 of 65,2 of 2,0 of 0
W,Alexander Volkov,1,93 of 143,65%,107 of 164,0 of 1,0%,1,0,2:35,65 of 110,18 of 21,10 of 12,72 of 115,3 of 3,18 of 25
W,Manel Kape,1,112 of 182,61%,116 of 186,1 of 1,100%,0,0,0:45,77 of 137,24 of 30,11 of 15,92 of 149,6 of 9,14 of 24
L,Felipe dos Santos,0,99 of 304,32%,101 of 310,0 of 5,0%,0,0,0:08,53 of 215,28 of 60,18 of 29,94 of 292,4 of 8,1 of 4
W,Justin Tafa,1,11 of 14,78%,11 of 14,0 of 0,---,0,0,0:05,9 of 11,0 of 0,2 of 3,6 of 9,0 of 0,5 of 5
L,Austen Lane,0,7 of 14,50%,7 of 15,0 of 0,---,0,0,0:00,3 of 9,1 of 2,3 of 3,7 of 14,0 of 0,0 of 0
W,Tyson Pedro,1,16 of 29,55%,16 of 29,0 of 0,---,0,0,0:03,12 of 24,1 of 2,3 of 3,15 of 28,0 of 0,1 of 1
L,Anton Turkalj,0,8 of 24,33%,9 of 25,0 of 0,---,0,0,0:00,3 of 13,1 of 1,4 of 10,6 of 21,2 of 3,0 of 0
W,Carlos Ulberg,1,81 of 154,52%,91 of 165,1 of 2,50%,1,0,1:41,50 of 119,20 of 23,11 of 12,59 of 126,8 of 9,14 of 19
L,Da Woon Jung,0,58 of 120,48%,60 of 123,1 of 2,50%,0,0,0:15,14 of 59,12 of 20,32 of 41,55 of 115,3 of 5,0 of 0
L,Jack Jenkins,0,41 of 68,60%,43 of 70,0 of 1,0%,0,0,0:07,16 of 36,13 of 18,12 of 14,35 of 60,6 of 8,0 of 0
W,Chepe Mariscal,0,38 of 87,43%,87 of 143,1 of 1,100%,0,0,2:46,14 of 53,11 of 16,13 of 18,23 of 65,14 of 21,1 of 1
W,Jamie Mullarkey,0,88 of 179,49%,88 of 179,0 of 2,0%,0,0,0:00,38 of 120,13 of 20,37 of 39,88 of 179,0 of 0,0 of 0
L,John Makdessi,0,83 of 188,44%,85 of 190,0 of 1,0%,0,0,0:00,37 of 119,22 of 45,24 of 24,83 of 188,0 of 0,0 of 0
W,Nasrat Haqparast,0,171 of 377,45%,172 of 378,0 of 5,0%,0,0,0:21,114 of 304,57 of 73,0 of 0,161 of 361,10 of 16,0 of 0
L,Landon Quinones,0,148 of 354,41%,152 of 359,0 of 0,---,0,0,0:41,79 of 273,37 of 46,32 of 35,137 of 340,11 of 14,0 of 0
L,Blood Diamond,0,44 of 94,46%,75 of 136,0 of 3,0%,0,0,0:21,19 of 58,19 of 28,6 of 8,19 of 58,25 of 36,0 of 0
W,Charles Radtke,0,35 of 76,46%,63 of 112,1 of 6,16%,0,0,9:41,31 of 72,4 of 4,0 of 0,27 of 59,8 of 17,0 of 0
L,Shane Young,0,1 of 4,25%,1 of 4,0 of 0,---,0,0,0:00,0 of 2,1 of 2,0 of 0,1 of 4,0 of 0,0 of 0
W,Gabriel Miranda,0,2 of 6,33%,2 of 6,1 of 2,50%,1,0,0:32,0 of 2,1 of 2,1 of 2,2 of 6,0 of 0,0 of 0
W,Kevin Jousset,0,29 of 58,50%,39 of 69,1 of 1,100%,1,0,0:45,18 of 44,4 of 5,7 of 9,25 of 54,4 of 4,0 of 0
L,Kiefer Crosbie,0,39 of 59,66%,45 of 66,0 of 0,---,0,0,0:00,20 of 37,9 of 12,10 of 10,36 of 52,3 of 7,0 of 0
W,Ciryl Gane,0,109 of 156,69%,110 of 157,0 of 0,---,0,0,0:09,48 of 85,39 of 49,22 of 22,105 of 152,4 of 4,0 of 0
L,Serghei Spivac,0,11 of 44,25%,11 of 44,0 of 1,0%,0,0,0:02,7 of 38,2 of 3,2 of 3,11 of 44,0 of 0,0 of 0
W,Manon Fiorot,0,58 of 225,25%,62 of 232,0 of 1,0%,0,0,0:24,39 of 197,15 of 22,4 of 6,53 of 214,4 of 10,1 of 1
L,Rose Namajunas,0,60 of 150,40%,60 of 152,0 of 6,0%,0,0,0:25,32 of 107,15 of 26,13 of 17,59 of 148,1 of 2,0 of 0
W,Benoit Saint Denis,0,101 of 182,55%,123 of 210,5 of 9,55%,0,0,5:20,49 of 123,28 of 34,24 of 25,42 of 71,10 of 14,49 of 97
L,Thiago Moises,0,24 of 62,38%,27 of 67,1 of 3,33%,1,0,0:14,12 of 46,10 of 14,2 of 2,23 of 59,1 of 3,0 of 0
W,Volkan Oezdemir,1,26 of 46,56%,36 of 64,1 of 1,100%,1,0,1:23,19 of 37,1 of 2,6 of 7,15 of 32,1 of 1,10 of 13
L,Bogdan Guskov,0,8 of 25,32%,10 of 27,0 of 0,---,0,0,0:00,7 of 23,1 of 1,0 of 1,8 of 24,0 of 1,0 of 0
W,William Gomis,0,52 of 88,59%,61 of 99,0 of 0,---,2,0,0:55,10 of 30,6 of 15,36 of 43,47 of 82,5 of 6,0 of 0
L,Yanis Ghemmouri,0,28 of 73,38%,40 of 88,0 of 4,0%,0,0,2:42,0 of 24,7 of 11,21 of 38,24 of 69,4 of 4,0 of 0
W,Morgan Charriere,1,26 of 49,53%,26 of 49,0 of 0,---,0,0,0:03,16 of 37,7 of 8,3 of 4,25 of 47,1 of 1,0 of 1
L,Manolo Zecchini,0,9 of 41,21%,9 of 41,0 of 0,---,0,0,0:00,5 of 30,1 of 4,3 of 7,9 of 41,0 of 0,0 of 0
W,Taylor Lapilus,0,84 of 163,51%,87 of 166,0 of 0,---,0,0,0:18,59 of 133,18 of 23,7 of 7,76 of 150,7 of 12,1 of 1
L,Caolan Loughran,0,48 of 132,36%,70 of 166,2 of 11,18%,0,0,6:26,28 of 100,13 of 23,7 of 9,44 of 125,3 of 6,1 of 1
W,Ange Loosa,0,98 of 182,53%,124 of 220,6 of 10,60%,0,0,6:07,71 of 144,19 of 29,8 of 9,45 of 103,32 of 51,21 of 28
L,Rhys McKee,0,77 of 183,42%,90 of 198,0 of 0,---,0,0,0:05,48 of 145,19 of 25,10 of 13,70 of 172,5 of 8,2 of 3
W,Nora Cornolle,0,40 of 77,51%,85 of 134,0 of 0,---,0,3,2:11,12 of 37,17 of 24,11 of 16,17 of 39,23 of 38,0 of 0
L,Joselyne Edwards,0,18 of 42,42%,75 of 120,5 of 8,62%,1,0,8:42,6 of 20,8 of 9,4 of 13,14 of 35,4 of 6,0 of 1
W,Farid Basharat,0,4 of 6,66%,25 of 36,2 of 5,40%,1,0,3:15,2 of 3,2 of 2,0 of 1,0 of 1,1 of 1,3 of 4
L,Kleydson Rodrigues,0,7 of 8,87%,25 of 26,0 of 0,---,0,0,0:30,3 of 4,2 of 2,2 of 2,4 of 5,1 of 1,2 of 2
L,Zarah Fairn,0,39 of 259,15%,39 of 259,0 of 2,0%,0,0,0:04,25 of 241,8 of 12,6 of 6,39 of 258,0 of 1,0 of 0
W,Jacqueline Cavalcanti,0,126 of 221,57%,127 of 222,0 of 1,0%,0,0,0:08,43 of 127,20 of 22,63 of 72,116 of 209,10 of 12,0 of 0
W,Max Holloway,2,75 of 128,58%,75 of 128,0 of 0,---,1,0,0:57,34 of 77,31 of 35,10 of 16,71 of 124,1 of 1,3 of 3
L,Chan Sung Jung,0,34 of 124,27%,35 of 126,0 of 1,0%,0,0,0:15,25 of 110,6 of 8,3 of 6,34 of 122,0 of 2,0 of 0
W,Anthony Smith,0,91 of 147,61%,91 of 147,1 of 3,33%,0,0,0:56,44 of 92,12 of 15,35 of 40,90 of 146,1 of 1,0 of 0
L,Ryan Spann,0,59 of 187,31%,62 of 191,0 of 1,0%,0,0,1:19,39 of 158,14 of 23,6 of 6,50 of 174,0 of 0,9 of 13
W,Giga Chikadze,0,65 of 141,46%,65 of 141,0 of 0,---,0,0,0:00,25 of 83,22 of 38,18 of 20,65 of 139,0 of 2,0 of 0
L,Alex Caceres,0,62 of 168,36%,62 of 168,0 of 0,---,0,0,0:00,25 of 110,25 of 44,12 of 14,62 of 168,0 of 0,0 of 0
W,Rinya Nakamura,0,36 of 57,63%,56 of 84,4 of 4,100%,3,0,9:26,16 of 31,10 of 13,10 of 13,25 of 44,0 of 0,11 of 13
L,Fernie Garcia,0,15 of 66,22%,50 of 106,0 of 0,---,1,0,0:00,9 of 53,4 of 7,2 of 6,13 of 63,0 of 1,2 of 2
W,Erin Blanchfield,0,61 of 128,47%,119 of 210,0 of 14,0%,0,0,8:08,37 of 99,18 of 23,6 of 6,43 of 102,17 of 24,1 of 2
L,Taila Santos,0,55 of 151,36%,96 of 202,0 of 3,0%,0,0,0:09,28 of 118,9 of 15,18 of 18,46 of 133,9 of 18,0 of 0
W,Junior Tafa,1,8 of 13,61%,11 of 16,0 of 0,---,0,0,0:04,7 of 12,1 of 1,0 of 0,4 of 7,4 of 6,0 of 0
L,Parker Porter,0,2 of 9,22%,3 of 10,0 of 1,0%,0,0,0:17,2 of 9,0 of 0,0 of 0,2 of 9,0 of 0,0 of 0
W,Waldo Cortes Acosta,1,15 of 45,33%,16 of 46,0 of 0,---,0,0,0:01,9 of 36,3 of 5,3 of 4,12 of 42,3 of 3,0 of 0
L,Lukasz Brzeski,0,14 of 22,63%,15 of 23,0 of 0,---,0,0,0:00,1 of 7,3 of 3,10 of 12,14 of 22,0 of 0,0 of 0
L,Toshiomi Kazama,0,15 of 31,48%,15 of 31,0 of 2,0%,0,0,0:00,8 of 24,3 of 3,4 of 4,15 of 30,0 of 1,0 of 0
W,Garrett Armfield,1,45 of 77,58%,45 of 77,0 of 0,---,0,0,0:26,36 of 67,9 of 10,0 of 0,40 of 68,0 of 0,5 of 9
L,Chidi Njokuani,0,29 of 57,50%,30 of 58,0 of 2,0%,0,0,0:09,7 of 21,18 of 32,4 of 4,19 of 37,10 of 20,0 of 0
W,Michal Oleksiejczuk,0,44 of 72,61%,54 of 85,1 of 1,100%,0,0,1:36,31 of 59,12 of 12,1 of 1,17 of 36,4 of 5,23 of 31
W,Song Kenan,1,75 of 149,50%,85 of 161,0 of 0,---,0,0,0:40,54 of 118,16 of 24,5 of 7,68 of 140,6 of 8,1 of 1
L,Rolando Bedoya,0,112 of 258,43%,112 of 260,0 of 4,0%,0,0,0:33,36 of 146,27 of 49,49 of 63,104 of 245,8 of 13,0 of 0
W,Billy Ray Goff,1,40 of 85,47%,43 of 89,0 of 1,0%,0,0,0:05,13 of 47,13 of 20,14 of 18,36 of 78,2 of 2,2 of 5
L,Yusaku Kinoshita,0,17 of 53,32%,17 of 53,0 of 0,---,0,0,0:00,15 of 48,2 of 5,0 of 0,17 of 52,0 of 1,0 of 0
L,Liang Na,0,11 of 41,26%,27 of 61,3 of 4,75%,0,0,1:38,7 of 30,3 of 8,1 of 3,9 of 36,2 of 5,0 of 0
W,JJ Aldrich,0,47 of 65,72%,68 of 89,0 of 0,---,0,1,5:11,46 of 63,1 of 2,0 of 0,9 of 18,1 of 2,37 of 45
W,SeungWoo Choi,1,56 of 115,48%,108 of 179,1 of 1,100%,0,0,5:21,22 of 69,8 of 15,26 of 31,51 of 107,2 of 3,3 of 5
L,Jarno Errens,1,30 of 76,39%,40 of 88,0 of 4,0%,0,0,1:34,13 of 47,6 of 14,11 of 15,30 of 73,0 of 2,0 of 1
L,Aljamain Sterling,0,17 of 35,48%,24 of 46,0 of 2,0%,0,0,0:34,3 of 12,3 of 10,11 of 13,16 of 33,1 of 2,0 of 0
W,Sean O'Malley,1,25 of 35,71%,26 of 36,0 of 0,---,0,0,0:18,18 of 25,6 of 9,1 of 1,10 of 16,1 of 1,14 of 18
W,Zhang Weili,1,163 of 217,75%,296 of 358,6 of 7,85%,0,0,16:07,106 of 150,37 of 42,20 of 25,50 of 77,17 of 18,96 of 122
L,Amanda Lemos,0,24 of 63,38%,29 of 68,0 of 0,---,2,0,0:34,19 of 57,3 of 4,2 of 2,23 of 61,1 of 2,0 of 0
L,Neil Magny,0,27 of 66,40%,51 of 93,0 of 2,0%,0,0,1:10,10 of 41,7 of 11,10 of 14,25 of 61,2 of 5,0 of 0
W,Ian Machado Garry,0,91 of 150,60%,111 of 171,2 of 2,100%,0,0,2:32,32 of 90,16 of 17,43 of 43,84 of 140,4 of 5,3 of 5
L,Da'Mon Blackshear,0,90 of 174,51%,108 of 192,4 of 7,57%,0,0,3:00,48 of 123,22 of 30,20 of 21,52 of 129,37 of 42,1 of 3
W,Mario Bautista,0,79 of 137,57%,102 of 161,2 of 10,20%,1,0,4:04,48 of 103,21 of 22,10 of 12,51 of 101,24 of 30,4 of 6
W,Marlon Vera,0,141 of 251,56%,141 of 251,0 of 1,0%,0,0,0:00,109 of 212,9 of 14,23 of 25,138 of 246,3 of 4,0 of 1
L,Pedro Munhoz,0,113 of 246,45%,113 of 246,0 of 1,0%,0,0,0:00,53 of 177,20 of 28,40 of 41,111 of 244,2 of 2,0 of 0
L,Chris Weidman,0,37 of 92,40%,39 of 94,0 of 8,0%,0,0,1:21,30 of 77,5 of 12,2 of 3,35 of 90,2 of 2,0 of 0
W,Brad Tavares,0,70 of 115,60%,71 of 116,0 of 0,---,0,0,0:00,21 of 61,8 of 9,41 of 45,68 of 113,2 of 2,0 of 0
W,Gregory Rodrigues,0,5 of 6,83%,6 of 8,1 of 2,50%,0,0,0:47,4 of 5,1 of 1,0 of 0,1 of 2,0 of 0,4 of 4
L,Denis Tiuliulin,0,2 of 7,28%,3 of 8,0 of 0,---,0,0,0:00,2 of 7,0 of 0,0 of 0,2 of 7,0 of 0,0 of 0
W,Kurt Holobaugh,0,61 of 119,51%,85 of 144,0 of 0,---,2,0,1:08,46 of 101,10 of 12,5 of 6,50 of 106,9 of 10,2 of 3
L,Austin Hubbard,0,44 of 107,41%,61 of 125,2 of 6,33%,0,0,2:23,25 of 86,17 of 19,2 of 2,31 of 87,9 of 12,4 of 8
W,Brad Katona,0,160 of 311,51%,173 of 327,0 of 2,0%,0,0,0:00,116 of 254,25 of 37,19 of 20,127 of 262,33 of 49,0 of 0
L,Cody Gibson,0,164 of 268,61%,169 of 273,0 of 1,0%,0,0,0:00,130 of 228,22 of 27,12 of 13,134 of 233,30 of 35,0 of 0
W,Andre Petroski,1,57 of 132,43%,67 of 143,2 of 5,40%,0,0,2:06,39 of 114,12 of 12,6 of 6,46 of 117,3 of 4,8 of 11
L,Gerald Meerschaert,0,76 of 149,51%,92 of 166,1 of 3,33%,0,0,1:54,65 of 135,6 of 9,5 of 5,60 of 131,10 of 10,6 of 8
L,Andrea Lee,0,43 of 125,34%,43 of 125,0 of 0,---,0,0,0:00,12 of 74,11 of 23,20 of 28,43 of 125,0 of 0,0 of 0
W,Natalia Silva,0,70 of 174,40%,70 of 174,0 of 0,---,0,0,0:00,34 of 111,17 of 43,19 of 20,70 of 174,0 of 0,0 of 0
W,Karine Silva,1,30 of 53,56%,52 of 76,1 of 1,100%,1,0,0:51,15 of 31,7 of 9,8 of 13,18 of 40,11 of 12,1 of 1
L,Maryna Moroz,0,16 of 55,29%,25 of 66,0 of 0,---,0,1,1:41,8 of 41,7 of 12,1 of 2,10 of 47,6 of 8,0 of 0
W,Vicente Luque,0,72 of 141,51%,138 of 221,8 of 11,72%,0,0,12:01,48 of 115,17 of 19,7 of 7,60 of 127,8 of 8,4 of 6
L,Rafael Dos Anjos,0,66 of 136,48%,94 of 170,2 of 7,28%,1,0,3:54,42 of 108,19 of 23,5 of 5,38 of 105,26 of 27,2 of 4
W,Cub Swanson,0,77 of 156,49%,107 of 195,1 of 2,50%,0,0,1:25,41 of 112,27 of 31,9 of 13,59 of 135,18 of 21,0 of 0
L,Hakeem Dawodu,0,95 of 176,53%,129 of 224,0 of 0,---,0,1,3:10,41 of 104,29 of 37,25 of 35,79 of 158,16 of 18,0 of 0
W,Khalil Rountree Jr.,1,16 of 24,66%,16 of 24,0 of 0,---,0,0,0:31,12 of 19,3 of 4,1 of 1,11 of 17,3 of 4,2 of 3
L,Chris Daukaus,0,8 of 21,38%,14 of 28,0 of 1,0%,0,0,0:04,6 of 19,2 of 2,0 of 0,7 of 19,1 of 2,0 of 0
L,Polyana Viana,0,10 of 25,40%,41 of 68,1 of 3,33%,0,0,1:58,2 of 15,4 of 6,4 of 4,10 of 25,0 of 0,0 of 0
W,Iasmin Lucindo,0,10 of 24,41%,31 of 48,2 of 2,100%,1,0,3:13,5 of 18,4 of 5,1 of 1,9 of 21,0 of 0,1 of 3
W,AJ Dobson,0,67 of 134,50%,98 of 176,2 of 3,66%,0,0,4:33,19 of 75,12 of 18,36 of 41,61 of 119,2 of 5,4 of 10
L,Tafon Nchukwi,0,53 of 99,53%,59 of 106,0 of 0,---,0,0,0:00,11 of 47,12 of 15,30 of 37,49 of 92,4 of 7,0 of 0
W,Josh Fremd,0,31 of 80,38%,59 of 109,0 of 3,0%,2,1,7:15,11 of 49,10 of 18,10 of 13,22 of 64,6 of 11,3 of 5
L,Jamie Pickett,0,14 of 52,26%,26 of 67,2 of 3,66%,0,0,3:01,4 of 31,6 of 16,4 of 5,11 of 45,3 of 7,0 of 0
L,JP Buys,0,4 of 30,13%,4 of 30,0 of 1,0%,0,0,0:00,2 of 22,1 of 3,1 of 5,4 of 29,0 of 1,0 of 0
W,Marcus McGhee,1,7 of 13,53%,7 of 13,0 of 0,---,0,0,0:05,6 of 11,0 of 0,1 of 2,7 of 13,0 of 0,0 of 0
W,Terrance McKinney,0,30 of 47,63%,30 of 47,0 of 2,0%,0,0,0:03,23 of 36,7 of 11,0 of 0,16 of 30,11 of 14,3 of 3
L,Mike Breeden,0,1 of 5,20%,1 of 5,0 of 1,0%,0,0,0:00,0 of 4,1 of 1,0 of 0,1 of 5,0 of 0,0 of 0
L,Francis Marshall,0,2 of 7,28%,11 of 16,0 of 0,---,0,0,0:00,0 of 5,0 of 0,2 of 2,2 of 7,0 of 0,0 of 0
W,Isaac Dulgarian,0,35 of 53,66%,61 of 83,1 of 1,100%,0,0,4:18,32 of 50,0 of 0,3 of 3,3 of 4,0 of 0,32 of 49
L,Josh Parisian,0,26 of 61,42%,27 of 63,0 of 0,---,0,0,0:13,15 of 49,6 of 7,5 of 5,20 of 47,6 of 14,0 of 0
W,Martin Buday,0,42 of 67,62%,62 of 91,1 of 1,100%,1,0,1:56,35 of 60,7 of 7,0 of 0,28 of 49,14 of 18,0 of 0
W,Jaqueline Amorim,0,86 of 136,63%,141 of 208,1 of 3,33%,4,2,8:05,76 of 120,9 of 14,1 of 2,6 of 15,0 of 0,80 of 121
L,Montserrat Conejo Ruiz,0,6 of 36,16%,20 of 57,1 of 1,100%,0,0,3:39,2 of 29,2 of 4,2 of 3,5 of 31,0 of 1,1 of 4
W,Da'Mon Blackshear,0,18 of 30,60%,30 of 46,2 of 4,50%,1,0,2:57,7 of 16,2 of 5,9 of 9,5 of 13,6 of 8,7 of 9
L,Jose Johnson,0,8 of 12,66%,16 of 21,0 of 0,---,0,0,0:00,4 of 7,2 of 3,2 of 2,7 of 9,0 of 2,1 of 1
L,Juliana Miller,0,24 of 75,32%,25 of 77,0 of 2,0%,0,0,0:29,15 of 61,9 of 13,0 of 1,18 of 64,6 of 11,0 of 0
W,Luana Santos,0,63 of 105,60%,64 of 106,0 of 0,---,0,0,0:26,44 of 82,16 of 20,3 of 3,53 of 88,10 of 17,0 of 0
W,Cory Sandhagen,0,34 of 84,40%,132 of 211,7 of 7,100%,1,0,19:38,30 of 79,2 of 3,2 of 2,10 of 47,0 of 1,24 of 36
L,Rob Font,0,9 of 49,18%,25 of 69,1 of 2,50%,0,0,1:08,5 of 43,2 of 3,2 of 3,8 of 44,0 of 3,1 of 2
L,Jessica Andrade,0,11 of 29,37%,13 of 31,0 of 0,---,0,0,0:17,2 of 14,5 of 8,4 of 7,8 of 23,3 of 6,0 of 0
W,Tatiana Suarez,0,23 of 49,46%,25 of 51,3 of 3,100%,1,0,2:22,3 of 20,17 of 26,3 of 3,13 of 36,10 of 13,0 of 0
W,Dustin Jacoby,1,10 of 33,30%,10 of 33,0 of 0,---,0,0,0:04,5 of 28,0 of 0,5 of 5,10 of 26,0 of 0,0 of 7
L,Kennedy Nzechukwu,0,4 of 18,22%,4 of 18,0 of 0,---,0,0,0:00,3 of 14,0 of 3,1 of 1,4 of 18,0 of 0,0 of 0
W,Diego Lopes,0,0 of 4,0%,0 of 4,0 of 0,---,3,0,0:00,0 of 3,0 of 0,0 of 1,0 of 4,0 of 0,0 of 0
L,Gavin Tucker,0,0 of 6,0%,0 of 6,1 of 1,100%,0,0,0:39,0 of 6,0 of 0,0 of 0,0 of 6,0 of 0,0 of 0
W,Tanner Boser,0,120 of 215,55%,145 of 253,0 of 0,---,0,0,5:27,78 of 163,24 of 32,18 of 20,87 of 174,33 of 41,0 of 0
L,Aleksa Camur,0,68 of 136,50%,105 of 175,0 of 1,0%,0,0,1:01,34 of 97,25 of 28,9 of 11,46 of 108,22 of 28,0 of 0
L,Ignacio Bahamondes,0,43 of 139,30%,62 of 166,0 of 1,0%,0,0,0:07,29 of 114,9 of 16,5 of 9,41 of 133,2 of 6,0 of 0
W,Ludovit Klein,0,56 of 108,51%,94 of 151,3 of 5,60%,0,0,6:05,36 of 82,11 of 16,9 of 10,43 of 88,1 of 1,12 of 19
W,Kyler Phillips,1,72 of 187,38%,80 of 196,1 of 4,25%,0,0,0:47,40 of 146,18 of 26,14 of 15,62 of 174,6 of 8,4 of 5
L,Raoni Barcelos,0,46 of 116,39%,52 of 124,3 of 11,27%,0,0,1:42,20 of 87,15 of 17,11 of 12,39 of 105,7 of 10,0 of 1
L,Jeremiah Wells,0,18 of 48,37%,41 of 78,3 of 5,60%,2,0,9:26,16 of 46,2 of 2,0 of 0,5 of 25,2 of 3,11 of 20
W,Carlston Harris,0,5 of 19,26%,19 of 36,0 of 1,0%,1,0,0:13,1 of 14,3 of 4,1 of 1,5 of 19,0 of 0,0 of 0
W,Billy Quarantillo,0,100 of 188,53%,169 of 270,0 of 0,---,1,0,1:51,45 of 124,49 of 57,6 of 7,58 of 140,42 of 48,0 of 0
L,Damon Jackson,0,67 of 173,38%,75 of 184,3 of 13,23%,0,0,6:10,45 of 139,19 of 31,3 of 3,53 of 148,10 of 15,4 of 10
W,Cody Durden,0,38 of 85,44%,63 of 122,4 of 6,66%,1,0,7:25,23 of 66,9 of 11,6 of 8,30 of 67,1 of 1,7 of 17
L,Jake Hadley,0,26 of 83,31%,45 of 106,0 of 3,0%,3,1,2:04,12 of 61,10 of 16,4 of 6,23 of 76,3 of 7,0 of 0
W,Sean Woodson,0,71 of 126,56%,163 of 229,4 of 5,80%,0,0,5:52,36 of 77,18 of 32,17 of 17,61 of 113,8 of 11,2 of 2
L,Dennis Buzukja,0,42 of 116,36%,46 of 121,0 of 1,0%,0,1,2:30,24 of 85,11 of 17,7 of 14,32 of 96,5 of 8,5 of 12
L,Ode Osbourne,0,4 of 18,22%,8 of 22,0 of 0,---,0,0,0:21,4 of 16,0 of 2,0 of 0,3 of 17,0 of 0,1 of 1
W,Asu Almabayev,0,26 of 40,65%,52 of 78,2 of 5,40%,2,0,5:24,17 of 31,5 of 5,4 of 4,9 of 14,0 of 0,17 of 26
L,Dustin Poirier,0,27 of 52,51%,27 of 52,0 of 0,---,0,0,0:00,21 of 46,4 of 4,2 of 2,25 of 49,2 of 3,0 of 0
W,Justin Gaethje,1,41 of 66,62%,41 of 66,0 of 0,---,0,0,0:01,23 of 48,7 of 7,11 of 11,38 of 63,2 of 2,1 of 1
L,Jan Blachowicz,0,52 of 81,64%,82 of 117,3 of 8,37%,2,0,7:32,41 of 66,4 of 8,7 of 7,41 of 67,3 of 5,8 of 9
W,Alex Pereira,0,70 of 92,76%,112 of 138,0 of 0,---,1,0,0:06,26 of 46,23 of 24,21 of 22,62 of 83,7 of 8,1 of 1
W,Derrick Lewis,1,17 of 33,51%,20 of 36,0 of 0,---,0,0,0:29,16 of 32,1 of 1,0 of 0,1 of 1,0 of 0,16 of 32
L,Marcos Rogerio de Lima,0,1 of 1,100%,2 of 2,0 of 0,---,0,0,0:00,1 of 1,0 of 0,0 of 0,0 of 0,0 of 0,1 of 1
L,Tony Ferguson,0,54 of 123,43%,62 of 138,0 of 3,0%,0,0,0:13,38 of 98,11 of 18,5 of 7,50 of 118,2 of 2,2 of 3
W,King Green,0,137 of 217,63%,145 of 227,0 of 0,---,1,0,3:25,95 of 166,24 of 31,18 of 20,115 of 183,1 of 1,21 of 33
L,Michael Chiesa,0,4 of 11,36%,6 of 13,0 of 5,0%,0,0,0:15,4 of 11,0 of 0,0 of 0,3 of 7,1 of 4,0 of 0
W,Kevin Holland,0,9 of 16,56%,12 of 19,0 of 0,---,1,0,0:40,7 of 14,2 of 2,0 of 0,4 of 9,4 of 5,1 of 2
W,Gabriel Bonfim,0,3 of 11,27%,3 of 11,1 of 1,100%,1,0,0:26,2 of 10,1 of 1,0 of 0,3 of 11,0 of 0,0 of 0
L,Trevin Giles,0,1 of 5,20%,1 of 5,0 of 0,---,0,0,0:14,1 of 5,0 of 0,0 of 0,1 of 5,0 of 0,0 of 0
W,CJ Vergara,0,109 of 181,60%,109 of 181,0 of 0,---,0,0,0:00,43 of 102,45 of 57,21 of 22,104 of 176,5 of 5,0 of 0
L,Vinicius Salvador,0,88 of 195,45%,89 of 196,0 of 2,0%,0,0,0:01,54 of 154,19 of 25,15 of 16,87 of 194,1 of 1,0 of 0
W,Roman Kopylov,1,32 of 42,76%,32 of 42,0 of 0,---,0,0,0:03,20 of 29,9 of 10,3 of 3,29 of 38,2 of 3,1 of 1
L,Claudio Ribeiro,0,32 of 59,54%,33 of 60,0 of 1,0%,0,0,0:16,18 of 45,7 of 7,7 of 7,29 of 56,3 of 3,0 of 0
W,Jake Matthews,0,60 of 101,59%,71 of 113,0 of 1,0%,1,0,1:15,40 of 78,14 of 17,6 of 6,47 of 84,2 of 5,11 of 12
L,Darrius Flowers,0,36 of 64,56%,41 of 69,1 of 3,33%,0,0,1:03,21 of 48,6 of 6,9 of 10,31 of 57,5 of 7,0 of 0
L,Matthew Semelsberger,1,52 of 120,43%,53 of 121,0 of 2,0%,0,0,1:13,31 of 91,8 of 14,13 of 15,42 of 106,3 of 5,7 of 9
W,Uros Medic,1,69 of 128,53%,76 of 135,1 of 1,100%,0,0,0:22,49 of 98,17 of 27,3 of 3,50 of 104,13 of 18,6 of 6
W,Miranda Maverick,0,36 of 51,70%,105 of 132,3 of 9,33%,1,0,8:54,23 of 37,8 of 8,5 of 6,16 of 29,2 of 2,18 of 20
L,Priscila Cachoeira,0,11 of 23,47%,13 of 26,0 of 0,---,0,0,0:00,7 of 18,2 of 3,2 of 2,10 of 22,0 of 0,1 of 1
W,Tom Aspinall,1,13 of 18,72%,13 of 18,0 of 0,---,0,0,0:05,12 of 17,1 of 1,0 of 0,7 of 10,0 of 0,6 of 8
L,Marcin Tybura,0,4 of 15,26%,4 of 15,0 of 0,---,0,0,0:00,2 of 13,2 of 2,0 of 0,4 of 15,0 of 0,0 of 0
L,Molly McCann,0,6 of 16,37%,6 of 16,0 of 0,---,0,0,0:07,1 of 11,4 of 4,1 of 1,6 of 16,0 of 0,0 of 0
W,Julija Stoliarenko,0,9 of 29,31%,9 of 29,1 of 1,100%,1,0,0:19,4 of 20,2 of 3,3 of 6,9 of 29,0 of 0,0 of 0
W,Nathaniel Wood,1,84 of 148,56%,108 of 174,1 of 2,50%,0,0,1:47,38 of 90,10 of 18,36 of 40,71 of 123,0 of 0,13 of 25
L,Andre Fili,1,58 of 151,38%,76 of 179,0 of 2,0%,0,1,2:55,45 of 134,7 of 10,6 of 7,53 of 144,3 of 5,2 of 2
W,Paul Craig,0,40 of 82,48%,54 of 101,2 of 2,100%,1,0,2:56,31 of 66,8 of 15,1 of 1,10 of 32,0 of 0,30 of 50
L,Andre Muniz,0,24 of 40,60%,31 of 47,2 of 2,100%,0,0,1:47,15 of 30,2 of 3,7 of 7,15 of 27,1 of 1,8 of 12
L,Jai Herbert,0,49 of 134,36%,58 of 150,0 of 6,0%,0,0,4:12,7 of 79,23 of 31,19 of 24,38 of 119,11 of 15,0 of 0
W,Fares Ziam,0,61 of 113,53%,96 of 153,1 of 5,20%,0,0,1:30,29 of 74,19 of 23,13 of 16,45 of 93,16 of 20,0 of 0
W,Lerone Murphy,1,59 of 109,54%,87 of 144,3 of 5,60%,2,0,7:38,37 of 81,15 of 18,7 of 10,24 of 61,12 of 14,23 of 34
L,Josh Culibao,0,23 of 59,38%,40 of 77,0 of 2,0%,0,0,1:30,16 of 48,5 of 6,2 of 5,19 of 53,4 of 6,0 of 0
L,Davey Grant,0,70 of 215,32%,70 of 215,0 of 1,0%,0,0,0:06,17 of 127,27 of 55,26 of 33,70 of 213,0 of 2,0 of 0
W,Daniel Marcos,0,48 of 140,34%,49 of 141,1 of 1,100%,0,0,0:13,21 of 90,6 of 24,21 of 26,47 of 139,1 of 1,0 of 0
L,Danny Roberts,0,44 of 133,33%,44 of 134,0 of 2,0%,0,0,0:05,27 of 111,14 of 19,3 of 3,44 of 132,0 of 1,0 of 0
W,Jonny Parsons,2,63 of 124,50%,69 of 133,0 of 0,---,0,0,1:26,42 of 95,12 of 19,9 of 10,51 of 101,7 of 15,5 of 8
L,Marc Diakiese,0,20 of 46,43%,29 of 60,2 of 3,66%,0,0,3:09,8 of 25,6 of 11,6 of 10,20 of 46,0 of 0,0 of 0
W,Joel Alvarez,0,42 of 75,56%,64 of 98,0 of 1,0%,1,0,1:26,20 of 49,12 of 16,10 of 10,37 of 70,2 of 2,3 of 3
W,Mick Parkin,0,95 of 156,60%,98 of 159,0 of 0,---,0,0,0:00,37 of 94,16 of 20,42 of 42,92 of 151,3 of 5,0 of 0
L,Jamal Pogues,0,36 of 135,26%,37 of 136,0 of 1,0%,0,0,1:17,22 of 119,4 of 6,10 of 10,34 of 132,2 of 3,0 of 0
W,Makhmud Muradov,2,54 of 97,55%,68 of 114,13 of 16,81%,0,0,5:10,39 of 77,15 of 20,0 of 0,46 of 79,5 of 11,3 of 7
L,Bryan Barberena,0,28 of 81,34%,81 of 138,0 of 1,0%,0,0,0:02,13 of 56,2 of 4,13 of 21,27 of 79,1 of 2,0 of 0
W,Ketlen Vieira,0,15 of 33,45%,65 of 103,3 of 3,100%,3,0,10:49,13 of 31,1 of 1,1 of 1,8 of 25,1 of 2,6 of 6
L,Pannie Kianzad,0,22 of 51,43%,92 of 144,0 of 0,---,0,1,2:11,17 of 45,3 of 4,2 of 2,10 of 30,0 of 0,12 of 21
W,Chris Duncan,0,85 of 206,41%,87 of 209,2 of 4,50%,0,0,0:48,54 of 161,23 of 30,8 of 15,82 of 200,3 of 6,0 of 0
L,Yanal Ashmouz,0,35 of 98,35%,36 of 100,0 of 1,0%,0,0,0:00,15 of 68,8 of 14,12 of 16,34 of 96,1 of 2,0 of 0
L,Shauna Bannon,0,54 of 144,37%,124 of 223,0 of 2,0%,0,0,1:05,22 of 84,19 of 38,13 of 22,51 of 139,3 of 5,0 of 0
W,Bruna Brasil,0,56 of 90,62%,73 of 111,2 of 3,66%,0,0,3:21,30 of 58,14 of 19,12 of 13,39 of 72,12 of 13,5 of 5
W,Jafel Filho,0,21 of 54,38%,23 of 62,1 of 4,25%,1,0,0:55,11 of 40,8 of 9,2 of 5,21 of 54,0 of 0,0 of 0
L,Daniel Barez,1,18 of 30,60%,18 of 30,0 of 0,---,0,0,0:12,8 of 17,7 of 9,3 of 4,18 of 27,0 of 1,0 of 2
NC,Holly Holm,0,27 of 39,69%,50 of 70,0 of 1,0%,0,0,3:05,15 of 24,10 of 12,2 of 3,21 of 31,6 of 8,0 of 0
NC,Mayra Bueno Silva,0,20 of 37,54%,31 of 50,0 of 0,---,1,0,0:00,9 of 21,7 of 10,4 of 6,13 of 28,7 of 9,0 of 0
W,Jack Della Maddalena,0,83 of 137,60%,149 of 212,1 of 2,50%,0,0,1:19,55 of 104,27 of 32,1 of 1,68 of 119,14 of 17,1 of 1
L,Bassil Hafez,0,32 of 124,25%,48 of 141,3 of 20,15%,0,1,6:48,29 of 117,2 of 6,1 of 1,28 of 118,4 of 6,0 of 0
L,Ottman Azaitar,0,14 of 33,42%,16 of 36,0 of 0,---,0,0,0:00,6 of 20,7 of 11,1 of 2,12 of 28,2 of 5,0 of 0
W,Francisco Prado,1,38 of 57,66%,42 of 61,0 of 3,0%,0,0,0:49,31 of 46,2 of 6,5 of 5,17 of 30,1 of 1,20 of 26
L,Albert Duraev,0,31 of 77,40%,35 of 83,1 of 2,50%,0,0,1:14,18 of 57,7 of 8,6 of 12,31 of 76,0 of 1,0 of 0
W,JunYong Park,1,50 of 96,52%,77 of 138,0 of 1,0%,3,0,1:59,41 of 85,4 of 5,5 of 6,47 of 93,2 of 2,1 of 1
W,Norma Dumont,0,47 of 76,61%,98 of 141,3 of 3,100%,0,0,8:58,30 of 59,12 of 12,5 of 5,28 of 49,10 of 12,9 of 15
L,Chelsea Chandler,0,22 of 61,36%,72 of 124,1 of 3,33%,0,0,2:30,14 of 51,6 of 7,2 of 3,13 of 44,9 of 17,0 of 0
W,Nazim Sadykhov,0,8 of 15,53%,20 of 27,0 of 0,---,1,1,0:55,6 of 11,0 of 1,2 of 3,6 of 13,0 of 0,2 of 2
L,Terrance McKinney,0,6 of 14,42%,21 of 34,2 of 5,40%,0,0,4:16,3 of 10,3 of 3,0 of 1,4 of 12,2 of 2,0 of 0
L,Tucker Lutz,0,36 of 109,33%,41 of 115,3 of 9,33%,0,0,6:19,14 of 71,16 of 28,6 of 10,34 of 105,2 of 4,0 of 0
W,Melsik Baghdasaryan,0,64 of 108,59%,74 of 122,0 of 0,---,0,0,0:42,32 of 66,30 of 40,2 of 2,50 of 88,11 of 16,3 of 4
W,Viktoriia Dudakova,0,3 of 11,27%,3 of 11,1 of 1,100%,0,0,0:06,1 of 7,2 of 4,0 of 0,2 of 10,0 of 0,1 of 1
L,Istela Nunes,0,2 of 6,33%,2 of 6,0 of 0,---,0,0,0:00,1 of 4,1 of 2,0 of 0,2 of 6,0 of 0,0 of 0
L,Austin Lingo,0,39 of 139,28%,39 of 140,0 of 0,---,0,0,0:00,24 of 114,11 of 17,4 of 8,39 of 139,0 of 0,0 of 0
W,Melquizael Costa,0,100 of 220,45%,108 of 236,3 of 8,37%,1,0,2:44,39 of 133,48 of 73,13 of 14,93 of 209,6 of 9,1 of 2
W,Evan Elder,1,96 of 195,49%,96 of 195,1 of 1,100%,1,0,0:06,61 of 155,15 of 19,20 of 21,96 of 193,0 of 1,0 of 1
L,Genaro Valdez,1,64 of 236,27%,65 of 237,0 of 0,---,0,0,0:02,51 of 210,4 of 6,9 of 20,62 of 231,2 of 5,0 of 0
L,Tyson Nam,0,81 of 213,38%,98 of 242,0 of 0,---,0,0,0:30,27 of 149,19 of 28,35 of 36,79 of 209,2 of 4,0 of 0
W,Azat Maksum,0,46 of 189,24%,46 of 190,2 of 11,18%,0,0,0:22,33 of 167,12 of 21,1 of 1,46 of 183,0 of 6,0 of 0
W,Alexander Munoz,1,44 of 111,39%,53 of 120,3 of 7,42%,0,0,3:54,37 of 99,6 of 11,1 of 1,27 of 87,2 of 3,15 of 21
L,Carl Deaton,0,37 of 108,34%,39 of 112,0 of 2,0%,0,0,0:00,29 of 97,8 of 11,0 of 0,36 of 106,1 of 2,0 of 0
L,Ashlee Evans-Smith,0,12 of 47,25%,13 of 49,0 of 1,0%,0,0,0:08,6 of 40,2 of 3,4 of 4,7 of 40,5 of 7,0 of 0
W,Ailin Perez,0,60 of 104,57%,127 of 190,10 of 15,66%,0,0,11:36,50 of 87,7 of 11,3 of 6,12 of 32,14 of 23,34 of 49
W,Alexander Volkanovski,0,66 of 97,68%,149 of 198,7 of 12,58%,0,0,7:13,48 of 69,4 of 5,14 of 23,25 of 45,4 of 6,37 of 46
L,Yair Rodriguez,0,40 of 80,50%,57 of 103,0 of 0,---,0,0,0:00,13 of 49,11 of 14,16 of 17,38 of 77,0 of 0,2 of 3
L,Brandon Moreno,0,147 of 245,60%,167 of 265,2 of 4,50%,0,3,4:01,133 of 231,13 of 13,1 of 1,128 of 220,12 of 14,7 of 11
W,Alexandre Pantoja,1,129 of 274,47%,161 of 323,6 of 11,54%,0,0,8:26,106 of 247,20 of 22,3 of 5,104 of 239,13 of 21,12 of 14
L,Robert Whittaker,0,31 of 70,44%,32 of 71,1 of 1,100%,0,0,0:23,23 of 59,2 of 4,6 of 7,29 of 68,2 of 2,0 of 0
W,Dricus Du Plessis,1,62 of 104,59%,74 of 118,1 of 1,100%,0,0,0:57,38 of 77,11 of 13,13 of 14,41 of 77,8 of 10,13 of 17
L,Jalin Turner,0,100 of 177,56%,113 of 191,1 of 3,33%,0,0,0:18,63 of 128,30 of 37,7 of 12,78 of 152,18 of 21,4 of 4
W,Dan Hooker,1,125 of 197,63%,172 of 247,0 of 2,0%,1,0,3:09,77 of 139,25 of 32,23 of 26,100 of 157,19 of 31,6 of 9
W,Bo Nickal,1,7 of 10,70%,7 of 10,0 of 1,0%,0,0,0:02,7 of 10,0 of 0,0 of 0,6 of 9,0 of 0,1 of 1
L,Val Woodburn,0,2 of 9,22%,2 of 9,0 of 0,---,0,0,0:00,2 of 9,0 of 0,0 of 0,2 of 9,0 of 0,0 of 0
W,Robbie Lawler,1,8 of 10,80%,8 of 10,0 of 0,---,0,0,0:00,8 of 10,0 of 0,0 of 0,4 of 6,4 of 4,0 of 0
L,Niko Price,0,2 of 7,28%,2 of 7,0 of 0,---,0,0,0:00,0 of 3,1 of 2,1 of 2,1 of 6,1 of 1,0 of 0
W,Tatsuro Taira,0,61 of 78,78%,121 of 148,2 of 3,66%,1,1,9:53,40 of 54,2 of 4,19 of 20,26 of 36,0 of 0,35 of 42
L,Edgar Chairez,1,25 of 38,65%,26 of 39,0 of 0,---,2,1,0:25,15 of 23,5 of 6,5 of 9,25 of 38,0 of 0,0 of 0
L,Yazmin Jauregui,0,0 of 1,0%,0 of 1,0 of 0,---,0,0,0:00,0 of 1,0 of 0,0 of 0,0 of 1,0 of 0,0 of 0
W,Denise Gomes,1,17 of 20,85%,21 of 24,0 of 0,---,0,0,0:10,17 of 20,0 of 0,0 of 0,4 of 6,0 of 0,13 of 14
L,Jimmy Crute,0,26 of 53,49%,32 of 59,1 of 5,20%,0,0,1:12,5 of 30,19 of 20,2 of 3,6 of 31,20 of 22,0 of 0
W,Alonzo Menifield,0,21 of 36,58%,25 of 40,0 of 0,---,1,0,1:45,18 of 33,2 of 2,1 of 1,17 of 32,4 of 4,0 of 0
W,Vitor Petrino,0,44 of 81,54%,72 of 111,4 of 6,66%,2,0,8:39,32 of 68,9 of 10,3 of 3,24 of 58,1 of 1,19 of 22
L,Marcin Prachnio,0,55 of 88,62%,147 of 185,0 of 1,0%,0,0,0:18,25 of 54,21 of 25,9 of 9,41 of 73,14 of 15,0 of 0
W,Cameron Saaiman,0,18 of 32,56%,23 of 38,2 of 2,100%,1,1,1:37,15 of 29,3 of 3,0 of 0,0 of 2,4 of 6,14 of 24
L,Terrence Mitchell,0,3 of 7,42%,6 of 11,1 of 2,50%,0,0,1:06,3 of 7,0 of 0,0 of 0,0 of 3,2 of 3,1 of 1
L,Shannon Ross,0,2 of 3,66%,2 of 3,0 of 0,---,0,0,0:00,1 of 2,1 of 1,0 of 0,2 of 3,0 of 0,0 of 0
W,Jesus Aguilar,1,2 of 3,66%,2 of 3,0 of 0,---,0,0,0:01,1 of 1,0 of 0,1 of 2,2 of 3,0 of 0,0 of 0
L,Kamuela Kirk,0,56 of 107,52%,86 of 147,3 of 14,21%,1,0,6:20,36 of 84,12 of 15,8 of 8,51 of 101,5 of 6,0 of 0
W,Esteban Ribovics,0,115 of 202,56%,135 of 224,2 of 2,100%,0,0,1:15,94 of 177,17 of 20,4 of 5,92 of 172,10 of 13,13 of 17
W,Sean Strickland,1,81 of 188,43%,81 of 188,0 of 0,---,0,0,0:10,80 of 186,1 of 2,0 of 0,67 of 168,0 of 0,14 of 20
L,Abus Magomedov,0,47 of 101,46%,47 of 101,1 of 2,50%,0,0,0:23,21 of 68,16 of 23,10 of 10,47 of 101,0 of 0,0 of 0
L,Damir Ismagulov,0,13 of 28,46%,35 of 54,0 of 0,---,0,1,0:08,6 of 19,6 of 8,1 of 1,13 of 28,0 of 0,0 of 0
W,Grant Dawson,0,30 of 57,52%,84 of 128,3 of 5,60%,1,0,12:24,28 of 48,1 of 8,1 of 1,9 of 35,1 of 1,20 of 21
L,Max Griffin,0,36 of 102,35%,39 of 105,0 of 8,0%,0,0,2:10,28 of 93,4 of 4,4 of 5,35 of 99,1 of 3,0 of 0
W,Michael Morales,0,72 of 164,43%,73 of 165,1 of 1,100%,0,0,0:27,59 of 145,5 of 8,8 of 11,68 of 159,4 of 5,0 of 0
W,Ariane da Silva,0,66 of 149,44%,81 of 166,1 of 1,100%,0,0,0:47,28 of 101,27 of 36,11 of 12,53 of 131,12 of 15,1 of 3
L,Melissa Gatto,0,85 of 186,45%,100 of 201,0 of 7,0%,0,0,2:57,39 of 117,34 of 50,12 of 19,70 of 165,15 of 21,0 of 0
L,Ismael Bonfim,0,14 of 24,58%,15 of 26,0 of 0,---,0,0,0:10,9 of 19,2 of 2,3 of 3,8 of 18,5 of 5,1 of 1
W,Benoit Saint Denis,0,13 of 33,39%,35 of 58,2 of 7,28%,2,0,2:57,3 of 18,10 of 15,0 of 0,11 of 29,2 of 4,0 of 0
L,Brunno Ferreira,0,3 of 5,60%,3 of 5,0 of 0,---,0,0,0:00,0 of 0,0 of 1,3 of 4,3 of 5,0 of 0,0 of 0
W,Nursulton Ruziboev,0,6 of 9,66%,6 of 9,1 of 1,100%,0,0,0:01,5 of 8,0 of 0,1 of 1,3 of 5,0 of 0,3 of 4
L,Kevin Lee,0,3 of 8,37%,3 of 8,0 of 0,---,0,0,0:00,3 of 8,0 of 0,0 of 0,3 of 8,0 of 0,0 of 0
W,Rinat Fakhretdinov,1,11 of 17,64%,11 of 17,0 of 0,---,1,0,0:20,6 of 12,2 of 2,3 of 3,11 of 17,0 of 0,0 of 0
W,Joanderson Brito,0,22 of 30,73%,24 of 32,1 of 1,100%,0,0,2:08,21 of 28,1 of 1,0 of 1,5 of 10,3 of 3,14 of 17
L,Westin Wilson,0,4 of 8,50%,14 of 18,0 of 0,---,2,0,0:00,0 of 3,3 of 4,1 of 1,3 of 7,1 of 1,0 of 0
L,Yana Santos,0,95 of 156,60%,151 of 213,0 of 0,---,0,0,3:53,20 of 69,42 of 47,33 of 40,63 of 113,32 of 43,0 of 0
W,Karol Rosa,0,66 of 130,50%,117 of 181,1 of 1,100%,0,0,0:41,38 of 95,18 of 21,10 of 14,48 of 106,12 of 14,6 of 10
L,Guram Kutateladze,0,85 of 163,52%,99 of 177,1 of 3,33%,0,0,2:23,49 of 114,28 of 40,8 of 9,54 of 122,25 of 30,6 of 11
W,Elves Brener,1,65 of 132,49%,93 of 165,2 of 7,28%,0,0,2:48,42 of 101,15 of 18,8 of 13,53 of 112,6 of 8,6 of 12
L,Ivana Petrovic,0,22 of 62,35%,77 of 122,2 of 6,33%,2,1,4:11,15 of 51,5 of 8,2 of 3,16 of 50,4 of 10,2 of 2
W,Luana Carolina,0,41 of 87,47%,112 of 167,1 of 3,33%,0,0,5:45,18 of 60,11 of 15,12 of 12,27 of 66,7 of 8,7 of 13
W,Alexandr Romanov,0,85 of 154,55%,104 of 180,2 of 3,66%,0,0,2:53,52 of 121,11 of 11,22 of 22,74 of 137,4 of 4,7 of 13
L,Blagoy Ivanov,0,44 of 108,40%,44 of 108,0 of 0,---,0,0,0:00,38 of 102,5 of 5,1 of 1,44 of 108,0 of 0,0 of 0
L,Josh Emmett,0,87 of 305,28%,89 of 309,0 of 0,---,0,0,0:00,43 of 232,26 of 53,18 of 20,87 of 305,0 of 0,0 of 0
W,Ilia Topuria,1,152 of 344,44%,171 of 365,3 of 3,100%,0,0,3:35,124 of 302,9 of 16,19 of 26,114 of 289,2 of 2,36 of 53
L,Amanda Ribas,0,35 of 74,47%,43 of 85,2 of 3,66%,0,0,2:25,21 of 52,7 of 14,7 of 8,30 of 68,5 of 6,0 of 0
W,Maycee Barber,0,81 of 124,65%,93 of 139,0 of 1,0%,0,0,1:22,70 of 108,5 of 10,6 of 6,32 of 60,6 of 9,43 of 55
NC,Austen Lane,0,3 of 5,60%,3 of 5,0 of 0,---,0,0,0:00,1 of 3,2 of 2,0 of 0,3 of 5,0 of 0,0 of 0
NC,Justin Tafa,0,0 of 3,0%,0 of 3,0 of 0,---,0,0,0:00,0 of 3,0 of 0,0 of 0,0 of 3,0 of 0,0 of 0
W,David Onama,1,53 of 104,50%,59 of 118,0 of 1,0%,0,1,2:53,47 of 95,3 of 6,3 of 3,42 of 86,3 of 5,8 of 13
L,Gabriel Santos,0,39 of 73,53%,56 of 90,2 of 4,50%,2,0,1:31,22 of 46,9 of 14,8 of 13,36 of 70,1 of 1,2 of 2
W,Brendan Allen,1,30 of 56,53%,40 of 69,0 of 2,0%,1,0,2:29,24 of 49,5 of 6,1 of 1,15 of 32,5 of 5,10 of 19
L,Bruno Silva,0,20 of 38,52%,24 of 42,0 of 0,---,0,0,0:02,17 of 33,3 of 5,0 of 0,16 of 33,4 of 5,0 of 0
W,Neil Magny,0,29 of 65,44%,109 of 159,0 of 3,0%,0,0,4:31,23 of 57,5 of 7,1 of 1,17 of 46,12 of 19,0 of 0
L,Phil Rowe,0,34 of 64,53%,51 of 86,1 of 2,50%,0,0,4:38,17 of 43,3 of 6,14 of 15,32 of 58,2 of 6,0 of 0
W,Randy Brown,0,64 of 134,47%,78 of 156,2 of 2,100%,0,0,2:47,21 of 85,17 of 23,26 of 26,53 of 121,11 of 13,0 of 0
L,Wellington Turman,0,55 of 105,52%,96 of 153,0 of 5,0%,0,0,3:05,19 of 60,10 of 14,26 of 31,43 of 90,12 of 15,0 of 0
W,Mateusz Rebecki,2,54 of 95,56%,64 of 110,1 of 1,100%,1,0,1:57,24 of 58,12 of 17,18 of 20,54 of 95,0 of 0,0 of 0
L,Loik Radzhabov,0,19 of 54,35%,19 of 54,0 of 0,---,0,0,0:03,16 of 50,3 of 4,0 of 0,19 of 54,0 of 0,0 of 0
W,Tabatha Ricci,0,100 of 315,31%,101 of 318,3 of 8,37%,0,0,0:38,59 of 257,17 of 25,24 of 33,95 of 306,3 of 7,2 of 2
L,Gillian Robertson,0,76 of 219,34%,78 of 225,1 of 4,25%,0,0,0:26,31 of 150,24 of 40,21 of 29,74 of 212,2 of 7,0 of 0
L,Zhalgas Zhumagulov,0,103 of 287,35%,104 of 291,1 of 5,20%,0,0,1:10,45 of 201,28 of 48,30 of 38,101 of 281,2 of 6,0 of 0
W,Joshua Van,0,120 of 234,51%,131 of 245,0 of 2,0%,0,0,0:01,78 of 179,29 of 41,13 of 14,106 of 217,14 of 17,0 of 0
L,Trevor Peek,0,51 of 125,40%,65 of 140,0 of 0,---,0,1,1:23,25 of 91,23 of 31,3 of 3,39 of 105,12 of 20,0 of 0
W,Chepe Mariscal,0,71 of 117,60%,145 of 203,4 of 12,33%,1,1,5:29,51 of 94,11 of 14,9 of 9,41 of 78,20 of 23,10 of 16
L,Jamall Emmers,0,57 of 155,36%,76 of 185,1 of 6,16%,0,2,4:17,26 of 98,18 of 38,13 of 19,51 of 146,1 of 3,5 of 6
W,Jack Jenkins,0,59 of 119,49%,85 of 154,1 of 1,100%,0,0,0:15,26 of 67,14 of 21,19 of 31,53 of 110,1 of 2,5 of 7
L,Cody Brundage,0,3 of 10,30%,31 of 43,2 of 4,50%,1,1,1:53,2 of 6,0 of 1,1 of 3,3 of 10,0 of 0,0 of 0
W,Sedriques Dumas,0,17 of 22,77%,77 of 96,0 of 0,---,0,2,11:08,13 of 17,2 of 3,2 of 2,3 of 6,1 of 1,13 of 15
L,Marvin Vettori,0,153 of 301,50%,154 of 302,1 of 1,100%,0,0,0:28,117 of 257,15 of 21,21 of 23,148 of 293,5 of 8,0 of 0
W,Jared Cannonier,0,241 of 411,58%,257 of 428,4 of 6,66%,0,0,3:07,173 of 339,39 of 43,29 of 29,195 of 354,26 of 31,20 of 26
W,Arman Tsarukyan,0,80 of 115,69%,134 of 175,4 of 5,80%,0,0,9:01,64 of 95,13 of 17,3 of 3,32 of 64,7 of 8,41 of 43
L,Joaquim Silva,0,23 of 41,56%,77 of 96,0 of 0,---,0,0,0:00,11 of 27,9 of 11,3 of 3,11 of 25,10 of 13,2 of 3
W,Armen Petrosyan,0,89 of 156,57%,111 of 179,1 of 2,50%,0,0,3:21,37 of 90,15 of 22,37 of 44,77 of 139,10 of 14,2 of 3
L,Christian Leroy Duncan,0,59 of 122,48%,73 of 136,0 of 3,0%,0,0,1:09,23 of 72,8 of 16,28 of 34,58 of 121,0 of 0,1 of 1
W,Pat Sabatini,0,27 of 35,77%,88 of 97,2 of 3,66%,1,0,6:27,25 of 32,1 of 2,1 of 1,1 of 2,2 of 2,24 of 31
L,Lucas Almeida,0,2 of 4,50%,3 of 5,0 of 0,---,0,0,0:00,0 of 2,1 of 1,1 of 1,1 of 3,1 of 1,0 of 0
W,Manuel Torres,1,13 of 17,76%,13 of 17,0 of 0,---,0,0,0:01,3 of 7,6 of 6,4 of 4,12 of 16,0 of 0,1 of 1
L,Nikolas Motta,0,7 of 14,50%,7 of 14,0 of 0,---,0,0,0:00,3 of 10,1 of 1,3 of 3,7 of 14,0 of 0,0 of 0
W,Nicolas Dalby,0,86 of 140,61%,104 of 158,2 of 5,40%,0,0,6:36,41 of 84,36 of 43,9 of 13,43 of 91,36 of 41,7 of 8
L,Muslim Salikhov,0,57 of 88,64%,70 of 101,2 of 2,100%,0,0,0:55,34 of 58,21 of 28,2 of 2,47 of 78,10 of 10,0 of 0
L,Jimmy Flick,0,14 of 37,37%,14 of 37,0 of 4,0%,0,0,0:14,6 of 27,5 of 7,3 of 3,14 of 37,0 of 0,0 of 0
W,Alessandro Costa,1,65 of 91,71%,65 of 92,0 of 0,---,0,0,0:50,37 of 58,12 of 15,16 of 18,54 of 76,0 of 0,11 of 15
W,Kyung Ho Kang,1,22 of 37,59%,31 of 46,1 of 1,100%,1,0,0:40,14 of 28,3 of 4,5 of 5,17 of 31,0 of 0,5 of 6
L,Cristian Quinonez,0,13 of 29,44%,13 of 29,0 of 0,---,0,0,0:00,11 of 27,0 of 0,2 of 2,13 of 29,0 of 0,0 of 0
W,Carlos Hernandez,0,102 of 233,43%,108 of 239,2 of 7,28%,0,0,0:40,87 of 213,12 of 17,3 of 3,78 of 209,17 of 17,7 of 7
L,Denys Bondar,0,76 of 170,44%,82 of 176,2 of 5,40%,0,0,0:29,37 of 121,29 of 38,10 of 11,68 of 157,7 of 12,1 of 1
W,Tereza Bleda,0,57 of 99,57%,181 of 235,3 of 10,30%,0,0,10:51,38 of 70,12 of 18,7 of 11,17 of 56,7 of 7,33 of 36
L,Gabriella Fernandes,0,23 of 47,48%,47 of 72,0 of 0,---,0,0,0:10,11 of 34,5 of 6,7 of 7,22 of 45,1 of 2,0 of 0
NC,Dan Argueta,0,4 of 4,100%,12 of 12,1 of 1,100%,2,1,2:08,3 of 3,1 of 1,0 of 0,1 of 1,0 of 0,3 of 3
NC,Ronnie Lawrence,0,1 of 2,50%,2 of 3,0 of 0,---,0,0,0:03,0 of 1,0 of 0,1 of 1,1 of 2,0 of 0,0 of 0
L,Zac Pauga,0,67 of 117,57%,72 of 123,1 of 5,20%,0,0,2:17,35 of 80,25 of 30,7 of 7,58 of 105,7 of 10,2 of 2
W,Modestas Bukauskas,0,56 of 112,50%,62 of 120,0 of 0,---,0,0,1:20,42 of 96,10 of 12,4 of 4,50 of 102,5 of 9,1 of 1
W,Amanda Nunes,0,142 of 267,53%,196 of 323,6 of 13,46%,0,0,7:00,97 of 198,28 of 49,17 of 20,115 of 234,5 of 8,22 of 25
L,Irene Aldana,0,41 of 143,28%,57 of 159,0 of 0,---,0,0,0:10,25 of 118,3 of 7,13 of 18,36 of 133,3 of 3,2 of 7
W,Charles Oliveira,1,26 of 36,72%,37 of 47,0 of 1,0%,0,0,0:31,23 of 32,3 of 3,0 of 1,7 of 13,3 of 3,16 of 20
L,Beneil Dariush,0,12 of 28,42%,32 of 59,0 of 0,---,0,0,2:44,8 of 24,3 of 3,1 of 1,6 of 14,0 of 0,6 of 14
W,Mike Malott,1,19 of 41,46%,19 of 41,2 of 2,100%,1,1,1:26,9 of 29,10 of 10,0 of 2,19 of 41,0 of 0,0 of 0
L,Adam Fugitt,0,9 of 28,32%,16 of 35,0 of 0,---,0,0,0:07,2 of 17,6 of 9,1 of 2,9 of 28,0 of 0,0 of 0
W,Dan Ige,1,88 of 184,47%,88 of 184,0 of 0,---,0,0,0:41,61 of 143,19 of 31,8 of 10,78 of 169,6 of 8,4 of 7
L,Nate Landwehr,0,74 of 195,37%,74 of 195,0 of 4,0%,0,0,0:26,54 of 161,13 of 24,7 of 10,55 of 168,18 of 24,1 of 3
W,Marc-Andre Barriault,1,95 of 192,49%,103 of 200,0 of 0,---,0,0,0:40,62 of 148,32 of 43,1 of 1,67 of 154,26 of 35,2 of 3
L,Eryk Anders,0,83 of 169,49%,87 of 173,1 of 11,9%,0,0,3:18,42 of 122,39 of 45,2 of 2,41 of 115,42 of 52,0 of 2
NC,Nassourdine Imavov,0,57 of 84,67%,59 of 86,3 of 4,75%,1,0,2:22,27 of 48,8 of 12,22 of 24,54 of 80,3 of 4,0 of 0
NC,Chris Curtis,0,26 of 61,42%,34 of 69,0 of 0,---,0,0,0:00,4 of 28,8 of 18,14 of 15,26 of 60,0 of 1,0 of 0
L,Miranda Maverick,0,63 of 127,49%,68 of 132,0 of 3,0%,0,0,0:07,33 of 94,17 of 18,13 of 15,56 of 120,7 of 7,0 of 0
W,Jasmine Jasudavicius,0,67 of 158,42%,115 of 235,1 of 1,100%,0,0,7:35,52 of 140,15 of 18,0 of 0,53 of 138,13 of 18,1 of 2
W,Aiemann Zahabi,1,5 of 8,62%,5 of 8,0 of 0,---,0,0,0:03,5 of 8,0 of 0,0 of 0,3 of 5,0 of 0,2 of 3
L,Aoriqileng,0,5 of 5,100%,5 of 5,0 of 0,---,0,0,0:00,0 of 0,1 of 1,4 of 4,5 of 5,0 of 0,0 of 0
W,Kyle Nelson,0,59 of 126,46%,83 of 150,0 of 1,0%,0,0,2:21,24 of 76,20 of 31,15 of 19,57 of 124,2 of 2,0 of 0
L,Blake Bilder,0,45 of 120,37%,84 of 159,0 of 3,0%,0,0,2:45,26 of 96,2 of 4,17 of 20,45 of 119,0 of 1,0 of 0
L,David Dvorak,0,53 of 114,46%,56 of 117,1 of 3,33%,0,0,1:57,26 of 77,10 of 19,17 of 18,46 of 102,4 of 7,3 of 5
W,Steve Erceg,0,54 of 140,38%,56 of 142,3 of 4,75%,1,0,1:29,28 of 101,16 of 26,10 of 13,46 of 131,7 of 8,1 of 1
W,Diana Belbita,0,106 of 208,50%,154 of 258,1 of 2,50%,0,0,2:04,71 of 165,20 of 25,15 of 18,76 of 176,22 of 24,8 of 8
L,Maria Oliveira,0,64 of 168,38%,85 of 200,2 of 5,40%,0,0,4:06,45 of 142,11 of 18,8 of 8,62 of 166,1 of 1,1 of 1
L,Kai Kara-France,0,99 of 283,34%,133 of 323,2 of 2,100%,0,0,0:58,57 of 224,20 of 30,22 of 29,90 of 267,1 of 2,8 of 14
W,Amir Albazi,0,43 of 145,29%,64 of 173,1 of 9,11%,1,0,6:10,31 of 125,6 of 13,6 of 7,39 of 135,1 of 5,3 of 5
W,Alex Caceres,0,60 of 99,60%,86 of 128,1 of 2,50%,0,1,4:26,32 of 69,26 of 28,2 of 2,45 of 76,11 of 15,4 of 8
L,Daniel Pineda,0,27 of 56,48%,43 of 74,3 of 11,27%,1,1,3:57,15 of 42,3 of 4,9 of 10,22 of 50,2 of 3,3 of 3
W,Jim Miller,1,3 of 5,60%,3 of 5,0 of 0,---,0,0,0:01,3 of 5,0 of 0,0 of 0,2 of 4,0 of 0,1 of 1
L,Jesse Butler,0,1 of 7,14%,1 of 7,0 of 0,---,0,0,0:00,1 of 5,0 of 2,0 of 0,1 of 7,0 of 0,0 of 0
W,Tim Elliott,0,28 of 57,49%,153 of 237,6 of 7,85%,0,0,11:13,22 of 48,4 of 6,2 of 3,6 of 21,4 of 4,18 of 32
L,Victor Altamirano,0,19 of 39,48%,102 of 142,1 of 1,100%,0,0,1:04,10 of 28,6 of 8,3 of 3,15 of 31,4 of 8,0 of 0
W,Karine Silva,0,3 of 10,30%,4 of 12,1 of 1,100%,1,0,1:21,1 of 6,0 of 2,2 of 2,2 of 7,0 of 0,1 of 3
L,Ketlen Souza,0,0 of 0,---,1 of 1,0 of 0,---,0,0,0:00,0 of 0,0 of 0,0 of 0,0 of 0,0 of 0,0 of 0
L,Abubakar Nurmagomedov,0,29 of 54,53%,48 of 76,1 of 8,12%,0,0,6:16,13 of 37,6 of 7,10 of 10,23 of 48,6 of 6,0 of 0
W,Elizeu Zaleski dos Santos,0,42 of 113,37%,50 of 132,0 of 2,0%,0,0,0:15,16 of 75,13 of 22,13 of 16,27 of 87,15 of 26,0 of 0
W,Daniel Santos,0,50 of 91,54%,134 of 198,3 of 4,75%,0,1,10:47,30 of 62,15 of 19,5 of 10,10 of 38,6 of 7,34 of 46
L,Johnny Munoz,0,18 of 39,46%,64 of 101,1 of 8,12%,1,0,1:19,8 of 26,8 of 10,2 of 3,15 of 30,3 of 9,0 of 0
L,Andrei Arlovski,0,24 of 56,42%,26 of 58,0 of 0,---,0,0,0:00,10 of 36,9 of 10,5 of 10,24 of 56,0 of 0,0 of 0
W,Don'Tale Mayes,1,25 of 87,28%,28 of 91,0 of 1,0%,0,0,0:02,14 of 58,4 of 14,7 of 15,22 of 82,1 of 1,2 of 4
W,John Castaneda,1,40 of 88,45%,70 of 121,3 of 6,50%,0,0,4:16,30 of 73,4 of 8,6 of 7,37 of 83,1 of 2,2 of 3
L,Muin Gafurov,0,61 of 157,38%,93 of 204,0 of 6,0%,0,0,1:55,45 of 135,11 of 16,5 of 6,47 of 132,14 of 25,0 of 0
L,Jamie Mullarkey,0,39 of 71,54%,40 of 73,3 of 8,37%,0,0,2:28,15 of 43,14 of 18,10 of 10,27 of 56,12 of 14,0 of 1
W,Muhammad Naimov,1,28 of 70,40%,30 of 72,0 of 1,0%,0,0,0:01,17 of 56,5 of 8,6 of 6,20 of 60,3 of 5,5 of 5
W,Elise Reed,0,53 of 120,44%,94 of 174,0 of 1,0%,0,0,1:29,16 of 65,21 of 36,16 of 19,45 of 111,8 of 9,0 of 0
L,Jinh Yu Frey,0,28 of 91,30%,42 of 114,3 of 7,42%,0,0,4:09,15 of 68,4 of 13,9 of 10,26 of 84,2 of 4,0 of 3
W,Da'Mon Blackshear,0,66 of 135,48%,85 of 158,1 of 2,50%,0,1,2:14,42 of 103,11 of 17,13 of 15,38 of 96,8 of 13,20 of 26
L,Luan Lacerda,0,28 of 64,43%,31 of 67,1 of 4,25%,1,1,0:26,16 of 42,9 of 19,3 of 3,25 of 61,3 of 3,0 of 0
W,Philipe Lins,0,45 of 106,42%,50 of 113,1 of 3,33%,0,0,8:24,22 of 74,17 of 21,6 of 11,36 of 92,9 of 14,0 of 0
L,Maxim Grishin,0,41 of 80,51%,103 of 145,0 of 3,0%,0,0,0:36,20 of 53,6 of 11,15 of 16,29 of 65,12 of 15,0 of 0
W,Mackenzie Dern,1,126 of 210,60%,247 of 340,3 of 9,33%,0,0,13:12,104 of 186,18 of 20,4 of 4,58 of 132,19 of 22,49 of 56
L,Angela Hill,0,66 of 108,61%,94 of 142,0 of 0,---,0,0,7:11,27 of 65,39 of 42,0 of 1,35 of 74,30 of 31,1 of 3
L,Edmen Shahbazyan,0,30 of 51,58%,33 of 55,1 of 1,100%,1,0,0:41,21 of 42,8 of 8,1 of 1,17 of 35,11 of 14,2 of 2
W,Anthony Hernandez,0,63 of 88,71%,77 of 105,6 of 15,40%,4,0,7:11,55 of 79,4 of 4,4 of 5,15 of 33,8 of 8,40 of 47
L,Emily Ducote,0,112 of 270,41%,117 of 275,0 of 4,0%,0,0,0:11,71 of 214,21 of 33,20 of 23,106 of 262,6 of 8,0 of 0
W,Loopy Godinez,0,132 of 246,53%,133 of 248,1 of 3,33%,0,0,0:13,106 of 214,12 of 18,14 of 14,121 of 232,11 of 14,0 of 0
L,Andre Fialho,0,22 of 51,43%,22 of 51,0 of 0,---,0,0,0:07,14 of 42,7 of 8,1 of 1,21 of 50,1 of 1,0 of 0
W,Joaquin Buckley,1,26 of 89,29%,27 of 90,2 of 3,66%,0,0,0:23,12 of 66,9 of 18,5 of 5,26 of 89,0 of 0,0 of 0
W,Diego Ferreira,1,30 of 71,42%,30 of 71,0 of 2,0%,0,0,0:01,17 of 46,10 of 21,3 of 4,29 of 70,0 of 0,1 of 1
L,Michael Johnson,0,32 of 58,55%,32 of 58,0 of 0,---,0,0,0:00,13 of 34,17 of 20,2 of 4,32 of 58,0 of 0,0 of 0
L,Maheshate,0,32 of 109,29%,33 of 110,0 of 2,0%,0,0,0:00,26 of 100,1 of 3,5 of 6,29 of 99,3 of 10,0 of 0
W,Viacheslav Borshchev,3,85 of 148,57%,85 of 148,0 of 0,---,0,0,0:09,40 of 99,17 of 19,28 of 30,69 of 118,11 of 18,5 of 12
W,Karolina Kowalkiewicz,0,139 of 237,58%,148 of 249,0 of 0,---,0,0,1:52,94 of 187,30 of 33,15 of 17,134 of 230,5 of 7,0 of 0
L,Vanessa Demopoulos,0,68 of 221,30%,83 of 237,0 of 4,0%,0,0,0:00,49 of 190,13 of 23,6 of 8,65 of 216,3 of 5,0 of 0
L,Orion Cosce,0,16 of 32,50%,28 of 48,0 of 0,---,0,0,0:05,9 of 23,3 of 5,4 of 4,14 of 29,1 of 2,1 of 1
W,Gilbert Urbina,1,51 of 82,62%,100 of 139,2 of 2,100%,1,0,3:06,31 of 56,12 of 16,8 of 10,27 of 55,4 of 4,20 of 23
L,Ilir Latifi,0,49 of 77,63%,76 of 105,2 of 7,28%,0,0,3:50,20 of 42,18 of 22,11 of 13,46 of 72,1 of 3,2 of 2
W,Rodrigo Nascimento,0,68 of 152,44%,76 of 160,0 of 0,---,0,0,0:00,51 of 122,10 of 21,7 of 9,61 of 145,7 of 7,0 of 0
W,Chase Hooper,0,149 of 245,60%,217 of 340,1 of 10,10%,1,1,3:54,110 of 203,31 of 34,8 of 8,97 of 160,42 of 73,10 of 12
L,Nick Fiore,0,51 of 90,56%,58 of 98,4 of 8,50%,0,0,4:47,49 of 88,1 of 1,1 of 1,34 of 66,11 of 17,6 of 7
W,Natalia Silva,1,20 of 45,44%,21 of 46,0 of 0,---,0,0,0:16,16 of 41,2 of 2,2 of 2,20 of 44,0 of 0,0 of 1
L,Victoria Leonardo,0,7 of 18,38%,7 of 18,0 of 1,0%,0,0,0:00,6 of 14,0 of 3,1 of 1,7 of 18,0 of 0,0 of 0
L,Takashi Sato,0,30 of 47,63%,56 of 76,2 of 6,33%,0,1,2:21,21 of 37,9 of 10,0 of 0,5 of 16,15 of 16,10 of 15
W,Themba Gorimbo,1,33 of 56,58%,110 of 158,3 of 8,37%,0,2,11:15,21 of 41,12 of 15,0 of 0,12 of 25,9 of 12,12 of 19
L,Jairzinho Rozenstruik,0,0 of 2,0%,3 of 6,0 of 0,---,0,0,0:00,0 of 2,0 of 0,0 of 0,0 of 2,0 of 0,0 of 0
W,Jailton Almeida,0,4 of 7,57%,14 of 19,1 of 2,50%,1,0,3:09,3 of 5,1 of 2,0 of 0,0 of 2,0 of 0,4 of 5
L,Anthony Smith,0,38 of 92,41%,41 of 95,1 of 3,33%,0,0,1:22,19 of 64,10 of 17,9 of 11,38 of 91,0 of 1,0 of 0
W,Johnny Walker,0,92 of 192,47%,99 of 204,1 of 1,100%,0,0,0:32,32 of 117,9 of 19,51 of 56,81 of 178,6 of 8,5 of 6
L,Daniel Rodriguez,0,7 of 25,28%,7 of 25,0 of 0,---,0,0,0:00,2 of 17,2 of 5,3 of 3,7 of 25,0 of 0,0 of 0
W,Ian Machado Garry,1,23 of 46,50%,23 of 46,0 of 0,---,0,0,0:10,19 of 42,4 of 4,0 of 0,12 of 28,0 of 0,11 of 18
W,Carlos Ulberg,1,13 of 21,61%,13 of 21,0 of 0,---,0,0,0:08,11 of 18,1 of 1,1 of 2,5 of 11,0 of 0,8 of 10
L,Ihor Potieria,0,5 of 9,55%,5 of 9,0 of 1,0%,0,0,0:00,1 of 4,0 of 0,4 of 5,5 of 9,0 of 0,0 of 0
L,Tim Means,0,40 of 87,45%,45 of 92,2 of 2,100%,0,0,0:46,16 of 52,18 of 29,6 of 6,30 of 74,10 of 13,0 of 0
W,Alex Morono,0,33 of 92,35%,42 of 102,0 of 0,---,1,0,0:00,29 of 86,4 of 6,0 of 0,31 of 86,2 of 6,0 of 0
W,Matt Brown,1,11 of 15,73%,22 of 26,0 of 0,---,0,0,0:02,2 of 4,3 of 4,6 of 7,10 of 14,1 of 1,0 of 0
L,Court McGee,0,8 of 31,25%,17 of 48,1 of 1,100%,0,0,1:57,2 of 21,2 of 5,4 of 5,6 of 29,2 of 2,0 of 0
W,Karl Williams,0,70 of 165,42%,85 of 191,1 of 10,10%,0,0,2:35,53 of 147,6 of 6,11 of 12,65 of 159,2 of 3,3 of 3
L,Chase Sherman,0,54 of 158,34%,64 of 170,0 of 0,---,0,0,0:12,26 of 124,10 of 15,18 of 19,46 of 148,8 of 10,0 of 0
L,Cody Stamann,1,54 of 139,38%,66 of 152,1 of 5,20%,0,0,1:59,40 of 116,9 of 17,5 of 6,49 of 133,0 of 0,5 of 6
W,Douglas Silva de Andrade,0,61 of 178,34%,72 of 189,0 of 1,0%,0,0,0:00,17 of 108,23 of 43,21 of 27,60 of 175,1 of 3,0 of 0
L,Ji Yeon Kim,0,10 of 36,27%,32 of 62,0 of 1,0%,1,1,5:44,5 of 31,3 of 3,2 of 2,7 of 32,3 of 3,0 of 1
W,Mandy Bohm,0,17 of 31,54%,25 of 51,2 of 6,33%,1,1,4:05,9 of 19,3 of 7,5 of 5,10 of 21,5 of 8,2 of 2
W,Bryan Battle,1,3 of 9,33%,3 of 9,0 of 0,---,0,0,0:03,3 of 9,0 of 0,0 of 0,2 of 7,0 of 0,1 of 2
L,Gabe Green,0,6 of 12,50%,6 of 12,0 of 0,---,0,0,0:00,2 of 8,2 of 2,2 of 2,6 of 12,0 of 0,0 of 0
L,Jessica-Rose Clark,0,26 of 60,43%,28 of 66,1 of 7,14%,0,0,7:36,20 of 51,1 of 2,5 of 7,23 of 53,2 of 5,1 of 2
W,Tainara Lisboa,0,42 of 83,50%,97 of 145,1 of 2,50%,1,0,2:09,30 of 67,11 of 14,1 of 2,29 of 64,11 of 16,2 of 3
W,Aljamain Sterling,0,135 of 210,64%,186 of 261,4 of 15,26%,0,0,4:00,51 of 112,50 of 60,34 of 38,103 of 174,24 of 28,8 of 8
L,Henry Cejudo,0,99 of 174,56%,143 of 219,3 of 8,37%,0,0,5:06,35 of 99,30 of 37,34 of 38,82 of 152,16 of 21,1 of 1
W,Belal Muhammad,0,132 of 283,46%,132 of 283,0 of 0,---,0,0,0:00,92 of 241,39 of 41,1 of 1,132 of 283,0 of 0,0 of 0
L,Gilbert Burns,0,81 of 147,55%,81 of 147,0 of 4,0%,0,0,0:00,35 of 96,13 of 16,33 of 35,81 of 147,0 of 0,0 of 0
L,Jessica Andrade,0,12 of 32,37%,12 of 32,0 of 0,---,0,0,0:00,5 of 23,3 of 3,4 of 6,12 of 32,0 of 0,0 of 0
W,Yan Xiaonan,1,26 of 36,72%,26 of 36,0 of 0,---,0,0,0:02,12 of 22,5 of 5,9 of 9,23 of 33,0 of 0,3 of 3
W,Movsar Evloev,0,88 of 129,68%,183 of 228,4 of 7,57%,0,0,8:30,76 of 116,3 of 3,9 of 10,45 of 81,11 of 11,32 of 37
L,Diego Lopes,0,37 of 69,53%,48 of 82,0 of 0,---,4,1,0:41,29 of 57,4 of 8,4 of 4,27 of 55,3 of 3,7 of 11
L,Kron Gracie,0,32 of 57,56%,171 of 216,0 of 0,---,0,0,0:43,18 of 37,1 of 6,13 of 14,32 of 57,0 of 0,0 of 0
W,Charles Jourdain,0,80 of 168,47%,175 of 266,0 of 0,---,0,0,6:48,59 of 145,14 of 16,7 of 7,54 of 138,16 of 20,10 of 10
L,Drew Dober,0,20 of 59,33%,20 of 59,0 of 0,---,0,0,0:00,12 of 50,8 of 9,0 of 0,19 of 58,1 of 1,0 of 0
W,Matt Frevola,1,35 of 75,46%,39 of 79,0 of 1,0%,0,0,0:08,26 of 61,6 of 11,3 of 3,22 of 58,1 of 2,12 of 15
W,Kennedy Nzechukwu,0,62 of 81,76%,79 of 98,0 of 1,0%,1,0,3:42,44 of 63,18 of 18,0 of 0,9 of 17,53 of 64,0 of 0
L,Devin Clark,0,36 of 58,62%,61 of 90,1 of 4,25%,0,0,1:04,25 of 46,7 of 8,4 of 4,13 of 28,23 of 30,0 of 0
W,Khaos Williams,0,130 of 283,45%,131 of 284,0 of 0,---,0,0,1:13,68 of 205,29 of 38,33 of 40,126 of 276,4 of 7,0 of 0
L,Rolando Bedoya,0,149 of 209,71%,150 of 210,0 of 2,0%,0,0,0:07,103 of 150,15 of 17,31 of 42,136 of 196,13 of 13,0 of 0
L,Marina Rodriguez,0,33 of 62,53%,115 of 150,0 of 0,---,0,0,0:05,27 of 52,5 of 8,1 of 2,10 of 37,3 of 3,20 of 22
W,Virna Jandiroba,0,27 of 43,62%,91 of 116,3 of 7,42%,0,1,12:02,25 of 41,1 of 1,1 of 1,7 of 22,5 of 5,15 of 16
L,Braxton Smith,0,14 of 29,48%,14 of 29,0 of 1,0%,0,0,0:00,13 of 28,0 of 0,1 of 1,14 of 29,0 of 0,0 of 0
W,Parker Porter,0,25 of 37,67%,37 of 62,0 of 1,0%,0,0,0:27,24 of 36,1 of 1,0 of 0,12 of 24,3 of 3,10 of 10
L,Phil Hawes,0,17 of 28,60%,17 of 28,0 of 0,---,0,0,0:00,4 of 14,10 of 11,3 of 3,17 of 28,0 of 0,0 of 0
W,Ikram Aliskerov,1,20 of 33,60%,20 of 33,0 of 0,---,0,0,0:02,13 of 24,6 of 8,1 of 1,19 of 31,1 of 2,0 of 0
L,Joseph Holmes,0,17 of 24,70%,22 of 29,1 of 2,50%,0,0,2:30,4 of 10,3 of 4,10 of 10,13 of 20,4 of 4,0 of 0
W,Claudio Ribeiro,1,37 of 63,58%,60 of 91,1 of 1,100%,0,0,3:07,34 of 57,0 of 1,3 of 5,10 of 24,1 of 2,26 of 37
W,Song Yadong,2,105 of 228,46%,110 of 234,0 of 0,---,0,0,0:27,55 of 163,27 of 39,23 of 26,85 of 203,1 of 1,19 of 24
L,Ricky Simon,0,60 of 139,43%,64 of 144,2 of 9,22%,0,0,0:51,48 of 127,9 of 9,3 of 3,57 of 135,0 of 0,3 of 4
W,Caio Borralho,0,34 of 55,61%,52 of 74,3 of 6,50%,1,0,2:39,19 of 37,10 of 13,5 of 5,18 of 37,5 of 7,11 of 11
L,Michal Oleksiejczuk,0,30 of 65,46%,30 of 65,0 of 1,0%,0,0,0:13,13 of 44,17 of 21,0 of 0,26 of 61,4 of 4,0 of 0
W,Rodolfo Vieira,0,10 of 15,66%,30 of 37,1 of 7,14%,2,0,4:19,8 of 12,2 of 2,0 of 1,1 of 5,2 of 2,7 of 8
L,Cody Brundage,1,20 of 29,68%,41 of 51,0 of 0,---,1,0,1:04,17 of 26,1 of 1,2 of 2,10 of 18,0 of 0,10 of 11
L,Julian Erosa,0,15 of 24,62%,15 of 24,0 of 1,0%,0,0,0:00,9 of 18,1 of 1,5 of 5,15 of 24,0 of 0,0 of 0
W,Fernando Padilla,1,20 of 29,68%,20 of 29,0 of 0,---,0,0,0:02,17 of 25,2 of 3,1 of 1,19 of 28,0 of 0,1 of 1
W,Marcos Rogerio de Lima,0,59 of 76,77%,76 of 95,3 of 7,42%,0,0,5:01,20 of 31,11 of 15,28 of 30,56 of 72,2 of 2,1 of 2
L,Waldo Cortes Acosta,0,82 of 150,54%,88 of 156,0 of 1,0%,0,0,0:34,54 of 116,18 of 23,10 of 11,79 of 146,3 of 3,0 of 1
L,Josh Quinlan,0,50 of 128,39%,50 of 128,1 of 8,12%,0,0,0:54,26 of 102,5 of 7,19 of 19,46 of 124,2 of 2,2 of 2
W,Trey Waters,0,104 of 203,51%,106 of 205,1 of 2,50%,0,0,0:27,93 of 189,6 of 9,5 of 5,102 of 201,1 of 1,1 of 1
W,Martin Buday,0,98 of 177,55%,145 of 229,0 of 0,---,0,0,1:45,66 of 142,24 of 27,8 of 8,72 of 143,19 of 27,7 of 7
L,Jake Collier,0,94 of 207,45%,107 of 226,0 of 1,0%,0,0,4:31,63 of 175,22 of 23,9 of 9,77 of 185,15 of 17,2 of 5
W,Cody Durden,0,56 of 99,56%,80 of 128,11 of 18,61%,0,0,9:33,39 of 80,9 of 10,8 of 9,46 of 89,3 of 3,7 of 7
L,Charles Johnson,0,52 of 101,51%,60 of 109,0 of 0,---,1,0,0:08,30 of 77,19 of 21,3 of 3,46 of 91,5 of 9,1 of 1
L,Stephanie Egger,0,9 of 24,37%,9 of 24,0 of 0,---,0,0,0:00,3 of 17,0 of 0,6 of 7,9 of 24,0 of 0,0 of 0
W,Irina Alekseeva,0,18 of 44,40%,18 of 44,0 of 1,0%,1,0,0:00,7 of 31,7 of 8,4 of 5,17 of 43,1 of 1,0 of 0
L,Journey Newson,0,13 of 46,28%,13 of 46,0 of 6,0%,0,0,1:03,6 of 34,4 of 7,3 of 5,12 of 45,1 of 1,0 of 0
W,Marcus McGhee,1,25 of 53,47%,25 of 54,0 of 0,---,1,0,0:31,14 of 39,9 of 11,2 of 3,21 of 47,3 of 4,1 of 2
L,Hailey Cowan,0,63 of 150,42%,85 of 173,2 of 8,25%,0,0,4:50,38 of 111,21 of 34,4 of 5,43 of 126,16 of 20,4 of 4
W,Jamey-Lyn Horth,0,76 of 104,73%,99 of 128,0 of 1,0%,0,0,1:07,37 of 59,30 of 33,9 of 12,46 of 74,30 of 30,0 of 0
W,Sergei Pavlovich,1,36 of 85,42%,36 of 85,0 of 0,---,0,0,0:02,30 of 78,6 of 7,0 of 0,32 of 81,0 of 0,4 of 4
L,Curtis Blaydes,0,14 of 56,25%,14 of 56,0 of 1,0%,0,0,0:00,11 of 51,1 of 1,2 of 4,14 of 56,0 of 0,0 of 0
L,Brad Tavares,0,15 of 64,23%,15 of 65,0 of 0,---,0,0,0:00,11 of 56,4 of 8,0 of 0,15 of 64,0 of 0,0 of 0
W,Bruno Silva,1,23 of 51,45%,24 of 52,0 of 0,---,0,0,0:02,17 of 40,5 of 9,1 of 2,21 of 48,1 of 2,1 of 1
NC,King Green,0,23 of 69,33%,23 of 69,0 of 1,0%,0,0,0:01,15 of 56,6 of 9,2 of 4,17 of 62,0 of 1,6 of 6
NC,Jared Gordon,0,17 of 53,32%,17 of 53,0 of 1,0%,0,0,0:00,9 of 34,5 of 11,3 of 8,17 of 53,0 of 0,0 of 0
W,Iasmin Lucindo,0,53 of 118,44%,57 of 123,4 of 5,80%,0,0,0:46,33 of 93,19 of 23,1 of 2,51 of 115,2 of 2,0 of 1
L,Brogan Walker,0,29 of 145,20%,31 of 149,0 of 0,---,0,0,1:04,6 of 99,13 of 22,10 of 24,22 of 137,7 of 8,0 of 0
W,Jeremiah Wells,0,36 of 76,47%,86 of 158,6 of 10,60%,0,0,11:12,29 of 67,7 of 9,0 of 0,10 of 28,2 of 3,24 of 45
L,Matthew Semelsberger,2,20 of 37,54%,39 of 59,0 of 1,0%,0,0,1:29,17 of 33,3 of 4,0 of 0,12 of 22,4 of 5,4 of 10
L,Ricky Glenn,0,2 of 11,18%,2 of 11,0 of 0,---,0,0,0:00,1 of 7,0 of 1,1 of 3,2 of 11,0 of 0,0 of 0
W,Christos Giagos,1,9 of 16,56%,9 of 16,0 of 0,---,0,0,0:02,4 of 11,3 of 3,2 of 2,8 of 15,0 of 0,1 of 1
L,Rani Yahya,0,7 of 21,33%,7 of 22,0 of 3,0%,0,0,0:08,1 of 10,1 of 2,5 of 9,7 of 21,0 of 0,0 of 0
W,Montel Jackson,1,9 of 21,42%,10 of 23,0 of 0,---,0,0,1:17,7 of 18,1 of 2,1 of 1,5 of 14,0 of 0,4 of 7
L,Karol Rosa,1,33 of 68,48%,144 of 194,0 of 2,0%,0,0,3:13,19 of 43,8 of 11,6 of 14,20 of 53,13 of 15,0 of 0
W,Norma Dumont,0,35 of 87,40%,63 of 129,1 of 1,100%,0,0,4:54,18 of 64,9 of 13,8 of 10,27 of 76,8 of 11,0 of 0
W,Mohammed Usman,0,7 of 29,24%,79 of 133,2 of 12,16%,0,0,12:03,6 of 28,1 of 1,0 of 0,2 of 22,2 of 2,3 of 5
L,Junior Tafa,0,22 of 61,36%,37 of 78,0 of 0,---,0,0,0:00,17 of 55,5 of 6,0 of 0,12 of 45,10 of 16,0 of 0
L,Francis Marshall,0,15 of 132,11%,35 of 165,2 of 5,40%,2,0,4:20,10 of 123,4 of 8,1 of 1,13 of 129,0 of 0,2 of 3
W,William Gomis,0,27 of 79,34%,30 of 84,0 of 0,---,0,0,0:17,6 of 47,8 of 17,13 of 15,27 of 78,0 of 1,0 of 0
W,Brady Hiestand,0,45 of 81,55%,96 of 143,3 of 7,42%,0,0,4:09,29 of 58,11 of 15,5 of 8,41 of 77,0 of 0,4 of 4
L,Batgerel Danaa,1,41 of 134,30%,92 of 200,1 of 1,100%,0,1,1:00,33 of 121,2 of 5,6 of 8,29 of 112,7 of 9,5 of 13
W,Max Holloway,0,147 of 262,56%,149 of 264,0 of 0,---,0,0,0:03,77 of 180,42 of 48,28 of 34,146 of 261,1 of 1,0 of 0
L,Arnold Allen,0,76 of 225,33%,80 of 229,0 of 0,---,0,0,0:42,48 of 173,18 of 36,10 of 16,76 of 225,0 of 0,0 of 0
W,Edson Barboza,1,21 of 33,63%,21 of 33,0 of 0,---,0,0,0:02,13 of 25,5 of 5,3 of 3,19 of 31,1 of 1,1 of 1
L,Billy Quarantillo,0,19 of 42,45%,20 of 43,0 of 2,0%,0,0,0:39,16 of 38,1 of 2,2 of 2,18 of 41,1 of 1,0 of 0
L,Dustin Jacoby,0,64 of 131,48%,96 of 167,1 of 6,16%,0,0,3:06,36 of 95,8 of 12,20 of 24,60 of 126,4 of 5,0 of 0
W,Azamat Murzakanov,1,67 of 127,52%,70 of 130,1 of 5,20%,0,0,0:16,51 of 110,12 of 13,4 of 4,64 of 122,3 of 5,0 of 0
L,Tanner Boser,0,5 of 16,31%,5 of 16,0 of 0,---,0,0,0:00,5 of 15,0 of 1,0 of 0,5 of 16,0 of 0,0 of 0
W,Ion Cutelaba,0,30 of 40,75%,30 of 40,1 of 1,100%,0,0,0:17,27 of 36,2 of 3,1 of 1,14 of 24,0 of 0,16 of 16
W,Pedro Munhoz,1,60 of 174,34%,74 of 188,0 of 1,0%,0,0,2:54,20 of 104,6 of 19,34 of 51,52 of 160,1 of 1,7 of 13
L,Chris Gutierrez,0,77 of 133,57%,79 of 135,0 of 0,---,0,0,0:06,30 of 69,8 of 11,39 of 53,75 of 130,1 of 1,1 of 2
L,Clay Guida,0,63 of 252,25%,63 of 252,0 of 3,0%,0,0,0:00,49 of 227,4 of 12,10 of 13,63 of 252,0 of 0,0 of 0
W,Rafa Garcia,0,141 of 287,49%,143 of 289,0 of 1,0%,0,0,0:20,130 of 269,5 of 12,6 of 6,138 of 284,3 of 3,0 of 0
W,Bill Algeo,1,64 of 110,58%,77 of 123,1 of 1,100%,1,0,1:42,44 of 81,6 of 13,14 of 16,48 of 94,5 of 5,11 of 11
L,TJ Brown,0,46 of 91,50%,49 of 94,1 of 2,50%,0,1,0:39,34 of 78,8 of 9,4 of 4,33 of 76,13 of 15,0 of 0
W,Brandon Royval,1,13 of 22,59%,13 of 22,0 of 0,---,0,0,0:07,13 of 20,0 of 1,0 of 1,3 of 9,0 of 0,10 of 13
L,Matheus Nicolau,0,2 of 5,40%,2 of 5,0 of 0,---,0,0,0:00,1 of 4,0 of 0,1 of 1,2 of 5,0 of 0,0 of 0
W,Zak Cummings,3,100 of 175,57%,114 of 189,0 of 0,---,0,0,3:18,69 of 139,15 of 19,16 of 17,83 of 154,3 of 5,14 of 16
L,Ed Herman,0,54 of 117,46%,71 of 141,0 of 1,0%,0,0,0:00,34 of 92,5 of 9,15 of 16,46 of 106,4 of 7,4 of 4
W,Gillian Robertson,0,26 of 39,66%,46 of 62,2 of 3,66%,1,0,6:23,20 of 29,1 of 4,5 of 6,12 of 23,0 of 0,14 of 16
L,Piera Rodriguez,0,12 of 33,36%,25 of 47,1 of 1,100%,0,0,0:54,10 of 31,1 of 1,1 of 1,12 of 33,0 of 0,0 of 0
L,Lando Vannata,0,51 of 91,56%,51 of 91,0 of 3,0%,0,0,0:06,20 of 41,12 of 24,19 of 26,49 of 87,2 of 2,0 of 2
W,Daniel Zellhuber,1,78 of 207,37%,84 of 225,0 of 1,0%,0,0,1:44,67 of 181,7 of 21,4 of 5,49 of 149,7 of 7,22 of 51
L,Bruna Brasil,0,15 of 22,68%,43 of 50,0 of 1,0%,0,0,1:19,7 of 11,6 of 8,2 of 3,9 of 15,6 of 7,0 of 0
W,Denise Gomes,1,54 of 93,58%,94 of 133,3 of 3,100%,0,0,3:53,28 of 58,8 of 8,18 of 27,21 of 47,10 of 12,23 of 34
L,Aaron Phillips,0,17 of 39,43%,79 of 104,3 of 5,60%,1,0,6:01,7 of 22,9 of 13,1 of 4,16 of 37,1 of 2,0 of 0
W,Gaston Bolanos,0,63 of 127,49%,69 of 135,0 of 0,---,0,1,1:36,32 of 82,7 of 14,24 of 31,43 of 93,0 of 0,20 of 34
W,Joselyne Edwards,0,56 of 114,49%,90 of 153,0 of 1,0%,0,1,0:29,19 of 65,11 of 19,26 of 30,46 of 98,5 of 9,5 of 7
L,Lucie Pudilova,0,39 of 98,39%,74 of 138,2 of 7,28%,0,0,7:29,27 of 82,9 of 10,3 of 6,21 of 67,7 of 10,11 of 21
L,Alex Pereira,0,49 of 85,57%,49 of 85,0 of 0,---,0,0,0:00,8 of 28,15 of 21,26 of 36,48 of 83,1 of 2,0 of 0
W,Israel Adesanya,1,41 of 96,42%,41 of 96,0 of 0,---,0,0,0:03,18 of 61,14 of 24,9 of 11,40 of 93,0 of 2,1 of 1
W,Gilbert Burns,0,42 of 99,42%,72 of 135,4 of 6,66%,0,0,5:41,34 of 84,3 of 7,5 of 8,37 of 90,0 of 0,5 of 9
L,Jorge Masvidal,0,39 of 91,42%,77 of 130,0 of 0,---,0,0,0:05,14 of 61,8 of 11,17 of 19,38 of 90,1 of 1,0 of 0
W,Rob Font,1,33 of 75,44%,33 of 75,0 of 1,0%,0,0,0:04,30 of 69,2 of 5,1 of 1,27 of 66,1 of 2,5 of 7
L,Adrian Yanez,0,25 of 54,46%,25 of 54,0 of 0,---,0,0,0:00,21 of 49,1 of 2,3 of 3,25 of 51,0 of 3,0 of 0
W,Kevin Holland,1,66 of 197,33%,67 of 198,0 of 0,---,0,0,0:03,24 of 138,11 of 23,31 of 36,62 of 187,2 of 6,2 of 4
L,Santiago Ponzinibbio,0,44 of 104,42%,44 of 104,0 of 0,---,0,0,0:07,12 of 58,7 of 19,25 of 27,44 of 101,0 of 3,0 of 0
L,Raul Rosas Jr.,0,2 of 19,10%,2 of 19,3 of 16,18%,1,0,4:50,2 of 15,0 of 1,0 of 3,2 of 19,0 of 0,0 of 0
W,Christian Rodriguez,0,29 of 52,55%,83 of 115,1 of 1,100%,0,0,7:30,26 of 47,3 of 5,0 of 0,4 of 18,4 of 7,21 of 27
L,Chris Curtis,0,70 of 201,34%,80 of 216,0 of 0,---,0,0,0:01,44 of 164,21 of 30,5 of 7,63 of 193,7 of 8,0 of 0
W,Kelvin Gastelum,0,83 of 188,44%,88 of 195,0 of 3,0%,0,0,1:21,63 of 161,5 of 8,15 of 19,76 of 172,3 of 6,4 of 10
L,Michelle Waterson-Gomez,0,61 of 188,32%,70 of 199,1 of 2,50%,0,0,1:01,18 of 114,16 of 34,27 of 40,53 of 178,8 of 10,0 of 0
W,Luana Pinheiro,0,44 of 122,36%,48 of 132,0 of 5,0%,0,0,1:25,16 of 79,15 of 21,13 of 22,38 of 109,6 of 13,0 of 0
L,Gerald Meerschaert,0,10 of 21,47%,10 of 21,0 of 0,---,0,0,0:00,1 of 12,2 of 2,7 of 7,10 of 21,0 of 0,0 of 0
W,Joe Pyfer,0,14 of 24,58%,14 of 24,0 of 0,---,0,0,0:16,6 of 16,8 of 8,0 of 0,6 of 11,0 of 0,8 of 13
L,Cynthia Calvillo,0,104 of 333,31%,107 of 338,1 of 2,50%,0,0,1:15,58 of 249,30 of 64,16 of 20,104 of 333,0 of 0,0 of 0
W,Loopy Godinez,0,87 of 180,48%,93 of 188,0 of 2,0%,0,0,0:01,65 of 146,15 of 24,7 of 10,87 of 178,0 of 2,0 of 0
W,Ignacio Bahamondes,0,99 of 200,49%,99 of 200,0 of 0,---,0,0,0:00,28 of 88,30 of 65,41 of 47,99 of 200,0 of 0,0 of 0
L,Trey Ogden,0,42 of 109,38%,42 of 109,0 of 1,0%,0,0,0:00,24 of 81,10 of 15,8 of 13,42 of 109,0 of 0,0 of 0
L,Shayilan Nuerdanbieke,1,18 of 35,51%,31 of 63,1 of 2,50%,0,0,3:34,15 of 31,3 of 4,0 of 0,8 of 16,0 of 0,10 of 19
W,Steve Garcia,1,17 of 40,42%,50 of 77,0 of 0,---,0,0,0:15,14 of 37,3 of 3,0 of 0,12 of 35,1 of 1,4 of 4
L,Jaqueline Amorim,0,12 of 52,23%,52 of 109,2 of 10,20%,3,0,3:42,12 of 42,0 of 7,0 of 3,11 of 49,0 of 0,1 of 3
W,Sam Hughes,0,46 of 104,44%,107 of 176,1 of 1,100%,0,1,7:02,45 of 101,1 of 3,0 of 0,19 of 62,6 of 7,21 of 35
L,Marlon Vera,0,58 of 158,36%,73 of 177,0 of 1,0%,1,0,0:09,28 of 105,13 of 29,17 of 24,53 of 152,5 of 5,0 of 1
W,Cory Sandhagen,0,128 of 280,45%,187 of 378,3 of 12,25%,0,0,7:08,84 of 226,16 of 23,28 of 31,107 of 241,2 of 3,19 of 36
W,Holly Holm,0,32 of 63,50%,105 of 163,4 of 6,66%,0,0,9:49,23 of 49,8 of 12,1 of 2,14 of 33,4 of 5,14 of 25
L,Yana Santos,0,21 of 46,45%,120 of 185,0 of 0,---,0,0,1:19,3 of 22,8 of 9,10 of 15,15 of 37,6 of 9,0 of 0
W,Nate Landwehr,0,64 of 153,41%,68 of 160,1 of 2,50%,1,0,0:24,36 of 104,9 of 25,19 of 24,61 of 148,0 of 1,3 of 4
L,Austin Lingo,0,48 of 146,32%,50 of 148,0 of 0,---,0,0,0:00,28 of 116,17 of 26,3 of 4,48 of 146,0 of 0,0 of 0
L,Andrea Lee,0,39 of 103,37%,57 of 125,5 of 5,100%,0,0,5:20,10 of 57,15 of 27,14 of 19,34 of 97,4 of 5,1 of 1
W,Maycee Barber,0,48 of 127,37%,66 of 158,2 of 2,100%,0,1,0:45,31 of 97,9 of 20,8 of 10,38 of 113,3 of 7,7 of 7
L,Chidi Njokuani,0,40 of 99,40%,44 of 104,0 of 0,---,0,0,0:00,18 of 68,15 of 21,7 of 10,39 of 98,1 of 1,0 of 0
W,Albert Duraev,0,45 of 123,36%,68 of 159,2 of 3,66%,0,0,4:02,21 of 90,2 of 6,22 of 27,34 of 101,0 of 0,11 of 22
W,Daniel Pineda,1,24 of 45,53%,41 of 66,1 of 2,50%,2,0,2:20,10 of 24,4 of 10,10 of 11,22 of 41,2 of 4,0 of 0
L,Tucker Lutz,0,28 of 78,35%,33 of 84,0 of 4,0%,0,0,1:27,17 of 61,8 of 11,3 of 6,22 of 71,6 of 7,0 of 0
L,Steven Peterson,0,26 of 101,25%,27 of 102,0 of 4,0%,0,0,0:31,8 of 67,9 of 18,9 of 16,25 of 99,1 of 2,0 of 0
W,Lucas Alexander,1,85 of 158,53%,86 of 159,0 of 0,---,0,0,0:55,43 of 108,20 of 27,22 of 23,78 of 142,1 of 1,6 of 15
W,Trevin Giles,0,55 of 108,50%,71 of 129,0 of 1,0%,0,2,4:14,51 of 102,4 of 6,0 of 0,34 of 83,7 of 9,14 of 16
L,Preston Parsons,0,42 of 95,44%,62 of 130,3 of 11,27%,3,1,5:16,24 of 77,6 of 6,12 of 12,34 of 84,7 of 10,1 of 1
W,CJ Vergara,0,83 of 144,57%,98 of 164,0 of 0,---,1,0,2:54,57 of 103,16 of 29,10 of 12,34 of 65,0 of 2,49 of 77
L,Daniel Lacerda,2,48 of 117,41%,51 of 120,1 of 2,50%,2,0,0:40,32 of 94,11 of 17,5 of 6,42 of 106,4 of 7,2 of 4
W,Victor Altamirano,0,62 of 118,52%,109 of 171,3 of 22,13%,0,0,5:04,28 of 69,14 of 27,20 of 22,54 of 106,4 of 6,4 of 6
L,Vinicius Salvador,0,47 of 130,36%,83 of 168,1 of 6,16%,0,0,0:21,26 of 102,15 of 21,6 of 7,39 of 119,4 of 7,4 of 4
W,Leon Edwards,0,120 of 161,74%,123 of 164,0 of 1,0%,0,0,0:00,34 of 69,36 of 39,50 of 53,111 of 150,9 of 11,0 of 0
L,Kamaru Usman,0,87 of 205,42%,113 of 232,4 of 15,26%,0,0,5:03,57 of 163,24 of 34,6 of 8,65 of 177,21 of 27,1 of 1
W,Justin Gaethje,0,103 of 171,60%,106 of 174,1 of 3,33%,0,0,0:05,81 of 142,14 of 15,8 of 14,84 of 147,19 of 24,0 of 0
L,Rafael Fiziev,0,97 of 169,57%,97 of 169,0 of 0,---,0,0,0:00,38 of 100,52 of 61,7 of 8,81 of 151,16 of 18,0 of 0
W,Gunnar Nelson,0,10 of 11,90%,20 of 21,1 of 2,50%,1,0,3:13,8 of 9,2 of 2,0 of 0,1 of 2,2 of 2,7 of 7
L,Bryan Barberena,0,7 of 12,58%,18 of 23,0 of 0,---,0,0,0:00,3 of 7,0 of 0,4 of 5,6 of 11,0 of 0,1 of 1
W,Jennifer Maia,0,145 of 349,41%,151 of 355,0 of 4,0%,0,0,1:23,123 of 321,11 of 16,11 of 12,124 of 321,21 of 28,0 of 0
L,Casey O'Neill,0,137 of 264,51%,137 of 264,0 of 1,0%,0,0,0:00,108 of 226,24 of 32,5 of 6,129 of 254,8 of 10,0 of 0
W,Marvin Vettori,0,106 of 218,48%,106 of 218,0 of 0,---,0,0,0:00,60 of 165,8 of 13,38 of 40,100 of 212,6 of 6,0 of 0
L,Roman Dolidze,0,71 of 192,36%,71 of 192,0 of 1,0%,0,0,0:14,52 of 169,11 of 15,8 of 8,67 of 180,4 of 12,0 of 0
W,Jack Shore,0,28 of 46,60%,45 of 64,1 of 1,100%,1,0,2:15,23 of 40,4 of 4,1 of 2,22 of 39,2 of 2,4 of 5
L,Makwan Amirkhani,0,10 of 24,41%,14 of 28,1 of 3,33%,0,0,3:31,6 of 19,4 of 5,0 of 0,6 of 20,4 of 4,0 of 0
W,Chris Duncan,0,53 of 83,63%,62 of 92,5 of 14,35%,0,0,6:31,12 of 25,17 of 21,24 of 37,43 of 73,3 of 3,7 of 7
L,Omar Morales,0,47 of 80,58%,53 of 86,0 of 0,---,0,1,0:02,32 of 64,5 of 6,10 of 10,41 of 73,5 of 6,1 of 1
L,Sam Patterson,0,2 of 7,28%,2 of 7,0 of 0,---,0,0,0:00,1 of 4,0 of 0,1 of 3,2 of 7,0 of 0,0 of 0
W,Yanal Ashmouz,0,15 of 20,75%,15 of 20,1 of 1,100%,0,0,0:07,14 of 18,0 of 0,1 of 2,2 of 4,0 of 0,13 of 16
W,Muhammad Mokaev,0,16 of 30,53%,79 of 104,4 of 8,50%,2,0,8:15,4 of 15,8 of 10,4 of 5,12 of 25,0 of 0,4 of 5
L,Jafel Filho,0,9 of 37,24%,54 of 87,0 of 0,---,2,1,0:50,1 of 23,2 of 2,6 of 12,9 of 36,0 of 0,0 of 1
W,Lerone Murphy,0,93 of 161,57%,115 of 183,1 of 2,50%,0,0,2:18,59 of 117,27 of 37,7 of 7,77 of 144,12 of 12,4 of 5
L,Gabriel Santos,0,69 of 122,56%,87 of 141,5 of 11,45%,0,0,4:00,32 of 73,24 of 34,13 of 15,55 of 105,14 of 15,0 of 2
W,Christian Leroy Duncan,0,9 of 14,64%,14 of 19,0 of 0,---,0,0,0:38,3 of 8,2 of 2,4 of 4,8 of 13,1 of 1,0 of 0
L,Dusko Todorovic,0,4 of 6,66%,6 of 8,0 of 0,---,0,0,0:00,0 of 0,2 of 3,2 of 3,4 of 6,0 of 0,0 of 0
W,Jake Hadley,1,10 of 21,47%,13 of 24,0 of 0,---,0,0,0:04,7 of 18,2 of 2,1 of 1,5 of 15,0 of 0,5 of 6
L,Malcolm Gordon,0,3 of 15,20%,3 of 15,0 of 0,---,0,0,0:00,1 of 13,0 of 0,2 of 2,3 of 15,0 of 0,0 of 0
W,Joanne Wood,0,131 of 228,57%,177 of 278,2 of 4,50%,0,0,1:50,61 of 142,46 of 53,24 of 33,84 of 177,46 of 50,1 of 1
L,Luana Carolina,0,100 of 199,50%,123 of 222,0 of 0,---,0,0,0:42,55 of 144,34 of 40,11 of 15,75 of 165,25 of 34,0 of 0
D,Jai Herbert,0,43 of 90,47%,96 of 168,1 of 3,33%,0,0,2:54,15 of 59,17 of 19,11 of 12,24 of 68,12 of 13,7 of 9
D,Ludovit Klein,0,47 of 97,48%,78 of 132,2 of 3,66%,0,0,3:14,30 of 75,11 of 15,6 of 7,30 of 76,15 of 19,2 of 2
L,Juliana Miller,0,30 of 79,37%,49 of 98,0 of 3,0%,3,0,1:19,20 of 63,9 of 14,1 of 2,22 of 65,7 of 9,1 of 5
W,Veronica Hardy,0,62 of 77,80%,78 of 95,4 of 4,100%,0,0,7:36,39 of 52,12 of 14,11 of 11,32 of 43,5 of 6,25 of 28
L,Petr Yan,0,75 of 143,52%,87 of 155,1 of 5,20%,0,0,1:50,41 of 105,16 of 19,18 of 19,66 of 132,9 of 11,0 of 0
W,Merab Dvalishvili,0,147 of 338,43%,202 of 401,11 of 49,22%,0,0,6:53,91 of 260,35 of 52,21 of 26,129 of 312,18 of 26,0 of 0
W,Alexander Volkov,0,12 of 15,80%,27 of 35,0 of 0,---,0,0,1:03,8 of 11,4 of 4,0 of 0,4 of 7,3 of 3,5 of 5
L,Alexandr Romanov,0,0 of 1,0%,0 of 1,0 of 5,0%,0,0,0:38,0 of 1,0 of 0,0 of 0,0 of 1,0 of 0,0 of 0
W,Nikita Krylov,0,7 of 12,58%,24 of 31,2 of 2,100%,2,2,2:39,2 of 7,2 of 2,3 of 3,3 of 7,3 of 4,1 of 1
L,Ryan Spann,0,5 of 11,45%,5 of 11,1 of 2,50%,1,2,0:32,4 of 10,1 of 1,0 of 0,4 of 9,1 of 1,0 of 1
L,Said Nurmagomedov,0,47 of 78,60%,101 of 134,3 of 9,33%,2,0,4:21,25 of 50,14 of 19,8 of 9,31 of 57,12 of 14,4 of 7
W,Jonathan Martinez,0,38 of 55,69%,78 of 96,0 of 1,0%,1,0,6:09,13 of 25,7 of 8,18 of 22,22 of 37,13 of 15,3 of 3
W,Mario Bautista,0,3 of 4,75%,5 of 6,3 of 4,75%,1,0,2:36,2 of 3,1 of 1,0 of 0,0 of 1,1 of 1,2 of 2
L,Guido Cannetti,0,2 of 5,40%,5 of 8,1 of 1,100%,0,0,0:16,0 of 1,0 of 1,2 of 3,2 of 5,0 of 0,0 of 0
W,Vitor Petrino,0,39 of 82,47%,60 of 104,7 of 9,77%,1,4,6:13,27 of 66,10 of 13,2 of 3,28 of 65,2 of 6,9 of 11
L,Anton Turkalj,0,33 of 56,58%,69 of 95,5 of 15,33%,0,1,4:40,19 of 36,7 of 11,7 of 9,22 of 45,5 of 5,6 of 6
W,Karl Williams,1,38 of 58,65%,120 of 168,8 of 13,61%,0,0,10:13,31 of 50,4 of 5,3 of 3,22 of 34,2 of 5,14 of 19
L,Lukasz Brzeski,0,26 of 46,56%,49 of 72,0 of 1,0%,0,0,0:29,19 of 39,5 of 5,2 of 2,22 of 40,4 of 5,0 of 1
L,Raphael Assuncao,0,42 of 58,72%,67 of 85,5 of 12,41%,0,0,4:17,16 of 29,8 of 8,18 of 21,38 of 53,3 of 4,1 of 1
W,Davey Grant,1,65 of 138,47%,80 of 154,0 of 0,---,1,0,0:52,28 of 91,18 of 28,19 of 19,59 of 132,4 of 4,2 of 2
L,Sedriques Dumas,0,20 of 44,45%,23 of 47,0 of 1,0%,0,1,0:07,8 of 26,2 of 5,10 of 13,19 of 43,1 of 1,0 of 0
W,Josh Fremd,0,33 of 61,54%,48 of 78,2 of 2,100%,2,1,4:27,21 of 48,6 of 7,6 of 6,27 of 55,4 of 4,2 of 2
W,Victor Henry,0,154 of 244,63%,190 of 281,0 of 0,---,2,1,1:20,92 of 176,55 of 60,7 of 8,102 of 183,46 of 55,6 of 6
L,Tony Gravely,0,75 of 154,48%,90 of 169,3 of 17,17%,0,0,3:22,44 of 113,20 of 29,11 of 12,52 of 127,18 of 22,5 of 5
W,Ariane da Silva,0,101 of 204,49%,113 of 216,2 of 2,100%,0,0,0:19,47 of 134,42 of 56,12 of 14,77 of 176,24 of 28,0 of 0
L,JJ Aldrich,0,49 of 99,49%,56 of 106,0 of 12,0%,0,0,1:16,42 of 92,4 of 4,3 of 3,45 of 95,4 of 4,0 of 0
L,Tyson Nam,0,12 of 38,31%,12 of 38,0 of 0,---,0,0,0:00,6 of 31,3 of 4,3 of 3,12 of 38,0 of 0,0 of 0
W,Bruno Silva,1,23 of 45,51%,27 of 50,0 of 1,0%,1,0,0:53,14 of 33,5 of 8,4 of 4,21 of 38,0 of 1,2 of 6
W,Carlston Harris,0,63 of 110,57%,140 of 194,5 of 12,41%,0,0,9:38,52 of 99,10 of 10,1 of 1,35 of 74,11 of 15,17 of 21
L,Jared Gooden,0,51 of 84,60%,93 of 126,0 of 0,---,0,0,0:02,22 of 49,21 of 27,8 of 8,41 of 74,10 of 10,0 of 0
W,Jon Jones,0,5 of 10,50%,8 of 14,2 of 2,100%,1,0,0:57,2 of 5,0 of 1,3 of 4,5 of 10,0 of 0,0 of 0
L,Ciryl Gane,0,6 of 8,75%,7 of 9,0 of 0,---,0,0,0:00,1 of 3,2 of 2,3 of 3,6 of 8,0 of 0,0 of 0
L,Valentina Shevchenko,0,87 of 145,60%,167 of 228,4 of 6,66%,0,0,5:24,68 of 121,8 of 12,11 of 12,80 of 133,2 of 7,5 of 5
W,Alexa Grasso,0,59 of 181,32%,182 of 308,0 of 2,0%,1,0,1:22,31 of 137,12 of 18,16 of 26,50 of 172,8 of 8,1 of 1
L,Geoff Neal,0,69 of 145,47%,69 of 145,0 of 0,---,0,0,1:12,63 of 136,4 of 6,2 of 3,57 of 129,12 of 16,0 of 0
W,Shavkat Rakhmonov,0,113 of 179,63%,120 of 186,0 of 4,0%,1,0,3:43,69 of 130,39 of 44,5 of 5,74 of 131,39 of 48,0 of 0
W,Mateusz Gamrot,0,29 of 42,69%,89 of 109,4 of 12,33%,0,0,6:52,18 of 30,2 of 3,9 of 9,21 of 32,2 of 2,6 of 8
L,Jalin Turner,1,40 of 97,41%,62 of 119,0 of 1,0%,0,0,0:32,23 of 72,14 of 22,3 of 3,33 of 90,4 of 4,3 of 3
W,Bo Nickal,0,1 of 4,25%,3 of 6,1 of 4,25%,2,0,2:30,0 of 2,1 of 2,0 of 0,0 of 1,1 of 3,0 of 0
L,Jamie Pickett,0,1 of 2,50%,1 of 2,0 of 0,---,0,0,0:00,0 of 1,1 of 1,0 of 0,0 of 1,1 of 1,0 of 0
W,Cody Garbrandt,0,26 of 33,78%,33 of 40,2 of 3,66%,0,0,2:32,8 of 14,14 of 15,4 of 4,21 of 28,2 of 2,3 of 3
L,Trevin Jones,0,20 of 69,28%,30 of 79,1 of 2,50%,1,0,1:39,9 of 50,8 of 14,3 of 5,15 of 64,1 of 1,4 of 4
L,Derek Brunson,0,37 of 84,44%,43 of 90,1 of 2,50%,1,1,2:30,27 of 71,9 of 12,1 of 1,30 of 74,3 of 5,4 of 5
W,Dricus Du Plessis,1,71 of 115,61%,84 of 132,1 of 2,50%,1,0,1:25,55 of 97,8 of 9,8 of 9,53 of 95,3 of 3,15 of 17
L,Viviane Araujo,0,46 of 115,40%,86 of 162,0 of 0,---,2,0,0:00,37 of 105,5 of 6,4 of 4,45 of 114,0 of 0,1 of 1
W,Amanda Ribas,0,98 of 183,53%,205 of 320,2 of 2,100%,0,0,8:20,71 of 149,11 of 16,16 of 18,93 of 176,0 of 0,5 of 7
L,Julian Marquez,0,82 of 171,47%,83 of 172,0 of 1,0%,0,0,0:00,63 of 142,10 of 18,9 of 11,63 of 141,19 of 30,0 of 0
W,Marc-Andre Barriault,0,109 of 222,49%,127 of 246,0 of 0,---,0,0,1:29,91 of 202,18 of 20,0 of 0,60 of 133,49 of 89,0 of 0
W,Ian Machado Garry,1,127 of 231,54%,127 of 231,0 of 0,---,0,0,0:05,58 of 149,36 of 46,33 of 36,119 of 220,1 of 1,7 of 10
L,Song Kenan,1,55 of 110,50%,61 of 120,2 of 3,66%,0,0,0:44,18 of 69,8 of 9,29 of 32,45 of 94,7 of 8,3 of 8
L,Mana Martinez,0,60 of 148,40%,63 of 160,0 of 0,---,0,0,0:00,40 of 125,15 of 18,5 of 5,58 of 144,2 of 4,0 of 0
W,Cameron Saaiman,1,117 of 240,48%,146 of 272,1 of 1,100%,0,0,4:07,66 of 175,23 of 30,28 of 35,85 of 191,1 of 3,31 of 46
L,Jessica Penne,0,6 of 25,24%,19 of 44,0 of 1,0%,0,0,0:00,4 of 20,2 of 4,0 of 1,4 of 23,1 of 1,1 of 1
W,Tabatha Ricci,0,36 of 54,66%,81 of 109,4 of 5,80%,1,0,5:14,19 of 35,2 of 2,15 of 17,15 of 32,2 of 2,19 of 20
L,Da'Mon Blackshear,0,46 of 117,39%,91 of 164,1 of 6,16%,1,1,2:38,23 of 79,12 of 16,11 of 22,36 of 106,7 of 8,3 of 3
W,Farid Basharat,0,58 of 96,60%,76 of 115,3 of 6,50%,0,0,5:28,36 of 70,14 of 17,8 of 9,42 of 79,4 of 5,12 of 12
L,Esteban Ribovics,1,66 of 129,51%,98 of 162,0 of 1,0%,1,1,0:31,52 of 114,11 of 12,3 of 3,61 of 124,1 of 1,4 of 4
W,Loik Radzhabov,0,40 of 85,47%,67 of 117,11 of 21,52%,0,0,7:39,33 of 78,6 of 6,1 of 1,37 of 81,1 of 2,2 of 2
L,Andre Muniz,0,43 of 112,38%,45 of 114,0 of 3,0%,0,0,0:15,25 of 88,8 of 13,10 of 11,43 of 111,0 of 1,0 of 0
W,Brendan Allen,0,42 of 102,41%,64 of 129,1 of 1,100%,2,0,4:12,21 of 76,12 of 16,9 of 10,40 of 98,0 of 0,2 of 4
W,Augusto Sakai,0,53 of 95,55%,107 of 173,1 of 2,50%,0,0,8:51,27 of 65,18 of 22,8 of 8,21 of 49,30 of 42,2 of 4
L,Don'Tale Mayes,0,29 of 62,46%,77 of 121,0 of 1,0%,0,0,2:46,15 of 46,10 of 12,4 of 4,24 of 56,5 of 6,0 of 0
W,Tatiana Suarez,0,10 of 13,76%,37 of 43,2 of 6,33%,1,0,5:45,0 of 1,8 of 10,2 of 2,3 of 5,7 of 8,0 of 0
L,Montana De La Rosa,0,5 of 11,45%,36 of 46,0 of 0,---,0,0,0:37,4 of 10,1 of 1,0 of 0,1 of 7,4 of 4,0 of 0
W,Mike Malott,0,9 of 17,52%,20 of 28,1 of 1,100%,1,0,1:36,3 of 8,4 of 7,2 of 2,9 of 17,0 of 0,0 of 0
L,Yohan Lainesse,0,1 of 4,25%,1 of 4,0 of 0,---,0,0,0:00,1 of 3,0 of 0,0 of 1,1 of 4,0 of 0,0 of 0
L,Erick Gonzalez,0,7 of 29,24%,11 of 35,4 of 6,66%,0,0,2:15,5 of 27,1 of 1,1 of 1,7 of 28,0 of 1,0 of 0
W,Trevor Peek,2,51 of 86,59%,51 of 86,0 of 1,0%,0,0,0:16,38 of 70,8 of 11,5 of 5,36 of 67,9 of 12,6 of 7
W,Jasmine Jasudavicius,0,24 of 54,44%,149 of 215,4 of 8,50%,0,0,11:31,17 of 46,3 of 4,4 of 4,16 of 40,1 of 1,7 of 13
L,Gabriella Fernandes,0,26 of 56,46%,54 of 86,0 of 1,0%,0,0,0:04,10 of 37,8 of 10,8 of 9,25 of 55,1 of 1,0 of 0
W,Jordan Leavitt,1,17 of 35,48%,18 of 38,0 of 2,0%,0,0,0:46,8 of 21,6 of 10,3 of 4,8 of 22,5 of 7,4 of 6
L,Victor Martinez,0,7 of 28,25%,9 of 31,0 of 0,---,0,0,0:00,4 of 20,0 of 1,3 of 7,7 of 28,0 of 0,0 of 0
W,Ode Osbourne,0,48 of 154,31%,50 of 157,3 of 10,30%,0,0,2:53,17 of 110,10 of 15,21 of 29,45 of 150,3 of 4,0 of 0
L,Charles Johnson,0,60 of 127,47%,74 of 147,1 of 5,20%,0,0,1:18,28 of 78,10 of 24,22 of 25,42 of 101,17 of 25,1 of 1
W,Joe Solecki,0,2 of 8,25%,49 of 67,2 of 3,66%,3,0,8:51,1 of 6,0 of 1,1 of 1,1 of 6,1 of 2,0 of 0
L,Carl Deaton,0,1 of 12,8%,13 of 29,0 of 0,---,0,0,0:00,1 of 10,0 of 2,0 of 0,1 of 12,0 of 0,0 of 0
L,Rafael Alves,0,6 of 17,35%,25 of 36,0 of 0,---,2,1,1:18,2 of 11,2 of 3,2 of 3,6 of 17,0 of 0,0 of 0
W,Nurullo Aliev,0,19 of 45,42%,92 of 140,3 of 4,75%,0,1,10:51,19 of 42,0 of 1,0 of 2,1 of 10,0 of 0,18 of 35
L,Jessica Andrade,0,53 of 143,37%,56 of 147,0 of 1,0%,0,0,0:00,28 of 107,5 of 16,20 of 20,50 of 137,3 of 6,0 of 0
W,Erin Blanchfield,0,51 of 120,42%,53 of 124,1 of 3,33%,1,0,1:03,38 of 105,2 of 4,11 of 11,50 of 117,1 of 3,0 of 0
L,Jordan Wright,0,29 of 78,37%,199 of 261,0 of 1,0%,0,0,0:13,15 of 55,13 of 21,1 of 2,18 of 65,11 of 13,0 of 0
W,Zac Pauga,0,59 of 85,69%,85 of 114,0 of 6,0%,0,0,8:40,31 of 54,21 of 24,7 of 7,21 of 42,38 of 43,0 of 0
L,Josh Parisian,0,37 of 113,32%,51 of 137,1 of 2,50%,0,0,1:12,19 of 85,14 of 23,4 of 5,35 of 110,2 of 3,0 of 0
W,Jamal Pogues,0,33 of 60,55%,49 of 79,5 of 11,45%,0,0,5:49,29 of 56,3 of 3,1 of 1,20 of 47,9 of 9,4 of 4
L,William Knight,0,8 of 33,24%,8 of 33,0 of 3,0%,0,0,0:00,0 of 13,2 of 8,6 of 12,8 of 33,0 of 0,0 of 0
W,Marcin Prachnio,0,79 of 144,54%,79 of 144,0 of 0,---,0,0,0:00,9 of 36,7 of 25,63 of 83,79 of 144,0 of 0,0 of 0
L,Jim Miller,0,67 of 185,36%,68 of 186,0 of 1,0%,1,0,0:40,32 of 137,16 of 25,19 of 23,64 of 182,3 of 3,0 of 0
W,Alexander Hernandez,0,108 of 234,46%,111 of 238,0 of 1,0%,0,1,0:23,62 of 169,39 of 50,7 of 15,98 of 223,3 of 3,7 of 8
W,Nazim Sadykhov,0,64 of 132,48%,71 of 141,1 of 1,100%,0,0,0:19,38 of 103,19 of 20,7 of 9,54 of 118,10 of 14,0 of 0
L,Evan Elder,1,70 of 142,49%,84 of 158,1 of 6,16%,0,0,1:33,25 of 87,36 of 46,9 of 9,60 of 129,10 of 13,0 of 0
L,Lina Lansberg,0,25 of 50,50%,40 of 72,0 of 0,---,0,1,0:21,16 of 41,7 of 7,2 of 2,18 of 43,7 of 7,0 of 0
W,Mayra Bueno Silva,0,39 of 69,56%,58 of 90,2 of 3,66%,1,0,5:09,13 of 38,17 of 20,9 of 11,21 of 47,11 of 13,7 of 9
W,Jamall Emmers,0,62 of 144,43%,79 of 170,1 of 3,33%,0,0,4:45,27 of 82,18 of 26,17 of 36,44 of 119,10 of 12,8 of 13
L,Khusein Askhabov,0,30 of 114,26%,40 of 127,0 of 6,0%,0,2,0:58,15 of 88,7 of 9,8 of 17,25 of 104,5 of 10,0 of 0
L,Ovince Saint Preux,0,1 of 3,33%,1 of 3,0 of 0,---,0,0,0:00,0 of 1,0 of 0,1 of 2,1 of 3,0 of 0,0 of 0
W,Philipe Lins,1,18 of 44,40%,18 of 44,0 of 0,---,0,0,0:02,17 of 43,1 of 1,0 of 0,13 of 38,4 of 5,1 of 1
W,AJ Fletcher,0,7 of 17,41%,23 of 35,0 of 0,---,1,1,3:21,6 of 13,0 of 1,1 of 3,1 of 7,1 of 1,5 of 9
L,Themba Gorimbo,0,6 of 10,60%,15 of 26,2 of 2,100%,0,1,2:00,2 of 6,3 of 3,1 of 1,5 of 9,1 of 1,0 of 0
W,Clayton Carpenter,0,3 of 5,60%,3 of 5,0 of 0,---,3,1,1:19,2 of 4,1 of 1,0 of 0,3 of 5,0 of 0,0 of 0
L,Juancamilo Ronderos,0,1 of 7,14%,46 of 56,1 of 1,100%,0,0,1:22,0 of 6,0 of 0,1 of 1,1 of 4,0 of 0,0 of 3
W,Islam Makhachev,0,57 of 95,60%,95 of 135,4 of 9,44%,0,0,7:37,36 of 72,18 of 20,3 of 3,45 of 82,12 of 13,0 of 0
L,Alexander Volkanovski,1,70 of 143,48%,164 of 255,0 of 4,0%,0,0,2:55,37 of 96,21 of 33,12 of 14,58 of 125,6 of 10,6 of 8
W,Yair Rodriguez,0,62 of 107,57%,98 of 143,0 of 0,---,1,0,0:00,36 of 76,18 of 22,8 of 9,47 of 87,7 of 9,8 of 11
L,Josh Emmett,0,22 of 52,42%,35 of 72,1 of 4,25%,0,0,3:01,17 of 44,4 of 7,1 of 1,13 of 40,1 of 2,8 of 10
W,Jack Della Maddalena,1,14 of 31,45%,18 of 35,0 of 0,---,1,0,0:15,9 of 23,1 of 2,4 of 6,5 of 18,2 of 2,7 of 11
L,Randy Brown,0,11 of 39,28%,11 of 39,0 of 0,---,0,0,0:00,6 of 33,2 of 3,3 of 3,11 of 39,0 of 0,0 of 0
W,Justin Tafa,1,8 of 16,50%,8 of 16,0 of 0,---,0,0,0:03,6 of 13,2 of 3,0 of 0,5 of 12,3 of 4,0 of 0
L,Parker Porter,0,7 of 16,43%,7 of 16,0 of 0,---,0,0,0:00,5 of 13,0 of 1,2 of 2,7 of 15,0 of 1,0 of 0
D,Jimmy Crute,0,31 of 62,50%,62 of 103,6 of 12,50%,3,0,7:55,27 of 58,2 of 2,2 of 2,23 of 54,5 of 5,3 of 3
D,Alonzo Menifield,2,56 of 83,67%,99 of 127,0 of 0,---,0,0,3:55,53 of 80,1 of 1,2 of 2,42 of 67,4 of 4,10 of 12
L,Tyson Pedro,0,45 of 81,55%,54 of 90,2 of 3,66%,0,0,3:01,18 of 45,20 of 27,7 of 9,39 of 74,5 of 6,1 of 1
W,Modestas Bukauskas,0,44 of 109,40%,56 of 121,0 of 0,---,0,0,0:57,25 of 88,12 of 13,7 of 8,34 of 95,10 of 14,0 of 0
W,Josh Culibao,0,16 of 45,35%,16 of 45,0 of 0,---,1,0,0:14,3 of 24,3 of 8,10 of 13,15 of 43,1 of 2,0 of 0
L,Melsik Baghdasaryan,0,26 of 44,59%,26 of 44,0 of 0,---,0,0,0:00,6 of 19,8 of 10,12 of 15,24 of 41,2 of 3,0 of 0
L,Shannon Ross,0,1 of 4,25%,1 of 4,0 of 0,---,0,0,0:00,0 of 1,0 of 0,1 of 3,1 of 4,0 of 0,0 of 0
W,Kleydson Rodrigues,1,14 of 22,63%,16 of 24,0 of 0,---,0,0,0:00,8 of 16,3 of 3,3 of 3,9 of 14,5 of 7,0 of 1
W,Jamie Mullarkey,0,59 of 104,56%,78 of 126,3 of 4,75%,0,0,4:47,28 of 70,13 of 14,18 of 20,49 of 92,0 of 0,10 of 12
L,Francisco Prado,0,28 of 75,37%,31 of 78,0 of 2,0%,1,1,0:10,18 of 58,4 of 10,6 of 7,28 of 75,0 of 0,0 of 0
W,Jack Jenkins,0,82 of 123,66%,100 of 150,4 of 5,80%,0,0,6:00,45 of 81,23 of 26,14 of 16,53 of 90,21 of 24,8 of 9
L,Don Shainis,0,50 of 102,49%,128 of 187,1 of 3,33%,2,2,2:16,26 of 68,17 of 23,7 of 11,29 of 73,14 of 21,7 of 8
W,Loma Lookboonmee,0,17 of 27,62%,22 of 34,2 of 3,66%,1,0,0:36,5 of 8,6 of 9,6 of 10,12 of 20,4 of 5,1 of 2
L,Elise Reed,0,17 of 29,58%,41 of 60,0 of 0,---,0,1,1:59,12 of 23,1 of 2,4 of 4,7 of 18,5 of 6,5 of 5
L,Shane Young,0,80 of 196,40%,81 of 197,0 of 3,0%,0,0,0:03,42 of 151,21 of 28,17 of 17,79 of 194,1 of 2,0 of 0
W,Blake Bilder,0,111 of 190,58%,126 of 206,1 of 7,14%,0,0,1:43,62 of 134,11 of 17,38 of 39,107 of 182,3 of 5,1 of 3
L,Zubaira Tukhugov,0,70 of 169,41%,73 of 172,0 of 4,0%,0,0,2:11,64 of 160,4 of 7,2 of 2,68 of 167,2 of 2,0 of 0
W,Elves Brener,0,69 of 157,43%,82 of 170,0 of 3,0%,0,0,0:00,30 of 101,23 of 35,16 of 21,66 of 153,3 of 4,0 of 0
L,Derrick Lewis,0,0 of 3,0%,0 of 3,0 of 0,---,0,0,0:00,0 of 2,0 of 1,0 of 0,0 of 3,0 of 0,0 of 0
W,Serghei Spivac,0,12 of 21,57%,36 of 54,6 of 8,75%,1,0,2:32,12 of 21,0 of 0,0 of 0,0 of 3,0 of 0,12 of 18
L,Da Woon Jung,0,18 of 52,34%,43 of 78,1 of 5,20%,0,0,5:48,11 of 42,6 of 9,1 of 1,7 of 36,11 of 16,0 of 0
W,Devin Clark,0,39 of 70,55%,96 of 136,3 of 11,27%,0,0,5:02,22 of 51,5 of 6,12 of 13,26 of 52,11 of 14,2 of 4
W,Marcin Tybura,0,40 of 103,38%,61 of 133,1 of 1,100%,0,0,4:55,12 of 70,19 of 24,9 of 9,39 of 102,0 of 0,1 of 1
L,Blagoy Ivanov,0,34 of 113,30%,34 of 113,0 of 0,---,0,0,0:00,24 of 98,10 of 15,0 of 0,34 of 112,0 of 1,0 of 0
D,Dooho Choi,0,50 of 78,64%,79 of 114,0 of 0,---,0,1,3:58,11 of 37,23 of 24,16 of 17,27 of 54,2 of 2,21 of 22
D,Kyle Nelson,0,20 of 58,34%,39 of 80,5 of 10,50%,0,0,5:34,10 of 41,7 of 10,3 of 7,17 of 54,3 of 4,0 of 0
L,Yusaku Kinoshita,0,10 of 24,41%,11 of 25,0 of 1,0%,0,0,0:01,6 of 20,1 of 1,3 of 3,10 of 24,0 of 0,0 of 0
W,Adam Fugitt,0,21 of 33,63%,33 of 54,4 of 7,57%,0,0,2:53,16 of 23,4 of 7,1 of 3,11 of 22,4 of 4,6 of 7
L,Jeka Saragih,0,14 of 25,56%,20 of 40,0 of 0,---,0,0,0:09,2 of 10,3 of 4,9 of 11,10 of 20,2 of 3,2 of 2
W,Anshul Jubli,0,38 of 51,74%,74 of 99,2 of 5,40%,1,0,7:07,36 of 47,1 of 3,1 of 1,6 of 14,0 of 0,32 of 37
W,JeongYeong Lee,0,25 of 57,43%,66 of 105,0 of 0,---,0,0,0:50,18 of 50,7 of 7,0 of 0,18 of 49,7 of 8,0 of 0
L,Yizha,0,24 of 58,41%,37 of 74,5 of 21,23%,0,0,8:19,17 of 48,6 of 9,1 of 1,13 of 46,7 of 7,4 of 5
L,Toshiomi Kazama,0,4 of 10,40%,4 of 10,0 of 0,---,0,0,0:00,4 of 10,0 of 0,0 of 0,4 of 10,0 of 0,0 of 0
W,Rinya Nakamura,2,11 of 25,44%,11 of 25,0 of 0,---,0,0,0:03,11 of 25,0 of 0,0 of 0,10 of 24,0 of 0,1 of 1
L,SeungGuk Choi,1,20 of 69,28%,30 of 83,0 of 2,0%,0,0,2:38,12 of 54,3 of 5,5 of 10,20 of 67,0 of 2,0 of 0
W,HyunSung Park,0,38 of 91,41%,59 of 125,1 of 3,33%,3,0,1:47,20 of 61,1 of 3,17 of 27,37 of 88,1 of 3,0 of 0
W,JunYong Park,0,25 of 38,65%,38 of 52,1 of 3,33%,1,0,2:58,20 of 33,1 of 1,4 of 4,15 of 27,0 of 0,10 of 11
L,Denis Tiuliulin,0,8 of 22,36%,8 of 22,0 of 0,---,0,0,0:00,4 of 16,4 of 6,0 of 0,8 of 22,0 of 0,0 of 0
W,Tatsuro Taira,0,1 of 1,100%,5 of 5,1 of 1,100%,2,0,3:49,1 of 1,0 of 0,0 of 0,0 of 0,0 of 0,1 of 1
L,Jesus Aguilar,0,2 of 2,100%,2 of 2,0 of 0,---,1,0,0:23,0 of 0,1 of 1,1 of 1,2 of 2,0 of 0,0 of 0
L,Glover Teixeira,0,75 of 160,46%,108 of 196,2 of 17,11%,0,0,3:26,52 of 136,19 of 20,4 of 4,65 of 145,5 of 6,5 of 9
W,Jamahal Hill,0,232 of 402,57%,248 of 419,0 of 0,---,0,1,3:26,180 of 343,42 of 49,10 of 10,188 of 347,18 of 21,26 of 34
L,Deiveson Figueiredo,0,19 of 43,44%,24 of 48,1 of 2,50%,2,0,0:35,8 of 30,8 of 9,3 of 4,15 of 35,0 of 0,4 of 8
W,Brandon Moreno,0,48 of 74,64%,85 of 111,3 of 6,50%,0,0,6:52,37 of 61,7 of 9,4 of 4,34 of 52,3 of 6,11 of 16
W,Gilbert Burns,0,5 of 6,83%,10 of 12,1 of 1,100%,1,0,2:35,4 of 5,1 of 1,0 of 0,3 of 4,0 of 0,2 of 2
L,Neil Magny,0,4 of 11,36%,4 of 11,0 of 0,---,0,0,0:00,2 of 8,1 of 2,1 of 1,4 of 11,0 of 0,0 of 0
L,Lauren Murphy,0,100 of 293,34%,103 of 296,0 of 15,0%,0,0,0:09,81 of 268,14 of 19,5 of 6,90 of 276,10 of 17,0 of 0
W,Jessica Andrade,0,231 of 369,62%,237 of 375,1 of 1,100%,0,0,1:11,161 of 292,23 of 27,47 of 50,208 of 338,22 of 30,1 of 1
L,Paul Craig,0,3 of 8,37%,3 of 8,0 of 0,---,0,0,0:00,0 of 3,1 of 2,2 of 3,3 of 8,0 of 0,0 of 0
W,Johnny Walker,1,16 of 20,80%,17 of 21,0 of 0,---,0,0,0:04,12 of 16,1 of 1,3 of 3,6 of 9,5 of 5,5 of 6
L,Mauricio Rua,0,17 of 31,54%,21 of 35,0 of 0,---,0,0,0:01,4 of 17,3 of 4,10 of 10,17 of 31,0 of 0,0 of 0
W,Ihor Potieria,1,21 of 41,51%,27 of 47,0 of 2,0%,0,0,0:38,16 of 35,3 of 4,2 of 2,13 of 31,5 of 6,3 of 4
L,Gregory Rodrigues,0,21 of 41,51%,21 of 41,0 of 0,---,0,0,0:10,16 of 35,5 of 6,0 of 0,19 of 39,2 of 2,0 of 0
W,Brunno Ferreira,1,22 of 45,48%,23 of 46,0 of 2,0%,0,0,0:01,15 of 37,2 of 3,5 of 5,20 of 43,1 of 1,1 of 1
W,Thiago Moises,0,22 of 33,66%,45 of 58,4 of 7,57%,1,0,5:31,14 of 25,7 of 7,1 of 1,11 of 21,1 of 2,10 of 10
L,Melquizael Costa,0,23 of 50,46%,43 of 71,0 of 0,---,0,0,0:02,2 of 19,10 of 18,11 of 13,21 of 45,2 of 5,0 of 0
W,Gabriel Bonfim,0,9 of 22,40%,9 of 22,0 of 0,---,1,0,0:04,6 of 18,2 of 2,1 of 2,9 of 22,0 of 0,0 of 0
L,Mounir Lazzez,0,9 of 13,69%,9 of 13,0 of 1,0%,0,0,0:00,0 of 4,4 of 4,5 of 5,9 of 13,0 of 0,0 of 0
L,Shamil Abdurakhimov,0,1 of 1,100%,3 of 3,0 of 0,---,0,0,0:00,1 of 1,0 of 0,0 of 0,1 of 1,0 of 0,0 of 0
W,Jailton Almeida,0,45 of 57,78%,89 of 110,3 of 5,60%,0,0,7:28,44 of 55,0 of 0,1 of 2,1 of 5,0 of 0,44 of 52
L,Luan Lacerda,0,80 of 181,44%,85 of 187,1 of 4,25%,0,0,1:34,31 of 113,44 of 61,5 of 7,80 of 181,0 of 0,0 of 0
W,Cody Stamann,0,103 of 189,54%,108 of 195,0 of 2,0%,0,0,0:00,62 of 139,29 of 38,12 of 12,101 of 186,2 of 3,0 of 0
W,Ismael Bonfim,1,34 of 49,69%,38 of 53,1 of 4,25%,0,0,0:48,16 of 30,16 of 17,2 of 2,24 of 39,10 of 10,0 of 0
L,Terrance McKinney,0,14 of 49,28%,20 of 55,0 of 2,0%,0,0,2:16,10 of 43,4 of 6,0 of 0,12 of 45,0 of 2,2 of 2
L,Warlley Alves,0,66 of 144,45%,75 of 153,1 of 3,33%,0,0,2:09,45 of 117,7 of 12,14 of 15,62 of 138,4 of 6,0 of 0
W,Nicolas Dalby,0,119 of 248,47%,167 of 298,0 of 1,0%,0,0,4:02,75 of 195,35 of 41,9 of 12,86 of 212,32 of 35,1 of 1
W,Josiane Nunes,0,102 of 211,48%,107 of 216,0 of 0,---,0,0,2:02,58 of 150,38 of 52,6 of 9,82 of 180,20 of 31,0 of 0
L,Zarah Fairn,0,117 of 251,46%,122 of 256,0 of 0,---,0,0,0:08,89 of 220,17 of 20,11 of 11,107 of 238,10 of 13,0 of 0
L,Saimon Oliveira,0,23 of 70,32%,25 of 73,0 of 5,0%,0,0,2:15,7 of 47,3 of 7,13 of 16,20 of 63,3 of 7,0 of 0
W,Daniel Marcos,1,53 of 78,67%,59 of 84,0 of 1,0%,0,0,1:00,31 of 52,20 of 23,2 of 3,36 of 58,16 of 19,1 of 1
W,Sean Strickland,0,182 of 405,44%,194 of 420,1 of 1,100%,0,0,4:12,134 of 347,38 of 48,10 of 10,175 of 396,7 of 9,0 of 0
L,Nassourdine Imavov,0,123 of 269,45%,131 of 277,0 of 1,0%,0,0,0:12,67 of 207,41 of 46,15 of 16,104 of 248,19 of 21,0 of 0
W,Dan Ige,1,34 of 74,45%,40 of 81,1 of 1,100%,0,0,0:18,17 of 54,13 of 15,4 of 5,28 of 65,6 of 9,0 of 0
L,Damon Jackson,0,36 of 100,36%,38 of 102,0 of 1,0%,0,0,0:01,22 of 81,10 of 15,4 of 4,32 of 92,4 of 8,0 of 0
L,Punahele Soriano,0,39 of 107,36%,39 of 107,0 of 3,0%,0,0,0:06,35 of 101,4 of 6,0 of 0,33 of 98,6 of 9,0 of 0
W,Roman Kopylov,0,82 of 128,64%,82 of 128,1 of 1,100%,0,0,0:10,56 of 101,14 of 15,12 of 12,76 of 120,6 of 8,0 of 0
L,Ketlen Vieira,0,64 of 152,42%,138 of 230,0 of 0,---,0,0,4:45,41 of 122,5 of 10,18 of 20,56 of 143,8 of 9,0 of 0
W,Raquel Pennington,0,81 of 159,50%,104 of 184,0 of 2,0%,0,0,1:18,37 of 111,32 of 35,12 of 13,59 of 134,22 of 25,0 of 0
W,Umar Nurmagomedov,1,36 of 51,70%,36 of 51,0 of 0,---,0,0,0:02,20 of 32,12 of 13,4 of 6,35 of 50,0 of 0,1 of 1
L,Raoni Barcelos,0,13 of 24,54%,14 of 25,0 of 1,0%,0,0,0:00,6 of 17,5 of 5,2 of 2,10 of 21,3 of 3,0 of 0
W,Javid Basharat,0,95 of 130,73%,125 of 164,3 of 5,60%,0,0,5:19,62 of 93,25 of 28,8 of 9,60 of 90,10 of 14,25 of 26
L,Mateus Mendonca,0,29 of 88,32%,70 of 133,2 of 11,18%,0,0,2:19,21 of 72,3 of 6,5 of 10,25 of 83,2 of 2,2 of 3
L,Claudio Ribeiro,0,19 of 31,61%,42 of 54,0 of 0,---,0,0,0:16,6 of 18,3 of 3,10 of 10,17 of 29,2 of 2,0 of 0
W,Abdul Razak Alhassan,1,17 of 28,60%,30 of 41,0 of 2,0%,0,0,3:09,13 of 24,4 of 4,0 of 0,9 of 20,8 of 8,0 of 0
W,Mateusz Rebecki,0,89 of 171,52%,130 of 228,3 of 4,75%,0,0,8:27,53 of 125,27 of 37,9 of 9,63 of 138,4 of 10,22 of 23
L,Nick Fiore,0,34 of 93,36%,52 of 113,1 of 3,33%,0,0,0:34,25 of 76,7 of 13,2 of 4,28 of 83,5 of 9,1 of 1
W,Allan Nascimento,0,6 of 11,54%,9 of 14,2 of 4,50%,1,0,2:23,2 of 5,2 of 3,2 of 3,6 of 11,0 of 0,0 of 0
L,Carlos Hernandez,0,3 of 7,42%,3 of 7,0 of 0,---,0,0,0:00,2 of 5,1 of 2,0 of 0,3 of 7,0 of 0,0 of 0
W,Dan Argueta,0,47 of 85,55%,93 of 144,4 of 6,66%,2,1,10:14,29 of 65,9 of 10,9 of 10,27 of 55,6 of 9,14 of 21
L,Nick Aguirre,0,14 of 44,31%,15 of 47,0 of 0,---,1,1,1:15,14 of 42,0 of 1,0 of 1,13 of 42,1 of 2,0 of 0
W,Charles Johnson,0,34 of 57,59%,44 of 77,0 of 0,---,0,1,1:39,20 of 39,10 of 14,4 of 4,22 of 38,0 of 0,12 of 19
L,Jimmy Flick,0,7 of 13,53%,7 of 13,1 of 3,33%,0,0,0:24,3 of 6,3 of 4,1 of 3,7 of 13,0 of 0,0 of 0
W,Jared Cannonier,0,141 of 310,45%,141 of 310,0 of 0,---,0,0,0:00,57 of 187,60 of 88,24 of 35,141 of 310,0 of 0,0 of 0
L,Sean Strickland,0,152 of 400,38%,157 of 410,1 of 1,100%,0,0,0:48,126 of 365,24 of 32,2 of 3,152 of 400,0 of 0,0 of 0
W,Arman Tsarukyan,0,34 of 81,41%,50 of 105,7 of 21,33%,0,0,9:25,14 of 57,12 of 15,8 of 9,31 of 76,2 of 4,1 of 1
L,Damir Ismagulov,0,36 of 86,41%,51 of 106,0 of 0,---,0,0,0:06,18 of 60,15 of 21,3 of 5,26 of 74,10 of 11,0 of 1
W,Amir Albazi,2,37 of 81,45%,62 of 110,1 of 4,25%,0,0,5:54,23 of 67,10 of 10,4 of 4,23 of 58,0 of 0,14 of 23
L,Alessandro Costa,0,17 of 71,23%,38 of 107,0 of 0,---,0,0,0:00,6 of 55,6 of 10,5 of 6,16 of 70,1 of 1,0 of 0
W,Alex Caceres,1,16 of 30,53%,16 of 30,0 of 0,---,0,0,0:05,9 of 19,3 of 6,4 of 5,13 of 24,0 of 0,3 of 6
L,Julian Erosa,0,10 of 22,45%,10 of 22,0 of 0,---,0,0,0:00,2 of 11,3 of 4,5 of 7,10 of 22,0 of 0,0 of 0
W,Drew Dober,1,34 of 121,28%,34 of 121,0 of 1,0%,0,0,0:09,16 of 86,9 of 21,9 of 14,33 of 119,0 of 1,1 of 1
L,King Green,0,73 of 142,51%,75 of 145,0 of 1,0%,0,0,0:11,50 of 113,17 of 22,6 of 7,72 of 141,1 of 1,0 of 0
L,Cody Brundage,0,0 of 2,0%,1 of 3,3 of 3,100%,0,0,1:53,0 of 2,0 of 0,0 of 0,0 of 2,0 of 0,0 of 0
W,Michal Oleksiejczuk,0,15 of 29,51%,25 of 40,0 of 0,---,0,1,1:12,13 of 27,2 of 2,0 of 0,0 of 1,0 of 0,15 of 28
L,Cheyanne Vlismas,0,33 of 74,44%,66 of 113,0 of 0,---,1,0,0:03,20 of 54,8 of 13,5 of 7,23 of 63,3 of 3,7 of 8
W,Cory McKenna,0,22 of 81,27%,103 of 216,2 of 3,66%,0,0,9:41,17 of 72,3 of 7,2 of 2,18 of 76,2 of 3,2 of 2
L,Jake Matthews,0,32 of 89,35%,74 of 140,1 of 2,50%,1,0,1:42,23 of 77,6 of 9,3 of 3,30 of 85,2 of 3,0 of 1
W,Matthew Semelsberger,3,45 of 116,38%,54 of 129,3 of 5,60%,0,0,4:16,34 of 89,7 of 18,4 of 9,26 of 80,6 of 7,13 of 29
W,Said Nurmagomedov,0,7 of 18,38%,21 of 34,0 of 2,0%,3,0,0:25,3 of 12,3 of 5,1 of 1,3 of 12,4 of 6,0 of 0
L,Saidyokub Kakhramonov,0,11 of 30,36%,32 of 65,5 of 12,41%,1,0,7:52,8 of 27,3 of 3,0 of 0,5 of 10,0 of 1,6 of 19
W,Rafa Garcia,0,49 of 98,50%,79 of 138,6 of 11,54%,0,0,6:10,29 of 70,11 of 17,9 of 11,28 of 64,11 of 13,10 of 21
L,Maheshate,0,25 of 141,17%,30 of 148,0 of 0,---,0,0,0:00,16 of 110,8 of 29,1 of 2,23 of 138,1 of 2,1 of 1
L,Bryan Battle,0,3 of 16,18%,25 of 42,0 of 1,0%,0,0,0:00,1 of 11,1 of 4,1 of 1,3 of 16,0 of 0,0 of 0
W,Rinat Fakhretdinov,1,43 of 68,63%,102 of 149,7 of 9,77%,0,0,14:11,38 of 62,2 of 3,3 of 3,8 of 11,2 of 3,33 of 54
L,David Dvorak,0,33 of 94,35%,55 of 122,2 of 3,66%,0,0,2:42,17 of 68,6 of 12,10 of 14,31 of 91,1 of 2,1 of 1
W,Manel Kape,1,58 of 119,48%,67 of 136,0 of 0,---,2,1,0:57,33 of 85,19 of 26,6 of 8,44 of 99,5 of 5,9 of 15
W,Sergey Morozov,0,30 of 105,28%,65 of 145,6 of 13,46%,0,0,6:59,7 of 76,8 of 12,15 of 17,16 of 88,9 of 11,5 of 6
L,Journey Newson,0,26 of 106,24%,49 of 136,0 of 2,0%,0,0,0:00,10 of 78,7 of 14,9 of 14,25 of 104,1 of 2,0 of 0
D,Jan Blachowicz,0,55 of 117,47%,79 of 141,0 of 0,---,0,0,0:00,19 of 71,11 of 17,25 of 29,50 of 109,5 of 7,0 of 1
D,Magomed Ankalaev,0,78 of 184,42%,191 of 312,2 of 10,20%,0,0,11:20,49 of 139,19 of 33,10 of 12,50 of 134,6 of 8,22 of 42
W,Paddy Pimblett,0,63 of 155,40%,97 of 194,0 of 3,0%,0,0,0:35,33 of 122,13 of 16,17 of 17,54 of 139,8 of 15,1 of 1
L,Jared Gordon,0,60 of 103,58%,100 of 143,3 of 6,50%,0,0,6:28,32 of 62,14 of 27,14 of 14,53 of 94,5 of 6,2 of 3
W,Santiago Ponzinibbio,1,66 of 155,42%,66 of 155,0 of 1,0%,0,0,0:01,31 of 99,26 of 47,9 of 9,65 of 153,0 of 0,1 of 2
L,Alex Morono,1,38 of 131,29%,38 of 131,0 of 0,---,0,0,0:08,34 of 120,4 of 11,0 of 0,34 of 124,0 of 0,4 of 7
L,Darren Till,0,35 of 70,50%,58 of 94,1 of 1,100%,0,1,0:23,26 of 57,6 of 9,3 of 4,29 of 60,1 of 1,5 of 9
W,Dricus Du Plessis,0,86 of 147,58%,117 of 197,6 of 6,100%,3,0,5:33,69 of 123,4 of 7,13 of 17,28 of 59,25 of 40,33 of 48
L,Bryce Mitchell,0,36 of 82,43%,46 of 94,1 of 9,11%,0,0,1:29,22 of 57,11 of 22,3 of 3,34 of 79,1 of 1,1 of 2
W,Ilia Topuria,1,40 of 77,51%,53 of 93,0 of 0,---,1,0,1:18,34 of 63,5 of 13,1 of 1,29 of 64,3 of 4,8 of 9
W,Raul Rosas Jr.,0,3 of 7,42%,9 of 14,2 of 3,66%,2,0,2:12,2 of 5,0 of 0,1 of 2,3 of 7,0 of 0,0 of 0
L,Jay Perrin,0,4 of 8,50%,4 of 8,0 of 0,---,0,0,0:00,3 of 7,0 of 0,1 of 1,4 of 8,0 of 0,0 of 0
W,Jairzinho Rozenstruik,1,12 of 21,57%,12 of 21,0 of 0,---,0,0,0:06,12 of 21,0 of 0,0 of 0,9 of 16,0 of 1,3 of 4
L,Chris Daukaus,0,1 of 1,100%,1 of 1,0 of 0,---,0,0,0:00,1 of 1,0 of 0,0 of 0,1 of 1,0 of 0,0 of 0
W,Edmen Shahbazyan,0,54 of 107,50%,60 of 113,0 of 0,---,0,0,1:08,31 of 78,20 of 25,3 of 4,37 of 72,7 of 10,10 of 25
L,Dalcha Lungiambula,0,23 of 48,47%,26 of 51,0 of 4,0%,0,0,0:15,6 of 24,11 of 18,6 of 6,22 of 46,1 of 2,0 of 0
W,Chris Curtis,1,36 of 87,41%,36 of 87,0 of 0,---,0,0,0:06,25 of 72,3 of 5,8 of 10,29 of 78,1 of 1,6 of 8
L,Joaquin Buckley,0,50 of 163,30%,50 of 163,0 of 0,---,0,0,0:00,27 of 134,15 of 20,8 of 9,48 of 159,2 of 4,0 of 0
W,Billy Quarantillo,0,87 of 151,57%,127 of 194,2 of 4,50%,0,0,1:20,61 of 123,17 of 18,9 of 10,52 of 109,21 of 22,14 of 20
L,Alexander Hernandez,0,48 of 94,51%,59 of 105,2 of 6,33%,1,0,4:08,33 of 70,5 of 9,10 of 15,34 of 74,8 of 11,6 of 9
W,TJ Brown,0,24 of 38,63%,82 of 109,2 of 7,28%,1,2,9:43,20 of 33,4 of 5,0 of 0,13 of 25,6 of 7,5 of 6
L,Erik Silva,0,21 of 29,72%,32 of 42,3 of 4,75%,0,1,2:35,12 of 19,6 of 7,3 of 3,13 of 20,7 of 7,1 of 2
W,Cameron Saaiman,0,53 of 89,59%,105 of 149,0 of 0,---,0,6,6:29,38 of 69,9 of 14,6 of 6,23 of 50,9 of 11,21 of 28
L,Steven Koslow,0,11 of 29,37%,20 of 42,5 of 9,55%,1,2,4:40,8 of 25,1 of 2,2 of 2,8 of 21,1 of 3,2 of 5
W,Stephen Thompson,0,163 of 260,62%,178 of 278,0 of 0,---,0,0,0:47,103 of 192,42 of 49,18 of 19,150 of 241,13 of 19,0 of 0
L,Kevin Holland,0,119 of 210,56%,123 of 214,2 of 6,33%,0,0,1:21,52 of 131,23 of 29,44 of 50,97 of 187,22 of 23,0 of 0
L,Bryan Barberena,0,14 of 29,48%,61 of 79,0 of 0,---,0,0,0:35,6 of 18,4 of 6,4 of 5,10 of 25,2 of 2,2 of 2
W,Rafael Dos Anjos,0,20 of 25,80%,36 of 41,4 of 6,66%,2,0,6:36,3 of 8,17 of 17,0 of 0,3 of 8,3 of 3,14 of 14
W,Matheus Nicolau,2,32 of 42,76%,40 of 50,1 of 1,100%,0,0,0:47,23 of 31,6 of 7,3 of 4,18 of 25,0 of 0,14 of 17
L,Matt Schnell,0,20 of 59,33%,29 of 68,0 of 0,---,0,0,0:00,16 of 50,3 of 7,1 of 2,20 of 59,0 of 0,0 of 0
L,Tai Tuivasa,0,2 of 10,20%,2 of 10,0 of 0,---,0,0,0:00,2 of 9,0 of 0,0 of 1,2 of 10,0 of 0,0 of 0
W,Sergei Pavlovich,2,23 of 44,52%,23 of 44,0 of 0,---,0,0,0:09,23 of 43,0 of 1,0 of 0,16 of 32,1 of 4,6 of 8
L,Jack Hermansson,0,47 of 79,59%,48 of 80,2 of 3,66%,0,0,1:52,16 of 41,11 of 16,20 of 22,43 of 74,3 of 4,1 of 1
W,Roman Dolidze,0,25 of 54,46%,39 of 73,0 of 0,---,3,0,0:30,23 of 51,2 of 3,0 of 0,12 of 38,1 of 1,12 of 15
W,Eryk Anders,1,49 of 94,52%,97 of 159,1 of 1,100%,0,0,2:26,27 of 70,14 of 14,8 of 10,23 of 55,6 of 8,20 of 31
L,Kyle Daukaus,0,37 of 79,46%,38 of 83,0 of 8,0%,0,0,0:44,14 of 55,8 of 9,15 of 15,35 of 76,2 of 2,0 of 1
L,Niko Price,0,110 of 247,44%,150 of 293,0 of 2,0%,0,0,1:29,66 of 197,16 of 22,28 of 28,88 of 218,14 of 21,8 of 8
W,Phil Rowe,0,63 of 139,45%,64 of 140,1 of 2,50%,2,0,1:29,49 of 123,7 of 8,7 of 8,57 of 129,6 of 7,0 of 3
W,Angela Hill,0,182 of 345,52%,190 of 353,0 of 0,---,0,0,0:00,95 of 240,73 of 88,14 of 17,130 of 292,52 of 53,0 of 0
L,Emily Ducote,0,71 of 173,41%,76 of 178,0 of 2,0%,0,0,0:00,49 of 147,18 of 22,4 of 4,62 of 161,9 of 12,0 of 0
W,Clay Guida,0,66 of 183,36%,95 of 215,4 of 15,26%,0,0,5:35,30 of 134,23 of 36,13 of 13,58 of 173,5 of 7,3 of 3
L,Scott Holtzman,0,65 of 166,39%,77 of 178,0 of 0,---,0,0,0:18,55 of 146,5 of 13,5 of 7,60 of 160,5 of 6,0 of 0
W,Michael Johnson,0,83 of 181,45%,83 of 181,0 of 3,0%,0,0,0:30,37 of 116,37 of 55,9 of 10,79 of 171,3 of 7,1 of 3
L,Marc Diakiese,0,55 of 127,43%,55 of 127,0 of 6,0%,0,0,0:00,21 of 80,24 of 31,10 of 16,52 of 124,3 of 3,0 of 0
L,Darren Elkins,0,57 of 193,29%,67 of 203,2 of 5,40%,0,0,0:48,47 of 176,9 of 15,1 of 2,49 of 177,8 of 16,0 of 0
W,Jonathan Pearce,0,110 of 222,49%,154 of 276,2 of 7,28%,0,1,3:33,80 of 188,18 of 22,12 of 12,66 of 159,14 of 20,30 of 43
W,Natan Levy,0,67 of 135,49%,69 of 137,6 of 10,60%,0,0,4:40,22 of 79,25 of 34,20 of 22,66 of 134,1 of 1,0 of 0
L,Genaro Valdez,0,49 of 158,31%,62 of 173,0 of 0,---,0,0,0:01,26 of 121,10 of 22,13 of 15,41 of 148,5 of 7,3 of 3
L,Marcelo Rojo,0,31 of 47,65%,48 of 65,0 of 0,---,0,0,0:00,20 of 35,4 of 5,7 of 7,24 of 39,2 of 2,5 of 6
W,Francis Marshall,1,23 of 81,28%,29 of 89,1 of 3,33%,0,0,2:47,20 of 78,2 of 2,1 of 1,15 of 72,2 of 2,6 of 7
W,Yazmin Jauregui,2,67 of 154,43%,103 of 200,0 of 3,0%,0,0,2:50,54 of 135,6 of 11,7 of 8,38 of 109,7 of 12,22 of 33
L,Istela Nunes,1,36 of 60,60%,39 of 63,0 of 0,---,0,0,0:15,20 of 41,12 of 14,4 of 5,28 of 50,8 of 8,0 of 2
W,Kennedy Nzechukwu,1,24 of 42,57%,24 of 42,0 of 1,0%,0,0,1:14,22 of 40,2 of 2,0 of 0,15 of 32,0 of 0,9 of 10
L,Ion Cutelaba,0,9 of 26,34%,30 of 57,2 of 8,25%,0,0,3:32,7 of 23,0 of 1,2 of 2,8 of 24,0 of 1,1 of 1
L,Chase Sherman,0,66 of 177,37%,73 of 187,1 of 2,50%,0,0,1:34,25 of 130,16 of 19,25 of 28,66 of 174,0 of 3,0 of 0
W,Waldo Cortes Acosta,0,147 of 278,52%,149 of 282,0 of 0,---,0,0,0:13,124 of 247,17 of 25,6 of 6,142 of 271,5 of 7,0 of 0
L,Andre Fialho,0,17 of 66,25%,29 of 80,0 of 0,---,0,0,0:20,10 of 55,4 of 6,3 of 5,14 of 60,3 of 6,0 of 0
W,Muslim Salikhov,0,56 of 95,58%,77 of 123,1 of 3,33%,0,0,3:07,38 of 70,14 of 21,4 of 4,35 of 60,3 of 8,18 of 27
W,Jack Della Maddalena,2,33 of 60,55%,41 of 68,0 of 0,---,0,0,0:34,23 of 41,9 of 16,1 of 3,27 of 50,2 of 2,4 of 8
L,Danny Roberts,0,5 of 33,15%,5 of 33,0 of 1,0%,0,0,0:15,2 of 29,1 of 2,2 of 2,4 of 32,1 of 1,0 of 0
W,Charles Johnson,0,115 of 209,55%,141 of 237,0 of 2,0%,0,0,0:57,64 of 142,41 of 54,10 of 13,101 of 191,14 of 18,0 of 0
L,Zhalgas Zhumagulov,0,119 of 234,50%,141 of 258,1 of 4,25%,0,0,1:03,36 of 119,34 of 62,49 of 53,112 of 225,6 of 8,1 of 1
W,Jennifer Maia,0,109 of 253,43%,117 of 261,0 of 0,---,0,0,1:44,84 of 224,14 of 18,11 of 11,101 of 242,8 of 11,0 of 0
L,Maryna Moroz,0,80 of 272,29%,84 of 276,0 of 0,---,0,0,0:00,55 of 237,14 of 23,11 of 12,78 of 269,2 of 3,0 of 0
L,Vince Morales,0,39 of 131,29%,47 of 139,0 of 0,---,0,0,0:05,28 of 112,9 of 15,2 of 4,36 of 127,3 of 4,0 of 0
W,Miles Johns,0,38 of 103,36%,45 of 110,1 of 12,8%,0,0,2:08,28 of 92,4 of 5,6 of 6,38 of 102,0 of 1,0 of 0
W,Ricky Turcios,0,68 of 115,59%,170 of 224,2 of 5,40%,1,3,6:17,65 of 112,1 of 1,2 of 2,28 of 63,5 of 11,35 of 41
L,Kevin Natividad,1,41 of 81,50%,61 of 109,7 of 13,53%,0,0,5:00,33 of 70,5 of 7,3 of 4,23 of 55,5 of 9,13 of 17
W,Vanessa Demopoulos,1,55 of 80,68%,121 of 154,2 of 4,50%,0,0,7:59,44 of 68,5 of 5,6 of 7,18 of 39,3 of 3,34 of 38
L,Maria Oliveira,0,83 of 154,53%,95 of 166,0 of 0,---,0,0,0:01,55 of 124,20 of 21,8 of 9,80 of 151,3 of 3,0 of 0
W,Brady Hiestand,0,19 of 34,55%,56 of 82,3 of 8,37%,1,0,9:14,10 of 23,4 of 5,5 of 6,16 of 31,2 of 2,1 of 1
L,Fernie Garcia,0,21 of 44,47%,86 of 125,1 of 2,50%,1,1,1:22,13 of 36,1 of 1,7 of 7,20 of 43,0 of 0,1 of 1
W,Natalia Silva,1,45 of 72,62%,62 of 89,0 of 3,0%,0,1,2:13,26 of 50,7 of 9,12 of 13,41 of 65,1 of 3,3 of 4
L,Tereza Bleda,0,18 of 47,38%,25 of 55,1 of 7,14%,2,0,4:56,8 of 33,7 of 10,3 of 4,13 of 40,5 of 7,0 of 0
L,Israel Adesanya,0,86 of 162,53%,119 of 209,1 of 4,25%,0,0,6:34,41 of 103,21 of 29,24 of 30,77 of 148,3 of 4,6 of 10
W,Alex Pereira,0,91 of 157,57%,140 of 214,1 of 1,100%,0,0,0:31,42 of 89,27 of 33,22 of 35,76 of 139,14 of 17,1 of 1
L,Carla Esparza,0,6 of 32,18%,19 of 50,1 of 4,25%,0,1,0:55,6 of 31,0 of 1,0 of 0,6 of 31,0 of 0,0 of 1
W,Zhang Weili,0,37 of 78,47%,42 of 90,0 of 0,---,1,1,1:30,20 of 58,8 of 9,9 of 11,24 of 63,0 of 0,13 of 15
W,Dustin Poirier,0,38 of 76,50%,63 of 105,0 of 0,---,2,0,0:47,34 of 71,2 of 2,2 of 3,32 of 66,3 of 4,3 of 6
L,Michael Chandler,0,43 of 100,43%,65 of 135,3 of 7,42%,0,0,5:39,32 of 80,10 of 17,1 of 3,25 of 76,2 of 2,16 of 22
L,Frankie Edgar,0,2 of 12,16%,2 of 12,0 of 0,---,0,0,0:00,0 of 5,0 of 1,2 of 6,2 of 12,0 of 0,0 of 0
W,Chris Gutierrez,1,10 of 20,50%,10 of 20,0 of 0,---,0,0,0:01,6 of 14,0 of 1,4 of 5,10 of 20,0 of 0,0 of 0
W,Dan Hooker,1,29 of 63,46%,37 of 73,0 of 0,---,1,0,2:08,8 of 34,13 of 16,8 of 13,24 of 58,0 of 0,5 of 5
L,Claudio Puelles,0,5 of 18,27%,5 of 18,0 of 8,0%,1,0,0:08,1 of 12,3 of 5,1 of 1,5 of 18,0 of 0,0 of 0
L,Brad Riddell,0,14 of 25,56%,14 of 25,0 of 1,0%,0,0,0:14,6 of 16,6 of 7,2 of 2,14 of 25,0 of 0,0 of 0
W,Renato Moicano,0,10 of 33,30%,11 of 35,0 of 1,0%,1,0,0:34,10 of 32,0 of 0,0 of 1,10 of 33,0 of 0,0 of 0
L,Dominick Reyes,0,5 of 12,41%,5 of 12,0 of 0,---,0,0,0:00,1 of 8,4 of 4,0 of 0,5 of 12,0 of 0,0 of 0
W,Ryan Spann,1,8 of 17,47%,8 of 17,0 of 1,0%,0,0,0:03,7 of 16,1 of 1,0 of 0,7 of 16,0 of 0,1 of 1
W,Erin Blanchfield,0,25 of 38,65%,93 of 115,1 of 1,100%,2,0,2:48,22 of 34,1 of 2,2 of 2,7 of 19,0 of 0,18 of 19
L,Molly McCann,0,7 of 13,53%,7 of 13,0 of 0,---,0,0,0:00,2 of 7,3 of 3,2 of 3,7 of 13,0 of 0,0 of 0
W,Andre Petroski,0,42 of 96,43%,58 of 119,8 of 11,72%,2,0,7:59,32 of 83,9 of 11,1 of 2,32 of 78,3 of 3,7 of 15
L,Wellington Turman,0,41 of 86,47%,71 of 118,1 of 3,33%,1,0,1:40,22 of 54,12 of 23,7 of 9,38 of 82,0 of 1,3 of 3
W,Matt Frevola,1,11 of 27,40%,12 of 28,0 of 0,---,0,0,0:02,10 of 24,1 of 2,0 of 1,7 of 22,2 of 3,2 of 2
L,Ottman Azaitar,0,10 of 22,45%,11 of 23,0 of 0,---,0,0,0:00,6 of 17,4 of 5,0 of 0,10 of 21,0 of 1,0 of 0
W,Karolina Kowalkiewicz,0,74 of 202,36%,90 of 230,2 of 2,100%,0,0,4:03,55 of 170,13 of 25,6 of 7,71 of 198,3 of 4,0 of 0
L,Silvana Gomez Juarez,0,77 of 263,29%,79 of 267,0 of 0,---,0,0,0:10,46 of 224,24 of 30,7 of 9,75 of 259,2 of 4,0 of 0
W,Michael Trizano,2,32 of 53,60%,34 of 55,0 of 0,---,0,0,0:14,28 of 49,2 of 2,2 of 2,21 of 40,1 of 1,10 of 12
L,SeungWoo Choi,1,26 of 73,35%,26 of 74,0 of 1,0%,0,0,0:12,19 of 61,3 of 7,4 of 5,25 of 70,1 of 3,0 of 0
L,Julio Arce,0,26 of 126,20%,44 of 156,1 of 2,50%,0,0,0:06,13 of 102,8 of 17,5 of 7,25 of 124,1 of 2,0 of 0
W,Montel Jackson,1,48 of 106,45%,64 of 127,0 of 3,0%,0,0,5:55,39 of 95,5 of 7,4 of 4,33 of 82,4 of 5,11 of 19
W,Carlos Ulberg,1,14 of 23,60%,14 of 23,0 of 0,---,0,0,0:05,8 of 15,2 of 2,4 of 6,12 of 20,0 of 0,2 of 3
L,Nicolae Negumereanu,0,2 of 14,14%,2 of 14,0 of 0,---,0,0,0:00,0 of 7,1 of 4,1 of 3,2 of 14,0 of 0,0 of 0
L,Marina Rodriguez,0,19 of 52,36%,44 of 78,0 of 0,---,0,0,0:15,6 of 26,3 of 8,10 of 18,18 of 51,0 of 0,1 of 1
W,Amanda Lemos,0,29 of 53,54%,43 of 67,1 of 2,50%,1,0,3:06,16 of 36,10 of 13,3 of 4,25 of 48,3 of 4,1 of 1
W,Neil Magny,0,57 of 109,52%,106 of 169,5 of 7,71%,1,0,4:08,38 of 85,16 of 21,3 of 3,46 of 94,10 of 14,1 of 1
L,Daniel Rodriguez,0,66 of 108,61%,71 of 113,0 of 1,0%,0,0,1:16,36 of 76,15 of 17,15 of 15,63 of 103,3 of 3,0 of 2
L,Darrick Minner,0,5 of 5,100%,5 of 5,0 of 0,---,0,0,0:00,0 of 0,2 of 2,3 of 3,5 of 5,0 of 0,0 of 0
W,Shayilan Nuerdanbieke,1,19 of 36,52%,32 of 50,0 of 0,---,0,0,0:33,19 of 36,0 of 0,0 of 0,4 of 10,0 of 0,15 of 26
W,Tagir Ulanbekov,0,4 of 9,44%,9 of 14,1 of 2,50%,1,0,1:34,4 of 8,0 of 1,0 of 0,2 of 6,0 of 1,2 of 2
L,Nate Maness,0,4 of 10,40%,23 of 30,0 of 0,---,0,0,0:00,2 of 8,1 of 1,1 of 1,3 of 9,0 of 0,1 of 1
W,Grant Dawson,1,33 of 49,67%,73 of 96,2 of 6,33%,2,0,9:31,17 of 31,5 of 7,11 of 11,25 of 37,1 of 1,7 of 11
L,Mark Madsen,0,15 of 30,50%,50 of 70,0 of 0,---,0,0,0:24,11 of 26,3 of 3,1 of 1,11 of 23,0 of 0,4 of 7
W,Miranda Maverick,0,63 of 108,58%,172 of 240,5 of 8,62%,1,0,9:14,43 of 85,14 of 16,6 of 7,38 of 80,3 of 3,22 of 25
L,Shanna Young,0,29 of 82,35%,29 of 82,0 of 0,---,0,0,0:00,20 of 73,5 of 5,4 of 4,29 of 82,0 of 0,0 of 0
W,Mario Bautista,0,44 of 67,65%,49 of 72,1 of 1,100%,3,0,2:36,20 of 41,12 of 13,12 of 13,32 of 52,0 of 0,12 of 15
L,Benito Lopez,0,17 of 25,68%,17 of 25,0 of 0,---,0,0,0:00,6 of 14,2 of 2,9 of 9,13 of 21,0 of 0,4 of 4
W,Polyana Viana,1,11 of 18,61%,11 of 18,0 of 0,---,0,0,0:03,10 of 17,1 of 1,0 of 0,9 of 16,0 of 0,2 of 2
L,Jinh Yu Frey,0,6 of 14,42%,6 of 14,0 of 0,---,0,0,0:00,0 of 5,3 of 6,3 of 3,6 of 14,0 of 0,0 of 0
L,Liudvik Sholinian,0,56 of 152,36%,70 of 166,0 of 2,0%,0,0,1:30,42 of 137,12 of 13,2 of 2,46 of 142,7 of 7,3 of 3
W,Johnny Munoz,0,78 of 227,34%,114 of 270,2 of 4,50%,0,0,2:39,55 of 196,16 of 20,7 of 11,72 of 221,3 of 3,3 of 3
L,Carlos Candelario,0,69 of 148,46%,69 of 148,1 of 1,100%,0,0,1:39,31 of 100,22 of 31,16 of 17,67 of 146,2 of 2,0 of 0
W,Jake Hadley,0,90 of 169,53%,107 of 188,0 of 0,---,1,0,0:00,45 of 118,24 of 30,21 of 21,65 of 142,2 of 3,23 of 24
W,Tamires Vidal,1,17 of 29,58%,22 of 34,0 of 1,0%,0,0,0:56,6 of 17,7 of 8,4 of 4,13 of 25,4 of 4,0 of 0
L,Ramona Pascual,0,13 of 14,92%,17 of 18,0 of 0,---,0,0,0:23,3 of 4,5 of 5,5 of 5,10 of 10,3 of 4,0 of 0
L,Calvin Kattar,0,14 of 58,24%,14 of 58,0 of 0,---,0,0,0:00,5 of 47,6 of 8,3 of 3,14 of 58,0 of 0,0 of 0
W,Arnold Allen,0,28 of 67,41%,28 of 67,0 of 0,---,0,0,0:23,21 of 55,2 of 5,5 of 7,27 of 62,0 of 0,1 of 5
L,Tim Means,0,47 of 115,40%,143 of 215,3 of 5,60%,0,0,1:27,18 of 64,18 of 36,11 of 15,37 of 103,7 of 9,3 of 3
W,Max Griffin,1,42 of 78,53%,56 of 96,3 of 6,50%,0,0,5:13,25 of 52,9 of 15,8 of 11,35 of 66,1 of 1,6 of 11
W,Waldo Cortes Acosta,0,73 of 158,46%,73 of 158,0 of 0,---,0,0,0:03,41 of 117,26 of 32,6 of 9,73 of 157,0 of 1,0 of 0
L,Jared Vanderaa,0,56 of 138,40%,59 of 143,0 of 1,0%,0,0,0:13,12 of 92,5 of 5,39 of 41,52 of 128,4 of 10,0 of 0
L,Josh Fremd,0,24 of 54,44%,27 of 57,0 of 1,0%,0,0,0:39,8 of 35,11 of 14,5 of 5,20 of 47,4 of 7,0 of 0
W,Tresean Gore,0,10 of 20,50%,14 of 25,3 of 4,75%,1,0,2:46,7 of 14,1 of 2,2 of 4,9 of 15,1 of 5,0 of 0
L,Dustin Jacoby,0,120 of 255,47%,122 of 257,0 of 3,0%,0,0,0:05,69 of 194,27 of 34,24 of 27,116 of 250,4 of 5,0 of 0
W,Khalil Rountree Jr.,0,85 of 237,35%,88 of 241,0 of 0,---,0,0,0:00,49 of 193,18 of 23,18 of 21,80 of 231,5 of 6,0 of 0
L,Phil Hawes,0,11 of 26,42%,15 of 31,1 of 1,100%,0,0,0:46,5 of 15,5 of 9,1 of 2,11 of 26,0 of 0,0 of 0
W,Roman Dolidze,1,18 of 42,42%,29 of 57,0 of 0,---,1,0,0:02,15 of 38,2 of 3,1 of 1,14 of 36,2 of 4,2 of 2
L,Andrei Arlovski,0,2 of 5,40%,3 of 6,0 of 0,---,0,0,0:00,1 of 3,0 of 1,1 of 1,2 of 5,0 of 0,0 of 0
W,Marcos Rogerio de Lima,1,6 of 11,54%,25 of 33,0 of 0,---,1,0,1:30,3 of 8,1 of 1,2 of 2,5 of 9,0 of 0,1 of 2
L,Joseph Holmes,0,20 of 40,50%,21 of 42,0 of 0,---,0,1,0:39,8 of 24,5 of 7,7 of 9,19 of 37,0 of 1,1 of 2
W,JunYong Park,0,18 of 33,54%,48 of 76,2 of 4,50%,2,0,4:37,13 of 26,0 of 0,5 of 7,14 of 28,0 of 0,4 of 5
L,Chase Hooper,0,10 of 30,33%,10 of 32,0 of 1,0%,0,0,0:00,7 of 25,2 of 4,1 of 1,10 of 30,0 of 0,0 of 0
W,Steve Garcia,3,29 of 44,65%,31 of 46,0 of 0,---,0,0,0:17,19 of 33,7 of 8,3 of 3,26 of 40,0 of 0,3 of 4
W,Cody Durden,0,17 of 37,45%,51 of 95,4 of 8,50%,0,0,12:32,13 of 33,3 of 3,1 of 1,7 of 20,0 of 0,10 of 17
L,Carlos Mota,0,12 of 29,41%,36 of 62,0 of 0,---,1,1,0:11,6 of 19,5 of 9,1 of 1,7 of 22,0 of 0,5 of 7
W,Christian Rodriguez,0,9 of 23,39%,15 of 30,0 of 2,0%,1,0,0:56,8 of 21,0 of 0,1 of 2,8 of 21,0 of 1,1 of 1
L,Joshua Weems,0,18 of 26,69%,22 of 32,2 of 3,66%,0,0,1:03,9 of 15,6 of 7,3 of 4,12 of 19,6 of 7,0 of 0
L,Charles Oliveira,0,19 of 39,48%,25 of 46,0 of 1,0%,0,0,0:42,7 of 23,12 of 15,0 of 1,10 of 26,7 of 8,2 of 5
W,Islam Makhachev,1,30 of 41,73%,72 of 86,2 of 3,66%,1,0,5:05,25 of 35,5 of 6,0 of 0,21 of 31,5 of 5,4 of 5
W,Aljamain Sterling,0,72 of 93,77%,148 of 181,5 of 8,62%,2,0,7:06,56 of 75,13 of 15,3 of 3,17 of 30,2 of 4,53 of 59
L,TJ Dillashaw,0,8 of 26,30%,13 of 31,0 of 0,---,0,0,0:03,3 of 20,2 of 2,3 of 4,8 of 26,0 of 0,0 of 0
L,Petr Yan,0,58 of 96,60%,97 of 139,6 of 13,46%,0,0,5:44,24 of 57,13 of 18,21 of 21,47 of 81,5 of 6,6 of 9
W,Sean O'Malley,0,84 of 163,51%,91 of 171,0 of 1,0%,0,0,0:02,63 of 132,6 of 14,15 of 17,80 of 158,4 of 4,0 of 1
W,Beneil Dariush,1,59 of 130,45%,67 of 138,0 of 0,---,0,0,0:34,35 of 100,15 of 21,9 of 9,52 of 121,2 of 3,5 of 6
L,Mateusz Gamrot,0,33 of 81,40%,38 of 86,4 of 19,21%,0,0,2:07,22 of 67,9 of 12,2 of 2,29 of 76,4 of 5,0 of 0
L,Katlyn Cerminara,0,76 of 286,26%,76 of 286,0 of 0,---,0,0,0:00,35 of 223,21 of 40,20 of 23,72 of 278,4 of 8,0 of 0
W,Manon Fiorot,0,98 of 279,35%,99 of 280,1 of 2,50%,0,0,0:14,58 of 225,16 of 28,24 of 26,96 of 273,2 of 5,0 of 1
W,Belal Muhammad,0,80 of 209,38%,80 of 209,0 of 0,---,0,0,0:00,64 of 183,11 of 19,5 of 7,79 of 206,1 of 3,0 of 0
L,Sean Brady,0,58 of 118,49%,58 of 118,0 of 5,0%,0,0,0:00,40 of 98,4 of 6,14 of 14,57 of 117,1 of 1,0 of 0
L,Makhmud Muradov,0,14 of 35,40%,76 of 103,2 of 2,100%,0,1,4:44,10 of 28,3 of 6,1 of 1,7 of 20,0 of 0,7 of 15
W,Caio Borralho,0,19 of 32,59%,57 of 77,1 of 2,50%,2,3,5:32,13 of 23,1 of 4,5 of 5,10 of 23,0 of 0,9 of 9
L,Volkan Oezdemir,0,42 of 81,51%,108 of 157,1 of 1,100%,0,0,0:47,35 of 72,3 of 3,4 of 6,34 of 68,5 of 9,3 of 4
W,Nikita Krylov,0,57 of 121,47%,171 of 251,7 of 20,35%,1,0,9:17,42 of 100,12 of 18,3 of 3,38 of 93,12 of 17,7 of 11
W,Abubakar Nurmagomedov,0,40 of 67,59%,76 of 104,1 of 4,25%,0,0,7:55,29 of 55,5 of 6,6 of 6,36 of 61,3 of 4,1 of 2
L,Gadzhi Omargadzhiev,0,38 of 99,38%,79 of 142,1 of 7,14%,0,0,1:08,22 of 69,13 of 26,3 of 4,25 of 81,12 of 14,1 of 4
W,Armen Petrosyan,0,118 of 246,47%,118 of 246,0 of 1,0%,0,0,0:00,31 of 151,35 of 39,52 of 56,106 of 233,12 of 13,0 of 0
L,AJ Dobson,0,58 of 161,36%,64 of 168,3 of 3,100%,0,0,0:49,38 of 136,9 of 14,11 of 11,50 of 149,8 of 12,0 of 0
W,Muhammad Mokaev,0,21 of 30,70%,119 of 130,6 of 7,85%,1,0,10:18,13 of 22,8 of 8,0 of 0,9 of 18,0 of 0,12 of 12
L,Malcolm Gordon,0,17 of 38,44%,38 of 62,1 of 1,100%,1,1,2:49,15 of 35,2 of 2,0 of 1,5 of 26,5 of 5,7 of 7
W,Karol Rosa,0,54 of 74,72%,160 of 190,3 of 6,50%,0,0,9:44,31 of 46,13 of 16,10 of 12,24 of 38,15 of 20,15 of 16
L,Lina Lansberg,1,36 of 60,60%,100 of 132,0 of 0,---,0,0,2:48,15 of 39,20 of 20,1 of 1,18 of 42,16 of 16,2 of 2
W,Alexa Grasso,0,153 of 311,49%,193 of 353,0 of 0,---,0,0,0:00,101 of 243,33 of 45,19 of 23,143 of 298,9 of 12,1 of 1
L,Viviane Araujo,0,126 of 264,47%,148 of 288,2 of 10,20%,0,0,3:29,103 of 235,17 of 22,6 of 7,124 of 261,0 of 1,2 of 2
L,Cub Swanson,0,51 of 79,64%,60 of 88,1 of 1,100%,0,0,0:20,10 of 35,9 of 10,32 of 34,48 of 73,3 of 5,0 of 1
W,Jonathan Martinez,2,62 of 102,60%,66 of 106,0 of 1,0%,0,1,3:30,40 of 77,15 of 18,7 of 7,37 of 64,12 of 14,13 of 24
L,Jordan Wright,0,25 of 41,60%,66 of 83,3 of 5,60%,1,0,5:03,20 of 35,5 of 6,0 of 0,7 of 18,7 of 9,11 of 14
W,Dusko Todorovic,0,61 of 80,76%,107 of 132,0 of 4,0%,0,0,1:11,49 of 68,12 of 12,0 of 0,19 of 29,28 of 31,14 of 20
W,Raphael Assuncao,0,60 of 91,65%,78 of 110,2 of 5,40%,0,0,4:29,40 of 65,8 of 12,12 of 14,42 of 70,15 of 16,3 of 5
L,Victor Henry,0,55 of 126,43%,61 of 134,0 of 1,0%,0,0,0:03,23 of 85,22 of 26,10 of 15,51 of 120,4 of 6,0 of 0
L,Misha Cirkunov,0,5 of 8,62%,6 of 9,0 of 4,0%,0,0,0:00,2 of 5,2 of 2,1 of 1,3 of 6,2 of 2,0 of 0
W,Alonzo Menifield,1,8 of 17,47%,8 of 17,0 of 0,---,0,0,0:03,6 of 15,2 of 2,0 of 0,4 of 12,1 of 2,3 of 3
W,Mana Martinez,2,87 of 161,54%,87 of 162,1 of 4,25%,0,0,0:45,45 of 108,25 of 34,17 of 19,82 of 154,3 of 5,2 of 2
L,Brandon Davis,0,76 of 181,41%,84 of 189,1 of 3,33%,0,0,1:31,43 of 139,16 of 24,17 of 18,69 of 170,3 of 4,4 of 7
L,Nick Maximov,0,34 of 102,33%,56 of 124,0 of 0,---,0,0,0:04,29 of 96,4 of 5,1 of 1,34 of 101,0 of 0,0 of 1
W,Jacob Malkoun,0,83 of 164,50%,129 of 214,9 of 13,69%,0,0,7:37,78 of 158,4 of 5,1 of 1,66 of 141,4 of 8,13 of 15
W,Joanderson Brito,0,4 of 8,50%,7 of 11,2 of 2,100%,1,0,1:25,2 of 5,0 of 0,2 of 3,0 of 4,4 of 4,0 of 0
L,Lucas Alexander,0,1 of 2,50%,1 of 2,0 of 0,---,0,0,0:00,0 of 1,0 of 0,1 of 1,1 of 2,0 of 0,0 of 0
W,Piera Rodriguez,0,83 of 160,51%,89 of 166,5 of 11,45%,0,0,1:56,32 of 101,42 of 48,9 of 11,47 of 122,33 of 35,3 of 3
L,Sam Hughes,0,69 of 155,44%,78 of 164,0 of 1,0%,0,0,0:30,55 of 135,11 of 15,3 of 5,55 of 140,14 of 14,0 of 1
W,Tatsuro Taira,0,22 of 36,61%,31 of 46,3 of 8,37%,2,0,6:19,14 of 28,5 of 5,3 of 3,15 of 26,3 of 4,4 of 6
L,CJ Vergara,0,19 of 30,63%,29 of 40,0 of 0,---,0,1,0:36,13 of 23,5 of 6,1 of 1,12 of 23,3 of 3,4 of 4
L,Mike Jackson,0,10 of 15,66%,11 of 16,0 of 1,0%,0,0,0:00,8 of 13,2 of 2,0 of 0,9 of 14,1 of 1,0 of 0
W,Pete Rodriguez,1,22 of 33,66%,26 of 39,0 of 0,---,0,0,0:15,12 of 23,8 of 8,2 of 2,13 of 21,6 of 8,3 of 4
L,Mackenzie Dern,0,61 of 151,40%,224 of 339,2 of 11,18%,2,2,9:19,45 of 132,10 of 13,6 of 6,52 of 136,3 of 7,6 of 8
W,Yan Xiaonan,0,113 of 195,57%,151 of 240,0 of 0,---,0,0,4:11,53 of 126,14 of 21,46 of 48,100 of 178,6 of 9,7 of 8
W,Randy Brown,1,60 of 141,42%,65 of 148,0 of 1,0%,1,1,0:38,30 of 101,10 of 16,20 of 24,56 of 136,0 of 1,4 of 4
L,Francisco Trinaldo,0,40 of 67,59%,82 of 111,1 of 4,25%,0,0,5:21,20 of 44,9 of 12,11 of 11,33 of 59,0 of 1,7 of 7
W,Raoni Barcelos,1,73 of 119,61%,119 of 171,2 of 5,40%,0,0,7:07,51 of 95,19 of 21,3 of 3,39 of 75,2 of 3,32 of 41
L,Trevin Jones,0,11 of 57,19%,15 of 61,0 of 2,0%,0,0,0:00,5 of 47,3 of 7,3 of 3,11 of 56,0 of 1,0 of 0
W,Sodiq Yusuff,0,9 of 9,100%,9 of 9,0 of 0,---,1,0,0:02,1 of 1,8 of 8,0 of 0,2 of 2,7 of 7,0 of 0
L,Don Shainis,0,3 of 3,100%,9 of 9,0 of 1,0%,0,0,0:11,0 of 0,3 of 3,0 of 0,1 of 1,2 of 2,0 of 0
W,Mike Davis,0,65 of 133,48%,101 of 174,9 of 11,81%,1,0,8:02,53 of 118,5 of 7,7 of 8,27 of 75,1 of 1,37 of 57
L,Viacheslav Borshchev,0,63 of 118,53%,84 of 139,0 of 0,---,0,1,0:14,29 of 81,10 of 13,24 of 24,62 of 115,0 of 0,1 of 3
L,John Castaneda,1,57 of 106,53%,67 of 118,3 of 6,50%,0,0,2:04,45 of 89,8 of 13,4 of 4,41 of 87,8 of 10,8 of 9
W,Daniel Santos,1,69 of 134,51%,71 of 137,2 of 4,50%,0,0,0:52,52 of 111,14 of 19,3 of 4,53 of 114,14 of 18,2 of 2
W,Ilir Latifi,0,38 of 48,79%,74 of 88,3 of 6,50%,0,0,8:29,32 of 40,6 of 8,0 of 0,18 of 27,5 of 6,15 of 15
L,Aleksei Oleinik,0,28 of 70,40%,68 of 113,0 of 0,---,0,0,0:02,9 of 46,7 of 9,12 of 15,27 of 66,1 of 4,0 of 0
W,Joaquim Silva,1,45 of 90,50%,51 of 96,0 of 0,---,0,0,0:11,26 of 67,12 of 16,7 of 7,38 of 76,0 of 0,7 of 14
L,Jesse Ronson,0,39 of 83,46%,39 of 83,0 of 1,0%,0,0,0:00,22 of 55,11 of 18,6 of 10,39 of 83,0 of 0,0 of 0
L,Krzysztof Jotko,0,3 of 6,50%,21 of 26,0 of 0,---,0,0,1:33,3 of 5,0 of 1,0 of 0,0 of 3,0 of 0,3 of 3
W,Brendan Allen,0,3 of 6,50%,12 of 16,1 of 1,100%,1,1,2:24,1 of 4,1 of 1,1 of 1,2 of 4,0 of 0,1 of 2
L,Julija Stoliarenko,0,12 of 27,44%,20 of 36,1 of 3,33%,0,0,0:19,5 of 18,3 of 4,4 of 5,12 of 27,0 of 0,0 of 0
W,Chelsea Chandler,0,38 of 70,54%,47 of 81,0 of 0,---,0,0,2:05,34 of 64,4 of 6,0 of 0,17 of 43,0 of 0,21 of 27
W,Guido Cannetti,0,8 of 13,61%,8 of 13,1 of 1,100%,1,0,0:09,1 of 5,3 of 3,4 of 5,8 of 13,0 of 0,0 of 0
L,Randy Costa,0,2 of 7,28%,2 of 7,0 of 0,---,0,0,0:00,0 of 3,2 of 4,0 of 0,2 of 7,0 of 0,0 of 0
W,Cory Sandhagen,0,94 of 222,42%,130 of 259,1 of 14,7%,0,0,3:47,62 of 186,17 of 21,15 of 15,86 of 213,5 of 6,3 of 3
L,Song Yadong,0,54 of 145,37%,130 of 224,2 of 2,100%,0,0,1:39,36 of 125,13 of 15,5 of 5,44 of 132,10 of 13,0 of 0
L,Chidi Njokuani,0,44 of 65,67%,47 of 68,0 of 0,---,0,0,1:40,13 of 25,28 of 37,3 of 3,19 of 35,25 of 30,0 of 0
W,Gregory Rodrigues,1,48 of 90,53%,60 of 102,1 of 3,33%,0,0,1:14,34 of 74,13 of 14,1 of 2,24 of 48,17 of 21,7 of 21
W,Andre Fili,0,59 of 142,41%,67 of 151,1 of 3,33%,2,0,4:18,48 of 125,6 of 10,5 of 7,59 of 141,0 of 1,0 of 0
L,Bill Algeo,0,81 of 170,47%,151 of 246,0 of 3,0%,0,0,0:07,38 of 113,17 of 27,26 of 30,80 of 168,1 of 2,0 of 0
W,Joe Pyfer,1,14 of 45,31%,14 of 45,0 of 0,---,0,0,0:03,12 of 42,1 of 2,1 of 1,13 of 44,0 of 0,1 of 1
L,Alen Amedovski,0,11 of 30,36%,11 of 30,0 of 0,---,0,0,0:00,4 of 19,2 of 4,5 of 7,11 of 30,0 of 0,0 of 0
L,Tanner Boser,0,62 of 115,53%,163 of 220,0 of 0,---,0,1,0:58,40 of 87,13 of 16,9 of 12,59 of 112,1 of 1,2 of 2
W,Rodrigo Nascimento,0,36 of 86,41%,91 of 149,3 of 7,42%,1,0,8:01,32 of 81,4 of 5,0 of 0,30 of 80,4 of 4,2 of 2
W,Anthony Hernandez,0,39 of 60,65%,58 of 84,8 of 14,57%,2,0,8:45,31 of 52,8 of 8,0 of 0,18 of 35,8 of 12,13 of 13
L,Marc-Andre Barriault,0,25 of 53,47%,34 of 62,0 of 0,---,0,0,0:25,16 of 44,9 of 9,0 of 0,15 of 42,10 of 11,0 of 0
W,Damon Jackson,0,11 of 20,55%,16 of 27,1 of 1,100%,0,0,0:32,11 of 20,0 of 0,0 of 0,3 of 4,1 of 1,7 of 15
L,Pat Sabatini,0,1 of 3,33%,1 of 3,0 of 1,0%,0,0,0:00,1 of 3,0 of 0,0 of 0,1 of 3,0 of 0,0 of 0
W,Trevin Giles,0,25 of 46,54%,45 of 66,2 of 5,40%,0,0,2:09,10 of 29,2 of 4,13 of 13,25 of 45,0 of 1,0 of 0
L,Louis Cosce,0,10 of 38,26%,21 of 49,1 of 1,100%,1,0,3:36,5 of 29,3 of 5,2 of 4,9 of 37,1 of 1,0 of 0
L,Denise Gomes,0,19 of 34,55%,45 of 66,0 of 6,0%,3,2,5:31,13 of 25,2 of 3,4 of 6,13 of 25,6 of 9,0 of 0
W,Loma Lookboonmee,0,48 of 67,71%,87 of 115,4 of 5,80%,0,1,7:01,31 of 49,11 of 12,6 of 6,14 of 23,8 of 9,26 of 35
W,Trey Ogden,0,71 of 168,42%,72 of 169,1 of 9,11%,0,0,0:38,22 of 109,7 of 13,42 of 46,71 of 168,0 of 0,0 of 0
L,Daniel Zellhuber,0,52 of 178,29%,52 of 178,0 of 0,---,0,0,0:00,19 of 125,21 of 40,12 of 13,52 of 178,0 of 0,0 of 0
L,Mariya Agapova,0,39 of 58,67%,84 of 107,0 of 0,---,1,0,0:29,36 of 53,3 of 5,0 of 0,9 of 27,5 of 6,25 of 25
W,Gillian Robertson,0,4 of 14,28%,7 of 20,3 of 7,42%,1,0,4:47,0 of 5,1 of 2,3 of 7,4 of 14,0 of 0,0 of 0
L,Tony Gravely,0,33 of 113,29%,39 of 119,2 of 13,15%,0,0,1:43,17 of 84,2 of 11,14 of 18,30 of 106,3 of 7,0 of 0
W,Javid Basharat,0,80 of 149,53%,106 of 177,2 of 4,50%,0,0,3:13,50 of 113,24 of 30,6 of 6,69 of 134,6 of 10,5 of 5
W,Nikolas Motta,1,24 of 45,53%,24 of 45,0 of 0,---,0,0,0:05,22 of 41,1 of 3,1 of 1,15 of 35,0 of 0,9 of 10
L,Cameron VanCamp,0,15 of 40,37%,15 of 40,0 of 0,---,0,0,0:00,7 of 26,4 of 10,4 of 4,15 of 40,0 of 0,0 of 0
W,Nate Diaz,0,101 of 217,46%,101 of 217,0 of 0,---,1,0,0:00,71 of 178,21 of 30,9 of 9,99 of 214,2 of 3,0 of 0
L,Tony Ferguson,0,80 of 172,46%,80 of 172,1 of 3,33%,0,0,0:08,23 of 106,23 of 27,34 of 39,80 of 172,0 of 0,0 of 0
W,Khamzat Chimaev,0,0 of 1,0%,1 of 2,2 of 5,40%,2,0,1:56,0 of 1,0 of 0,0 of 0,0 of 0,0 of 0,0 of 1
L,Kevin Holland,0,0 of 0,---,0 of 0,0 of 0,---,0,0,0:00,0 of 0,0 of 0,0 of 0,0 of 0,0 of 0,0 of 0
L,Li Jingliang,0,78 of 175,44%,78 of 175,1 of 1,100%,0,0,0:02,25 of 103,23 of 34,30 of 38,78 of 174,0 of 0,0 of 1
W,Daniel Rodriguez,0,88 of 185,47%,89 of 186,0 of 0,---,0,0,0:00,54 of 140,17 of 23,17 of 22,88 of 185,0 of 0,0 of 0
W,Irene Aldana,1,37 of 71,52%,51 of 85,0 of 0,---,2,0,1:00,24 of 57,5 of 5,8 of 9,19 of 51,3 of 3,15 of 17
L,Macy Chiasson,0,39 of 94,41%,72 of 140,3 of 8,37%,0,0,3:28,26 of 80,7 of 8,6 of 6,31 of 75,0 of 0,8 of 19
W,Johnny Walker,0,3 of 3,100%,17 of 21,1 of 1,100%,3,1,2:10,3 of 3,0 of 0,0 of 0,1 of 1,1 of 1,1 of 1
L,Ion Cutelaba,0,3 of 5,60%,17 of 23,1 of 1,100%,0,0,2:02,2 of 4,0 of 0,1 of 1,2 of 2,0 of 1,1 of 2
L,Hakeem Dawodu,0,74 of 147,50%,90 of 163,0 of 0,---,0,1,0:12,43 of 109,18 of 21,13 of 17,57 of 126,16 of 20,1 of 1
W,Julian Erosa,0,92 of 188,48%,152 of 257,2 of 6,33%,0,0,4:22,60 of 149,28 of 32,4 of 7,59 of 149,24 of 30,9 of 9
W,Jailton Almeida,0,17 of 24,70%,23 of 31,3 of 3,100%,2,0,4:14,17 of 22,0 of 1,0 of 1,0 of 3,0 of 0,17 of 21
L,Anton Turkalj,0,1 of 1,100%,19 of 22,0 of 0,---,0,0,0:00,0 of 0,0 of 0,1 of 1,1 of 1,0 of 0,0 of 0
W,Denis Tiuliulin,2,73 of 161,45%,87 of 178,0 of 1,0%,0,0,0:59,53 of 131,19 of 28,1 of 2,52 of 133,15 of 15,6 of 13
L,Jamie Pickett,0,60 of 111,54%,63 of 114,0 of 5,0%,0,0,0:35,44 of 90,13 of 18,3 of 3,56 of 103,4 of 8,0 of 0
L,Jake Collier,1,51 of 98,52%,57 of 107,1 of 2,50%,1,0,1:26,40 of 85,10 of 12,1 of 1,28 of 70,13 of 16,10 of 12
W,Chris Barnett,0,54 of 98,55%,83 of 132,0 of 0,---,0,0,1:07,48 of 89,1 of 4,5 of 5,25 of 51,1 of 5,28 of 42
W,Norma Dumont,1,52 of 110,47%,99 of 161,2 of 2,100%,0,0,6:41,32 of 80,8 of 10,12 of 20,33 of 84,6 of 7,13 of 19
L,Danyelle Wolf,0,20 of 95,21%,44 of 120,0 of 0,---,0,0,0:00,12 of 80,7 of 13,1 of 2,18 of 92,2 of 2,0 of 1
L,Chad Anheliger,0,39 of 143,27%,56 of 163,0 of 0,---,0,0,0:00,25 of 118,8 of 14,6 of 11,35 of 139,0 of 0,4 of 4
W,Alatengheili,0,49 of 131,37%,60 of 148,2 of 2,100%,0,0,1:23,30 of 102,6 of 7,13 of 22,43 of 123,0 of 0,6 of 8
L,Melissa Martinez,0,45 of 78,57%,63 of 96,1 of 2,50%,0,0,2:42,10 of 38,17 of 21,18 of 19,37 of 67,6 of 8,2 of 3
W,Elise Reed,1,38 of 70,54%,65 of 99,3 of 3,100%,0,0,3:35,15 of 44,17 of 19,6 of 7,20 of 51,12 of 13,6 of 6
L,Darian Weeks,0,44 of 108,40%,49 of 113,1 of 9,11%,0,0,1:49,14 of 60,10 of 19,20 of 29,41 of 100,3 of 8,0 of 0
W,Yohan Lainesse,0,23 of 66,34%,24 of 67,0 of 2,0%,0,0,0:17,10 of 46,5 of 7,8 of 13,22 of 65,1 of 1,0 of 0
W,Ciryl Gane,1,110 of 168,65%,110 of 168,0 of 1,0%,0,0,0:01,64 of 110,30 of 40,16 of 18,108 of 166,0 of 0,2 of 2
L,Tai Tuivasa,1,29 of 89,32%,29 of 89,0 of 0,---,0,0,0:04,17 of 61,4 of 9,8 of 19,26 of 84,1 of 3,2 of 2
W,Robert Whittaker,0,74 of 166,44%,74 of 166,1 of 1,100%,0,0,0:12,49 of 138,6 of 9,19 of 19,72 of 163,0 of 0,2 of 3
L,Marvin Vettori,0,33 of 116,28%,38 of 121,0 of 1,0%,0,0,0:28,15 of 94,7 of 10,11 of 12,33 of 116,0 of 0,0 of 0
W,Nassourdine Imavov,0,51 of 109,46%,68 of 142,2 of 7,28%,2,0,3:56,40 of 90,9 of 13,2 of 6,36 of 88,8 of 10,7 of 11
L,Joaquin Buckley,0,46 of 174,26%,55 of 183,0 of 3,0%,0,0,0:29,27 of 145,8 of 13,11 of 16,44 of 171,2 of 3,0 of 0
L,Alessio Di Chirico,0,39 of 126,30%,43 of 131,0 of 4,0%,0,0,1:02,29 of 109,6 of 12,4 of 5,38 of 123,1 of 3,0 of 0
W,Roman Kopylov,1,59 of 122,48%,66 of 129,0 of 0,---,0,0,0:01,37 of 100,12 of 12,10 of 10,55 of 118,4 of 4,0 of 0
W,William Gomis,0,32 of 70,45%,69 of 121,3 of 5,60%,0,0,8:04,14 of 43,10 of 18,8 of 9,27 of 62,2 of 3,3 of 5
L,Jarno Errens,0,20 of 53,37%,31 of 64,0 of 2,0%,1,0,0:14,10 of 32,8 of 14,2 of 7,15 of 47,5 of 6,0 of 0
L,Charles Jourdain,0,86 of 203,42%,115 of 232,1 of 2,50%,0,0,0:24,56 of 165,29 of 36,1 of 2,55 of 166,30 of 36,1 of 1
W,Nathaniel Wood,0,97 of 202,48%,128 of 234,5 of 8,62%,0,0,4:30,61 of 157,14 of 21,22 of 24,78 of 174,16 of 22,3 of 6
W,Abus Magomedov,1,7 of 7,100%,7 of 7,0 of 0,---,0,0,0:02,6 of 6,1 of 1,0 of 0,3 of 3,2 of 2,2 of 2
L,Dustin Stoltzfus,0,0 of 2,0%,0 of 2,0 of 0,---,0,0,0:00,0 of 1,0 of 1,0 of 0,0 of 2,0 of 0,0 of 0
L,John Makdessi,0,73 of 196,37%,73 of 196,0 of 0,---,0,0,0:00,26 of 122,18 of 41,29 of 33,72 of 195,1 of 1,0 of 0
W,Nasrat Haqparast,1,64 of 173,36%,72 of 181,2 of 3,66%,0,0,0:35,41 of 139,19 of 29,4 of 5,60 of 168,4 of 5,0 of 0
W,Fares Ziam,0,60 of 108,55%,111 of 162,3 of 7,42%,0,1,6:48,34 of 81,13 of 14,13 of 13,45 of 78,2 of 3,13 of 27
L,Michal Figlak,0,28 of 96,29%,55 of 126,1 of 5,20%,0,0,1:35,13 of 74,9 of 16,6 of 6,25 of 88,0 of 1,3 of 7
W,Benoit Saint Denis,3,42 of 67,62%,81 of 110,1 of 1,100%,0,0,3:17,35 of 59,5 of 6,2 of 2,24 of 43,2 of 2,16 of 22
L,Gabriel Miranda,0,20 of 37,54%,33 of 53,1 of 3,33%,0,0,0:20,13 of 30,7 of 7,0 of 0,17 of 34,3 of 3,0 of 0
L,Khalid Taha,0,6 of 27,22%,6 of 27,0 of 0,---,0,0,0:00,5 of 25,1 of 1,0 of 1,6 of 27,0 of 0,0 of 0
W,Cristian Quinonez,0,19 of 47,40%,19 of 47,0 of 0,---,0,0,0:02,17 of 42,0 of 3,2 of 2,15 of 42,0 of 0,4 of 5
W,Stephanie Egger,0,15 of 22,68%,47 of 64,2 of 7,28%,1,1,6:59,9 of 16,3 of 3,3 of 3,5 of 11,3 of 3,7 of 8
L,Ailin Perez,0,16 of 34,47%,41 of 61,1 of 3,33%,0,0,1:33,7 of 20,9 of 12,0 of 2,8 of 25,6 of 6,2 of 3
L,Kamaru Usman,0,83 of 135,61%,189 of 247,5 of 12,41%,0,0,10:36,61 of 109,17 of 21,5 of 5,46 of 85,15 of 22,22 of 28
W,Leon Edwards,1,55 of 75,73%,64 of 85,1 of 5,20%,1,0,2:56,20 of 38,22 of 24,13 of 13,42 of 62,7 of 7,6 of 6
W,Paulo Costa,0,73 of 103,70%,106 of 137,2 of 2,100%,0,0,5:28,37 of 61,33 of 39,3 of 3,53 of 80,3 of 4,17 of 19
L,Luke Rockhold,0,51 of 70,72%,57 of 78,1 of 4,25%,0,1,0:47,23 of 40,23 of 25,5 of 5,48 of 67,2 of 2,1 of 1
L,Jose Aldo,0,38 of 67,56%,59 of 92,0 of 0,---,0,0,0:00,11 of 35,21 of 25,6 of 7,35 of 63,3 of 4,0 of 0
W,Merab Dvalishvili,0,57 of 147,38%,135 of 230,0 of 16,0%,0,0,5:06,20 of 102,10 of 14,27 of 31,43 of 132,14 of 15,0 of 0
L,Wu Yanan,0,26 of 42,61%,32 of 48,0 of 0,---,0,0,0:04,7 of 18,5 of 8,14 of 16,22 of 38,4 of 4,0 of 0
W,Lucie Pudilova,0,39 of 81,48%,51 of 96,2 of 3,66%,1,0,4:53,29 of 65,5 of 7,5 of 9,14 of 50,4 of 4,21 of 27
W,Tyson Pedro,1,6 of 11,54%,6 of 11,0 of 0,---,0,0,0:04,5 of 10,1 of 1,0 of 0,4 of 7,0 of 0,2 of 4
L,Harry Hunsucker,0,2 of 4,50%,2 of 4,0 of 0,---,0,0,0:00,0 of 2,0 of 0,2 of 2,2 of 4,0 of 0,0 of 0
W,Marcin Tybura,0,47 of 98,47%,82 of 135,0 of 0,---,0,0,1:48,30 of 74,10 of 17,7 of 7,43 of 92,2 of 4,2 of 2
L,Alexandr Romanov,0,40 of 88,45%,95 of 160,2 of 6,33%,0,1,5:02,24 of 65,7 of 12,9 of 11,21 of 65,9 of 12,10 of 11
L,Leonardo Santos,0,36 of 81,44%,41 of 86,0 of 3,0%,0,0,0:54,21 of 60,11 of 16,4 of 5,29 of 74,7 of 7,0 of 0
W,Jared Gordon,0,116 of 174,66%,203 of 265,0 of 0,---,0,0,3:55,67 of 120,41 of 46,8 of 8,86 of 136,26 of 34,4 of 4
D,Sean Woodson,0,73 of 157,46%,86 of 170,0 of 0,---,1,0,0:22,53 of 133,17 of 19,3 of 5,70 of 154,3 of 3,0 of 0
D,Luis Saldana,2,91 of 176,51%,96 of 181,1 of 7,14%,0,0,3:20,46 of 108,14 of 24,31 of 44,85 of 166,3 of 5,3 of 5
L,AJ Fletcher,0,87 of 181,48%,103 of 201,0 of 4,0%,0,0,0:36,74 of 163,9 of 13,4 of 5,80 of 169,6 of 9,1 of 3
W,Ange Loosa,0,129 of 233,55%,241 of 354,2 of 4,50%,0,0,5:26,88 of 188,27 of 30,14 of 15,95 of 189,11 of 18,23 of 26
W,Amir Albazi,0,12 of 18,66%,23 of 29,2 of 4,50%,1,0,2:36,10 of 16,1 of 1,1 of 1,3 of 8,0 of 0,9 of 10
L,Francisco Figueiredo,0,11 of 15,73%,14 of 18,0 of 0,---,0,0,0:00,2 of 3,4 of 5,5 of 7,11 of 15,0 of 0,0 of 0
W,Aoriqileng,0,72 of 132,54%,102 of 163,0 of 3,0%,0,0,0:02,51 of 107,14 of 17,7 of 8,61 of 119,11 of 13,0 of 0
L,Jay Perrin,0,88 of 167,52%,106 of 188,3 of 7,42%,0,0,5:59,63 of 135,20 of 25,5 of 7,73 of 148,13 of 16,2 of 3
L,Daniel Lacerda,1,22 of 45,48%,27 of 51,0 of 0,---,0,0,0:03,14 of 36,3 of 4,5 of 5,16 of 33,2 of 6,4 of 6
W,Victor Altamirano,1,58 of 83,69%,94 of 123,0 of 0,---,0,0,1:55,48 of 71,9 of 10,1 of 2,15 of 28,2 of 2,41 of 53
W,Marlon Vera,3,61 of 156,39%,63 of 160,0 of 0,---,0,0,0:10,35 of 121,13 of 21,13 of 14,54 of 146,5 of 6,2 of 4
L,Dominick Cruz,0,92 of 249,36%,100 of 259,2 of 7,28%,0,0,1:05,54 of 193,16 of 32,22 of 24,89 of 245,1 of 2,2 of 2
W,Nate Landwehr,0,91 of 185,49%,133 of 253,3 of 4,75%,2,1,5:05,73 of 154,10 of 18,8 of 13,52 of 120,22 of 35,17 of 30
L,David Onama,1,71 of 174,40%,79 of 186,1 of 6,16%,0,1,1:13,62 of 158,8 of 15,1 of 1,50 of 139,1 of 3,20 of 32
W,Yazmin Jauregui,0,86 of 218,39%,87 of 219,0 of 0,---,0,0,0:13,52 of 159,9 of 25,25 of 34,81 of 210,5 of 8,0 of 0
L,Iasmin Lucindo,0,66 of 181,36%,66 of 181,0 of 2,0%,0,0,0:34,42 of 148,15 of 22,9 of 11,64 of 179,2 of 2,0 of 0
L,Devin Clark,0,14 of 52,26%,39 of 83,0 of 0,---,0,0,0:26,4 of 29,3 of 7,7 of 16,13 of 50,1 of 2,0 of 0
W,Azamat Murzakanov,1,79 of 106,74%,95 of 127,0 of 1,0%,0,0,3:40,41 of 65,31 of 34,7 of 7,24 of 42,9 of 9,46 of 55
W,Priscila Cachoeira,1,20 of 35,57%,20 of 35,0 of 0,---,0,0,0:11,15 of 27,4 of 5,1 of 3,6 of 17,0 of 0,14 of 18
L,Ariane da Silva,0,4 of 15,26%,4 of 15,0 of 0,---,0,0,0:00,3 of 12,0 of 2,1 of 1,4 of 15,0 of 0,0 of 0
L,Bruno Silva,0,29 of 81,35%,38 of 93,0 of 0,---,0,0,0:01,17 of 60,6 of 14,6 of 7,27 of 79,2 of 2,0 of 0
W,Gerald Meerschaert,1,46 of 114,40%,61 of 136,1 of 6,16%,1,0,2:12,28 of 92,9 of 12,9 of 10,36 of 95,0 of 0,10 of 19
W,Angela Hill,0,85 of 218,38%,88 of 225,1 of 6,16%,0,0,0:36,54 of 173,30 of 44,1 of 1,74 of 201,8 of 14,3 of 3
L,Loopy Godinez,0,92 of 241,38%,98 of 250,1 of 3,33%,0,0,0:17,72 of 213,19 of 27,1 of 1,85 of 230,7 of 11,0 of 0
W,Martin Buday,0,66 of 188,35%,66 of 188,0 of 0,---,0,0,0:06,50 of 169,3 of 6,13 of 13,65 of 187,1 of 1,0 of 0
L,Lukasz Brzeski,0,118 of 273,43%,124 of 280,0 of 0,---,0,0,0:00,49 of 182,51 of 69,18 of 22,116 of 268,2 of 5,0 of 0
L,Cynthia Calvillo,0,48 of 139,34%,66 of 159,3 of 6,50%,0,0,2:09,16 of 86,17 of 26,15 of 27,47 of 138,1 of 1,0 of 0
W,Nina Nunes,0,39 of 133,29%,47 of 142,0 of 1,0%,0,0,0:00,17 of 94,4 of 12,18 of 27,38 of 131,1 of 2,0 of 0
W,Gabriel Benitez,0,37 of 60,61%,47 of 74,1 of 2,50%,0,0,1:24,26 of 46,6 of 8,5 of 6,14 of 26,2 of 4,21 of 30
L,Charlie Ontiveros,0,22 of 47,46%,28 of 55,0 of 0,---,0,0,0:00,17 of 40,4 of 6,1 of 1,21 of 45,1 of 2,0 of 0
L,Ode Osbourne,0,15 of 41,36%,15 of 41,0 of 0,---,0,0,0:00,7 of 32,7 of 8,1 of 1,15 of 41,0 of 0,0 of 0
W,Tyson Nam,1,13 of 25,52%,13 of 25,0 of 0,---,0,0,0:03,7 of 15,3 of 6,3 of 4,12 of 23,0 of 0,1 of 2
L,Jason Witt,0,1 of 12,8%,2 of 13,1 of 2,50%,0,0,0:27,0 of 11,1 of 1,0 of 0,1 of 12,0 of 0,0 of 0
W,Josh Quinlan,1,3 of 12,25%,3 of 12,0 of 0,---,0,0,0:01,2 of 8,0 of 0,1 of 4,3 of 12,0 of 0,0 of 0
D,Youssef Zalal,0,63 of 150,42%,82 of 179,1 of 1,100%,1,1,4:52,43 of 126,13 of 14,7 of 10,42 of 114,5 of 7,16 of 29
D,Da'Mon Blackshear,0,27 of 69,39%,40 of 91,1 of 5,20%,1,2,3:51,10 of 42,6 of 11,11 of 16,27 of 69,0 of 0,0 of 0
L,Thiago Santos,0,53 of 94,56%,56 of 98,6 of 20,30%,0,0,5:54,28 of 66,13 of 16,12 of 12,43 of 82,8 of 9,2 of 3
W,Jamahal Hill,0,89 of 152,58%,130 of 194,0 of 0,---,0,0,1:26,68 of 131,12 of 12,9 of 9,52 of 107,19 of 21,18 of 24
L,Vicente Luque,0,97 of 203,47%,97 of 203,0 of 0,---,0,0,0:00,56 of 156,26 of 31,15 of 16,91 of 195,6 of 8,0 of 0
W,Geoff Neal,2,121 of 211,57%,125 of 215,1 of 3,33%,0,0,0:47,113 of 202,5 of 6,3 of 3,103 of 186,17 of 22,1 of 3
W,Mohammed Usman,1,12 of 40,30%,13 of 41,0 of 1,0%,0,0,0:02,11 of 39,1 of 1,0 of 0,9 of 35,1 of 2,2 of 3
L,Zac Pauga,0,32 of 50,64%,33 of 51,0 of 0,---,0,0,0:00,14 of 29,9 of 10,9 of 11,31 of 49,1 of 1,0 of 0
L,Brogan Walker,0,30 of 48,62%,52 of 74,0 of 0,---,0,1,1:16,16 of 33,5 of 5,9 of 10,28 of 45,1 of 2,1 of 1
W,Juliana Miller,0,54 of 85,63%,110 of 156,4 of 4,100%,1,0,9:40,43 of 72,5 of 7,6 of 6,25 of 41,4 of 5,25 of 39
L,Augusto Sakai,0,8 of 23,34%,14 of 29,0 of 0,---,0,0,0:23,1 of 14,6 of 8,1 of 1,2 of 17,6 of 6,0 of 0
W,Serghei Spivac,0,33 of 49,67%,86 of 119,6 of 8,75%,1,0,6:37,33 of 49,0 of 0,0 of 0,9 of 15,0 of 0,24 of 34
W,Terrance McKinney,0,18 of 37,48%,23 of 42,1 of 1,100%,1,0,0:52,15 of 34,3 of 3,0 of 0,14 of 32,3 of 3,1 of 2
L,Erick Gonzalez,0,9 of 16,56%,10 of 18,0 of 1,0%,0,0,0:00,6 of 11,1 of 2,2 of 3,9 of 16,0 of 0,0 of 0
L,Sam Alvey,0,3 of 11,27%,3 of 11,0 of 1,0%,0,0,0:00,1 of 9,2 of 2,0 of 0,3 of 11,0 of 0,0 of 0
W,Michal Oleksiejczuk,2,22 of 37,59%,40 of 57,0 of 0,---,0,0,0:57,18 of 33,4 of 4,0 of 0,10 of 19,0 of 1,12 of 17
W,Bryan Battle,1,7 of 10,70%,7 of 10,0 of 0,---,0,0,0:02,4 of 6,2 of 3,1 of 1,6 of 8,0 of 0,1 of 2
L,Takashi Sato,0,2 of 8,25%,2 of 8,0 of 0,---,0,0,0:00,0 of 5,2 of 2,0 of 1,2 of 8,0 of 0,0 of 0
W,Cory McKenna,0,13 of 22,59%,43 of 53,3 of 4,75%,2,0,4:40,11 of 19,1 of 2,1 of 1,12 of 21,0 of 0,1 of 1
L,Miranda Granger,0,13 of 34,38%,14 of 35,0 of 0,---,0,0,0:05,5 of 26,2 of 2,6 of 6,11 of 32,2 of 2,0 of 0
W,Mayra Bueno Silva,0,4 of 4,100%,4 of 4,0 of 0,---,1,0,0:00,1 of 1,0 of 0,3 of 3,4 of 4,0 of 0,0 of 0
L,Stephanie Egger,0,8 of 13,61%,12 of 17,1 of 1,100%,0,0,0:44,6 of 11,0 of 0,2 of 2,2 of 7,0 of 0,6 of 6
L,Julianna Pena,0,60 of 154,38%,130 of 239,0 of 0,---,1,0,0:00,54 of 144,6 of 10,0 of 0,59 of 151,1 of 3,0 of 0
W,Amanda Nunes,3,85 of 152,55%,126 of 201,6 of 8,75%,1,0,11:49,67 of 128,10 of 14,8 of 10,57 of 117,0 of 1,28 of 34
W,Brandon Moreno,1,58 of 151,38%,59 of 153,0 of 3,0%,0,0,0:45,43 of 133,12 of 15,3 of 3,47 of 132,0 of 3,11 of 16
L,Kai Kara-France,0,53 of 110,48%,66 of 123,1 of 2,50%,0,0,0:24,24 of 71,3 of 4,26 of 35,48 of 104,0 of 0,5 of 6
L,Derrick Lewis,0,4 of 6,66%,4 of 6,0 of 0,---,0,0,0:00,2 of 4,1 of 1,1 of 1,4 of 6,0 of 0,0 of 0
W,Sergei Pavlovich,1,15 of 24,62%,15 of 24,0 of 0,---,0,0,0:02,15 of 24,0 of 0,0 of 0,14 of 22,0 of 0,1 of 2
W,Alexandre Pantoja,0,8 of 12,66%,8 of 12,1 of 1,100%,1,0,1:06,7 of 11,1 of 1,0 of 0,7 of 11,1 of 1,0 of 0
L,Alex Perez,0,10 of 14,71%,10 of 14,0 of 1,0%,0,0,0:00,9 of 13,0 of 0,1 of 1,10 of 13,0 of 1,0 of 0
W,Magomed Ankalaev,0,46 of 79,58%,64 of 102,0 of 0,---,0,0,2:26,31 of 60,6 of 9,9 of 10,23 of 46,1 of 1,22 of 32
L,Anthony Smith,0,18 of 36,50%,21 of 39,0 of 1,0%,0,0,0:51,6 of 21,5 of 8,7 of 7,17 of 35,0 of 0,1 of 1
W,Alex Morono,0,106 of 194,54%,119 of 209,0 of 4,0%,0,0,0:24,92 of 179,14 of 15,0 of 0,98 of 184,7 of 9,1 of 1
L,Matthew Semelsberger,1,74 of 229,32%,86 of 241,1 of 1,100%,0,0,2:38,32 of 170,21 of 33,21 of 26,60 of 209,9 of 12,5 of 8
W,Drew Dober,1,62 of 151,41%,62 of 151,0 of 0,---,0,0,0:07,38 of 121,20 of 24,4 of 6,60 of 149,0 of 0,2 of 2
L,Rafael Alves,0,37 of 68,54%,46 of 80,1 of 3,33%,0,0,2:21,24 of 55,8 of 8,5 of 5,31 of 60,1 of 1,5 of 7
NC,Don'Tale Mayes,0,47 of 116,40%,54 of 123,0 of 0,---,0,0,0:00,28 of 90,12 of 17,7 of 9,45 of 111,2 of 5,0 of 0
NC,Hamdy Abdelwahab,1,58 of 110,52%,106 of 164,3 of 4,75%,0,0,6:36,51 of 102,5 of 6,2 of 2,30 of 74,2 of 3,26 of 33
W,Drakkar Klose,0,61 of 115,53%,111 of 175,2 of 10,20%,0,0,2:05,24 of 75,27 of 29,10 of 11,32 of 83,24 of 25,5 of 7
L,Rafa Garcia,0,34 of 57,59%,83 of 111,3 of 11,27%,0,0,2:54,23 of 45,8 of 8,3 of 4,23 of 44,11 of 13,0 of 0
W,Michael Morales,2,83 of 151,54%,89 of 157,0 of 1,0%,0,0,0:12,74 of 140,7 of 9,2 of 2,64 of 127,12 of 17,7 of 7
L,Adam Fugitt,0,64 of 113,56%,70 of 120,1 of 8,12%,0,0,1:51,32 of 74,20 of 26,12 of 13,58 of 99,6 of 10,0 of 4
W,Joselyne Edwards,0,101 of 234,43%,116 of 250,1 of 3,33%,0,0,2:01,31 of 106,52 of 97,18 of 31,91 of 221,8 of 10,2 of 3
L,Ji Yeon Kim,0,78 of 193,40%,87 of 203,0 of 0,---,0,0,0:19,33 of 132,22 of 35,23 of 26,70 of 182,7 of 10,1 of 1
W,Nicolae Negumereanu,0,51 of 95,53%,72 of 122,2 of 3,66%,0,0,4:01,44 of 84,7 of 11,0 of 0,23 of 57,25 of 32,3 of 6
L,Ihor Potieria,0,38 of 70,54%,52 of 85,0 of 0,---,0,0,0:00,26 of 58,3 of 3,9 of 9,31 of 62,6 of 7,1 of 1
W,Orion Cosce,0,25 of 52,48%,77 of 107,3 of 8,37%,0,0,9:26,14 of 38,10 of 13,1 of 1,8 of 27,9 of 14,8 of 11
L,Blood Diamond,0,63 of 98,64%,90 of 126,0 of 1,0%,0,0,1:08,28 of 55,26 of 29,9 of 14,34 of 60,29 of 37,0 of 1
W,Curtis Blaydes,0,4 of 10,40%,4 of 10,0 of 0,---,0,0,0:01,2 of 8,1 of 1,1 of 1,4 of 10,0 of 0,0 of 0
L,Tom Aspinall,0,3 of 5,60%,3 of 5,0 of 0,---,0,0,0:00,0 of 2,1 of 1,2 of 2,3 of 5,0 of 0,0 of 0
W,Jack Hermansson,0,100 of 251,39%,100 of 251,0 of 6,0%,0,0,0:00,48 of 176,25 of 45,27 of 30,99 of 246,1 of 5,0 of 0
L,Chris Curtis,0,43 of 125,34%,43 of 125,0 of 0,---,0,0,0:00,18 of 89,25 of 35,0 of 1,41 of 123,2 of 2,0 of 0
W,Paddy Pimblett,0,17 of 39,43%,30 of 53,1 of 1,100%,4,0,1:44,14 of 34,2 of 4,1 of 1,4 of 22,8 of 9,5 of 8
L,Jordan Leavitt,0,16 of 22,72%,41 of 48,3 of 9,33%,0,0,4:50,5 of 8,9 of 12,2 of 2,9 of 12,7 of 10,0 of 0
W,Nikita Krylov,2,26 of 44,59%,26 of 45,0 of 0,---,0,0,0:09,24 of 41,1 of 1,1 of 2,15 of 29,4 of 5,7 of 10
L,Alexander Gustafsson,0,5 of 8,62%,5 of 9,0 of 0,---,0,0,0:07,4 of 7,1 of 1,0 of 0,5 of 7,0 of 0,0 of 1
W,Molly McCann,1,24 of 52,46%,29 of 57,0 of 1,0%,0,0,0:10,20 of 46,3 of 5,1 of 1,19 of 45,2 of 2,3 of 5
L,Hannah Goldy,0,9 of 33,27%,9 of 33,0 of 5,0%,0,0,1:10,5 of 26,3 of 3,1 of 4,6 of 27,3 of 6,0 of 0
L,Paul Craig,0,33 of 126,26%,41 of 136,0 of 15,0%,0,0,0:07,18 of 102,10 of 19,5 of 5,32 of 120,1 of 3,0 of 3
W,Volkan Oezdemir,0,72 of 129,55%,108 of 170,1 of 2,50%,0,0,5:09,45 of 101,10 of 11,17 of 17,50 of 97,6 of 6,16 of 26
L,Mason Jones,0,43 of 105,40%,78 of 141,0 of 3,0%,0,0,2:17,16 of 70,23 of 31,4 of 4,21 of 75,21 of 27,1 of 3
W,Ludovit Klein,1,50 of 87,57%,70 of 112,0 of 1,0%,0,0,6:41,37 of 68,10 of 16,3 of 3,31 of 63,7 of 9,12 of 15
W,Marc Diakiese,0,13 of 32,40%,78 of 111,8 of 11,72%,0,0,13:35,8 of 25,0 of 2,5 of 5,7 of 25,2 of 2,4 of 5
L,Damir Hadzovic,0,5 of 10,50%,20 of 25,0 of 1,0%,0,0,0:00,3 of 7,0 of 1,2 of 2,5 of 10,0 of 0,0 of 0
W,Nathaniel Wood,0,97 of 159,61%,102 of 166,1 of 1,100%,0,0,1:25,62 of 111,4 of 13,31 of 35,87 of 144,5 of 7,5 of 8
L,Charles Rosa,0,51 of 167,30%,54 of 170,2 of 9,22%,1,0,0:52,21 of 120,18 of 29,12 of 18,43 of 156,6 of 9,2 of 2
L,Makwan Amirkhani,0,11 of 22,50%,12 of 23,3 of 7,42%,0,0,1:25,9 of 19,0 of 1,2 of 2,11 of 22,0 of 0,0 of 0
W,Jonathan Pearce,0,90 of 112,80%,144 of 178,4 of 5,80%,0,0,4:46,75 of 94,11 of 14,4 of 4,16 of 28,37 of 37,37 of 47
W,Muhammad Mokaev,0,12 of 29,41%,32 of 54,12 of 26,46%,0,0,11:44,5 of 17,3 of 7,4 of 5,10 of 26,1 of 2,1 of 1
L,Charles Johnson,0,12 of 22,54%,71 of 84,0 of 0,---,0,0,0:27,3 of 5,6 of 9,3 of 8,7 of 17,3 of 3,2 of 2
W,Jai Herbert,0,36 of 64,56%,84 of 116,0 of 1,0%,0,0,5:57,16 of 43,17 of 18,3 of 3,22 of 50,13 of 13,1 of 1
L,Kyle Nelson,0,41 of 62,66%,55 of 77,0 of 4,0%,0,0,3:06,15 of 34,11 of 13,15 of 15,28 of 47,13 of 15,0 of 0
L,Mandy Bohm,0,52 of 93,55%,83 of 124,0 of 1,0%,1,0,0:55,26 of 66,14 of 15,12 of 12,35 of 75,17 of 17,0 of 1
W,Victoria Leonardo,0,39 of 110,35%,85 of 166,2 of 6,33%,0,0,7:06,21 of 80,18 of 26,0 of 4,25 of 94,13 of 15,1 of 1
L,Claudio Silva,0,11 of 21,52%,46 of 59,4 of 12,33%,0,0,7:17,4 of 13,4 of 5,3 of 3,11 of 20,0 of 1,0 of 0
W,Nicolas Dalby,0,45 of 94,47%,61 of 114,1 of 1,100%,1,1,4:17,32 of 78,9 of 12,4 of 4,21 of 59,16 of 21,8 of 14
L,Brian Ortega,0,22 of 35,62%,26 of 39,1 of 5,20%,0,0,2:24,18 of 30,3 of 3,1 of 2,15 of 27,7 of 8,0 of 0
W,Yair Rodriguez,0,23 of 46,50%,48 of 76,0 of 0,---,0,0,0:00,18 of 41,0 of 0,5 of 5,21 of 44,1 of 1,1 of 1
L,Michelle Waterson-Gomez,0,29 of 56,51%,35 of 62,1 of 2,50%,0,0,1:08,7 of 24,7 of 10,15 of 22,27 of 54,0 of 0,2 of 2
W,Amanda Lemos,0,20 of 35,57%,20 of 35,0 of 0,---,1,1,0:05,11 of 23,3 of 5,6 of 7,20 of 35,0 of 0,0 of 0
W,Li Jingliang,1,38 of 87,43%,40 of 91,1 of 2,50%,0,0,0:30,13 of 49,12 of 18,13 of 20,30 of 75,6 of 8,2 of 4
L,Muslim Salikhov,0,23 of 56,41%,33 of 67,1 of 4,25%,0,0,1:10,18 of 48,3 of 6,2 of 2,20 of 51,0 of 1,3 of 4
W,Matt Schnell,0,47 of 81,58%,79 of 120,2 of 3,66%,2,1,2:40,36 of 70,5 of 5,6 of 6,16 of 40,9 of 12,22 of 29
L,Sumudaerji,1,58 of 83,69%,67 of 92,0 of 0,---,0,2,2:13,37 of 61,10 of 11,11 of 11,35 of 53,13 of 19,10 of 11
W,Shane Burgos,0,42 of 80,52%,67 of 116,2 of 7,28%,3,0,6:25,16 of 47,6 of 12,20 of 21,28 of 61,13 of 18,1 of 1
L,Charles Jourdain,0,113 of 188,60%,161 of 241,0 of 1,0%,0,0,2:08,72 of 145,36 of 37,5 of 6,68 of 133,41 of 51,4 of 4
W,Lauren Murphy,0,102 of 184,55%,128 of 211,2 of 6,33%,0,0,1:18,77 of 154,24 of 29,1 of 1,68 of 142,31 of 39,3 of 3
L,Miesha Tate,0,85 of 164,51%,121 of 201,0 of 7,0%,0,0,2:05,61 of 122,18 of 34,6 of 8,67 of 138,18 of 26,0 of 0
W,Punahele Soriano,1,17 of 35,48%,19 of 37,0 of 1,0%,0,0,0:04,8 of 25,9 of 10,0 of 0,9 of 26,4 of 5,4 of 4
L,Dalcha Lungiambula,0,11 of 22,50%,17 of 28,2 of 2,100%,0,0,1:39,6 of 16,2 of 3,3 of 3,9 of 18,0 of 2,2 of 2
W,Ricky Simon,1,25 of 38,65%,46 of 59,2 of 8,25%,1,0,4:06,13 of 25,2 of 2,10 of 11,18 of 30,4 of 4,3 of 4
L,Jack Shore,0,19 of 44,43%,27 of 52,0 of 3,0%,0,0,0:13,15 of 40,4 of 4,0 of 0,17 of 42,2 of 2,0 of 0
W,Bill Algeo,0,28 of 36,77%,81 of 104,1 of 1,100%,0,0,5:26,21 of 28,6 of 7,1 of 1,2 of 4,2 of 2,24 of 30
L,Herbert Burns,0,10 of 12,83%,18 of 25,1 of 2,50%,2,0,0:32,6 of 8,4 of 4,0 of 0,1 of 1,3 of 3,6 of 8
W,Dustin Jacoby,1,14 of 23,60%,14 of 23,0 of 0,---,0,0,0:03,6 of 14,1 of 2,7 of 7,14 of 23,0 of 0,0 of 0
L,Da Woon Jung,0,14 of 39,35%,14 of 39,0 of 0,---,0,0,0:00,6 of 26,1 of 4,7 of 9,14 of 39,0 of 0,0 of 0
L,Dwight Grant,0,52 of 100,52%,54 of 102,0 of 0,---,0,0,0:00,35 of 79,7 of 9,10 of 12,50 of 97,2 of 3,0 of 0
W,Dustin Stoltzfus,0,49 of 112,43%,102 of 173,2 of 5,40%,0,0,4:17,23 of 81,7 of 8,19 of 23,35 of 88,3 of 4,11 of 20
L,Jessica Penne,0,63 of 244,25%,68 of 249,0 of 8,0%,0,0,0:00,37 of 208,26 of 36,0 of 0,55 of 234,8 of 10,0 of 0
W,Emily Ducote,0,116 of 205,56%,117 of 206,0 of 0,---,0,0,0:00,41 of 113,24 of 34,51 of 58,115 of 203,1 of 2,0 of 0
L,Rafael Dos Anjos,0,54 of 110,49%,90 of 162,2 of 16,12%,0,0,6:13,31 of 80,12 of 14,11 of 16,50 of 106,4 of 4,0 of 0
W,Rafael Fiziev,1,64 of 159,40%,92 of 192,0 of 1,0%,0,0,2:59,32 of 102,27 of 52,5 of 5,62 of 155,1 of 2,1 of 2
W,Caio Borralho,0,12 of 25,48%,49 of 83,4 of 5,80%,0,0,10:09,4 of 15,6 of 8,2 of 2,11 of 23,1 of 2,0 of 0
L,Armen Petrosyan,0,31 of 61,50%,72 of 132,0 of 0,---,0,1,1:19,2 of 19,3 of 9,26 of 33,16 of 40,0 of 0,15 of 21
L,Douglas Silva de Andrade,0,28 of 74,37%,44 of 95,1 of 1,100%,0,0,4:12,4 of 34,11 of 19,13 of 21,24 of 66,2 of 3,2 of 5
W,Said Nurmagomedov,0,42 of 97,43%,77 of 150,1 of 5,20%,0,0,0:22,21 of 69,12 of 18,9 of 10,39 of 89,3 of 8,0 of 0
L,Jared Vanderaa,0,109 of 266,40%,109 of 267,0 of 0,---,0,0,0:00,76 of 224,18 of 25,15 of 17,108 of 265,1 of 1,0 of 0
W,Chase Sherman,1,137 of 235,58%,137 of 235,0 of 0,---,0,0,0:01,86 of 175,32 of 39,19 of 21,134 of 231,3 of 3,0 of 1
W,Aiemann Zahabi,0,54 of 105,51%,54 of 105,0 of 0,---,0,0,0:00,18 of 59,9 of 14,27 of 32,53 of 104,1 of 1,0 of 0
L,Ricky Turcios,0,27 of 235,11%,27 of 235,0 of 2,0%,0,0,0:00,14 of 204,5 of 21,8 of 10,27 of 235,0 of 0,0 of 0
L,Michael Johnson,1,66 of 190,34%,68 of 194,0 of 2,0%,0,0,0:37,42 of 147,22 of 41,2 of 2,58 of 179,4 of 5,4 of 6
W,Jamie Mullarkey,0,96 of 217,44%,96 of 218,0 of 2,0%,0,0,0:17,54 of 160,21 of 34,21 of 23,83 of 195,11 of 18,2 of 4
W,Cody Brundage,1,15 of 39,38%,23 of 49,1 of 2,50%,0,0,1:18,10 of 33,5 of 6,0 of 0,12 of 33,1 of 2,2 of 4
L,Tresean Gore,0,8 of 25,32%,8 of 27,0 of 0,---,0,0,0:00,2 of 15,0 of 1,6 of 9,8 of 25,0 of 0,0 of 0
W,Antonina Shevchenko,0,55 of 117,47%,81 of 158,0 of 1,0%,0,0,1:50,26 of 73,15 of 26,14 of 18,54 of 115,1 of 2,0 of 0
L,Cortney Casey,0,33 of 86,38%,80 of 146,2 of 5,40%,0,0,3:08,17 of 52,2 of 7,14 of 27,28 of 78,3 of 4,2 of 4
W,David Onama,0,29 of 72,40%,46 of 95,2 of 6,33%,1,0,2:35,16 of 55,13 of 17,0 of 0,27 of 66,1 of 3,1 of 3
L,Garrett Armfield,0,21 of 72,29%,29 of 83,0 of 2,0%,0,0,1:52,15 of 61,4 of 9,2 of 2,20 of 68,1 of 4,0 of 0
W,Kennedy Nzechukwu,0,20 of 43,46%,64 of 114,5 of 7,71%,1,0,10:46,18 of 37,2 of 6,0 of 0,3 of 22,0 of 0,17 of 21
L,Karl Roberson,0,9 of 19,47%,16 of 26,0 of 3,0%,0,0,0:23,4 of 13,4 of 5,1 of 1,9 of 19,0 of 0,0 of 0
L,Ronnie Lawrence,0,15 of 33,45%,16 of 34,1 of 2,50%,0,0,0:04,8 of 21,4 of 9,3 of 3,14 of 32,1 of 1,0 of 0
W,Saidyokub Kakhramonov,0,32 of 59,54%,105 of 156,10 of 16,62%,0,0,12:19,28 of 53,1 of 3,3 of 3,4 of 20,7 of 9,21 of 30
W,Israel Adesanya,0,116 of 230,50%,163 of 277,0 of 0,---,0,0,0:00,60 of 165,26 of 31,30 of 34,114 of 226,2 of 4,0 of 0
L,Jared Cannonier,0,90 of 157,57%,141 of 217,0 of 4,0%,0,0,4:14,36 of 89,32 of 40,22 of 28,78 of 143,12 of 14,0 of 0
W,Alexander Volkanovski,0,199 of 372,53%,204 of 377,0 of 0,---,0,0,1:57,152 of 316,19 of 24,28 of 32,175 of 340,24 of 32,0 of 0
L,Max Holloway,0,127 of 301,42%,161 of 335,0 of 3,0%,0,0,0:16,64 of 213,42 of 59,21 of 29,109 of 283,18 of 18,0 of 0
L,Sean Strickland,0,15 of 29,51%,15 of 29,0 of 0,---,0,0,0:00,9 of 20,6 of 8,0 of 1,15 of 29,0 of 0,0 of 0
W,Alex Pereira,1,25 of 40,62%,25 of 40,0 of 0,---,0,0,0:03,5 of 15,12 of 14,8 of 11,25 of 40,0 of 0,0 of 0
L,Robbie Lawler,0,81 of 141,57%,81 of 141,0 of 0,---,0,0,0:00,65 of 124,15 of 16,1 of 1,78 of 137,3 of 4,0 of 0
W,Bryan Barberena,0,147 of 316,46%,148 of 317,0 of 0,---,0,0,0:00,116 of 280,18 of 20,13 of 16,138 of 304,9 of 12,0 of 0
NC,Pedro Munhoz,0,26 of 41,63%,26 of 41,0 of 0,---,0,0,0:00,0 of 9,0 of 2,26 of 30,26 of 41,0 of 0,0 of 0
NC,Sean O'Malley,0,25 of 47,53%,25 of 47,0 of 0,---,0,0,0:00,14 of 30,8 of 14,3 of 3,25 of 47,0 of 0,0 of 0
L,Brad Riddell,0,2 of 3,66%,2 of 3,0 of 1,0%,0,0,0:00,0 of 1,0 of 0,2 of 2,2 of 3,0 of 0,0 of 0
W,Jalin Turner,0,3 of 5,60%,3 of 5,0 of 0,---,1,0,0:13,1 of 2,1 of 2,1 of 1,3 of 5,0 of 0,0 of 0
W,Jim Miller,0,24 of 36,66%,35 of 48,1 of 1,100%,1,0,1:03,16 of 28,6 of 6,2 of 2,17 of 27,0 of 0,7 of 9
L,Donald Cerrone,0,21 of 33,63%,24 of 36,0 of 0,---,0,1,1:24,12 of 20,6 of 8,3 of 5,21 of 33,0 of 0,0 of 0
W,Ian Machado Garry,1,116 of 193,60%,129 of 206,1 of 2,50%,0,0,0:46,87 of 160,17 of 21,12 of 12,111 of 188,2 of 2,3 of 3
L,Gabe Green,0,90 of 195,46%,102 of 208,1 of 4,25%,0,0,2:17,31 of 112,24 of 36,35 of 47,90 of 194,0 of 1,0 of 0
L,Brad Tavares,0,82 of 150,54%,98 of 167,0 of 1,0%,0,0,2:01,55 of 113,21 of 31,6 of 6,69 of 132,12 of 16,1 of 2
W,Dricus Du Plessis,0,113 of 212,53%,123 of 222,0 of 7,0%,0,0,1:18,79 of 169,17 of 21,17 of 22,97 of 192,14 of 18,2 of 2
L,Uriah Hall,0,6 of 26,23%,24 of 49,0 of 0,---,0,2,0:18,6 of 26,0 of 0,0 of 0,3 of 17,0 of 0,3 of 9
W,Andre Muniz,0,17 of 39,43%,99 of 185,4 of 10,40%,0,0,10:12,11 of 31,2 of 3,4 of 5,12 of 32,0 of 1,5 of 6
L,Jessica Eye,0,35 of 62,56%,76 of 106,1 of 4,25%,0,0,8:09,23 of 48,9 of 10,3 of 4,17 of 41,16 of 19,2 of 2
W,Maycee Barber,0,63 of 97,64%,83 of 117,0 of 0,---,0,0,1:52,45 of 78,16 of 17,2 of 2,23 of 51,35 of 41,5 of 5
L,Jessica-Rose Clark,0,9 of 16,56%,9 of 16,0 of 0,---,0,0,0:00,6 of 13,1 of 1,2 of 2,7 of 13,2 of 2,0 of 1
W,Julija Stoliarenko,0,6 of 9,66%,6 of 9,1 of 1,100%,1,0,0:17,6 of 9,0 of 0,0 of 0,6 of 9,0 of 0,0 of 0
L,Arman Tsarukyan,1,95 of 247,38%,110 of 264,1 of 8,12%,0,0,1:39,43 of 182,39 of 48,13 of 17,88 of 235,3 of 6,4 of 6
W,Mateusz Gamrot,0,81 of 138,58%,108 of 166,6 of 21,28%,0,0,4:58,68 of 121,9 of 12,4 of 5,73 of 129,4 of 5,4 of 4
L,Neil Magny,0,11 of 22,50%,21 of 35,0 of 0,---,0,0,0:07,6 of 16,2 of 2,3 of 4,8 of 16,0 of 0,3 of 6
W,Shavkat Rakhmonov,0,19 of 36,52%,56 of 79,2 of 2,100%,1,0,9:06,17 of 34,2 of 2,0 of 0,5 of 10,0 of 0,14 of 26
W,Josh Parisian,0,42 of 68,61%,102 of 156,3 of 4,75%,0,0,3:09,27 of 53,11 of 11,4 of 4,22 of 39,2 of 4,18 of 25
L,Alan Baudot,1,49 of 75,65%,56 of 82,0 of 0,---,0,0,1:43,34 of 59,8 of 9,7 of 7,23 of 47,11 of 11,15 of 17
W,Thiago Moises,0,3 of 4,75%,7 of 9,1 of 2,50%,1,0,2:34,2 of 3,0 of 0,1 of 1,2 of 3,1 of 1,0 of 0
L,Christos Giagos,0,2 of 5,40%,13 of 16,0 of 0,---,0,0,0:00,1 of 4,1 of 1,0 of 0,2 of 5,0 of 0,0 of 0
L,Nate Maness,0,2 of 20,10%,46 of 68,0 of 0,---,0,0,0:00,1 of 19,1 of 1,0 of 0,2 of 20,0 of 0,0 of 0
W,Umar Nurmagomedov,0,74 of 100,74%,128 of 161,3 of 4,75%,0,0,10:49,60 of 79,10 of 15,4 of 6,17 of 33,0 of 0,57 of 67
W,Chris Curtis,0,109 of 174,62%,128 of 193,0 of 0,---,0,0,0:35,80 of 136,29 of 38,0 of 0,104 of 167,2 of 4,3 of 3
L,Rodolfo Vieira,0,86 of 145,59%,90 of 149,0 of 20,0%,0,0,2:05,64 of 121,6 of 8,16 of 16,83 of 140,3 of 5,0 of 0
W,Carlos Ulberg,1,15 of 19,78%,15 of 19,0 of 0,---,0,0,0:04,9 of 13,3 of 3,3 of 3,12 of 15,0 of 0,3 of 4
L,Tafon Nchukwi,0,3 of 4,75%,3 of 4,0 of 0,---,0,0,0:00,0 of 0,0 of 0,3 of 4,3 of 4,0 of 0,0 of 0
W,Shayilan Nuerdanbieke,1,47 of 79,59%,86 of 121,3 of 6,50%,0,2,7:32,41 of 73,1 of 1,5 of 5,32 of 61,2 of 2,13 of 16
L,TJ Brown,0,42 of 99,42%,58 of 125,1 of 2,50%,4,2,2:54,30 of 86,9 of 10,3 of 3,36 of 92,3 of 3,3 of 4
L,Raulian Paiva,0,63 of 142,44%,63 of 142,1 of 4,25%,0,0,0:13,51 of 120,10 of 20,2 of 2,62 of 140,1 of 1,0 of 1
W,Sergey Morozov,0,68 of 127,53%,82 of 143,2 of 13,15%,0,0,4:35,56 of 113,8 of 9,4 of 5,66 of 122,1 of 3,1 of 2
L,JP Buys,0,7 of 11,63%,7 of 11,0 of 2,0%,0,0,0:00,4 of 7,1 of 1,2 of 3,5 of 9,2 of 2,0 of 0
W,Cody Durden,1,23 of 30,76%,34 of 41,0 of 0,---,0,0,0:26,21 of 28,2 of 2,0 of 0,8 of 12,1 of 1,14 of 17
L,Brian Kelleher,0,2 of 3,66%,2 of 3,0 of 0,---,0,0,0:00,1 of 2,0 of 0,1 of 1,2 of 3,0 of 0,0 of 0
W,Mario Bautista,0,6 of 17,35%,6 of 17,2 of 2,100%,1,0,1:28,3 of 14,1 of 1,2 of 2,4 of 15,0 of 0,2 of 2
W,Vanessa Demopoulos,0,66 of 139,47%,71 of 144,1 of 7,14%,0,0,4:14,34 of 100,25 of 31,7 of 8,40 of 107,26 of 32,0 of 0
L,Jinh Yu Frey,0,62 of 133,46%,81 of 153,0 of 1,0%,0,0,0:11,49 of 116,8 of 11,5 of 6,58 of 128,4 of 5,0 of 0
L,Calvin Kattar,0,130 of 375,34%,131 of 376,0 of 0,---,0,0,0:00,114 of 351,15 of 23,1 of 1,130 of 375,0 of 0,0 of 0
W,Josh Emmett,0,107 of 332,32%,107 of 332,0 of 4,0%,0,0,0:04,73 of 286,26 of 37,8 of 9,106 of 330,1 of 2,0 of 0
L,Tim Means,0,21 of 46,45%,25 of 52,2 of 5,40%,0,0,1:30,8 of 25,11 of 17,2 of 4,20 of 45,1 of 1,0 of 0
W,Kevin Holland,0,36 of 90,40%,53 of 109,0 of 1,0%,1,0,0:09,26 of 71,3 of 9,7 of 10,33 of 85,3 of 5,0 of 0
W,Joaquin Buckley,2,27 of 105,25%,30 of 108,0 of 0,---,0,0,0:22,15 of 80,11 of 24,1 of 1,23 of 98,3 of 6,1 of 1
L,Albert Duraev,0,10 of 50,20%,17 of 60,2 of 9,22%,0,0,1:48,3 of 38,3 of 6,4 of 6,9 of 49,1 of 1,0 of 0
W,Damir Ismagulov,0,79 of 192,41%,83 of 197,0 of 6,0%,0,0,0:46,63 of 173,14 of 17,2 of 2,76 of 184,3 of 8,0 of 0
L,Guram Kutateladze,0,78 of 187,41%,80 of 190,1 of 7,14%,0,0,0:39,29 of 129,28 of 33,21 of 25,64 of 170,13 of 16,1 of 1
L,Julian Marquez,0,13 of 42,30%,13 of 42,0 of 0,---,0,0,0:00,8 of 36,0 of 1,5 of 5,13 of 36,0 of 6,0 of 0
W,Gregory Rodrigues,3,49 of 72,68%,50 of 74,0 of 0,---,0,0,0:52,46 of 67,3 of 5,0 of 0,33 of 49,3 of 6,13 of 17
W,Adrian Yanez,1,35 of 67,52%,36 of 68,0 of 0,---,0,0,0:04,29 of 60,6 of 7,0 of 0,29 of 60,1 of 2,5 of 5
L,Tony Kelley,0,20 of 49,40%,21 of 50,0 of 0,---,0,0,0:02,12 of 29,6 of 16,2 of 4,20 of 48,0 of 1,0 of 0
L,Jasmine Jasudavicius,0,31 of 101,30%,40 of 116,0 of 6,0%,0,0,3:37,12 of 72,18 of 27,1 of 2,27 of 95,4 of 6,0 of 0
W,Natalia Silva,0,96 of 185,51%,120 of 213,2 of 3,66%,0,0,1:07,55 of 137,18 of 24,23 of 24,85 of 169,1 of 1,10 of 15
L,Court McGee,0,3 of 8,37%,3 of 8,0 of 0,---,0,0,0:00,0 of 4,2 of 3,1 of 1,3 of 8,0 of 0,0 of 0
W,Jeremiah Wells,1,7 of 16,43%,7 of 16,0 of 0,---,0,0,0:02,7 of 16,0 of 0,0 of 0,5 of 14,0 of 0,2 of 2
W,Ricardo Ramos,1,4 of 14,28%,4 of 14,0 of 0,---,0,0,0:01,3 of 12,1 of 2,0 of 0,4 of 14,0 of 0,0 of 0
L,Danny Chavez,0,3 of 9,33%,3 of 9,0 of 0,---,0,0,0:00,2 of 7,0 of 0,1 of 2,3 of 8,0 of 1,0 of 0
W,Maria Oliveira,0,96 of 297,32%,99 of 303,2 of 4,50%,0,0,1:35,66 of 247,12 of 23,18 of 27,94 of 294,2 of 3,0 of 0
L,Gloria de Paula,0,105 of 190,55%,116 of 205,2 of 3,66%,0,0,0:49,75 of 155,11 of 15,19 of 20,98 of 182,7 of 7,0 of 1
L,Eddie Wineland,0,3 of 7,42%,3 of 7,0 of 0,---,0,0,0:00,1 of 5,2 of 2,0 of 0,3 of 6,0 of 1,0 of 0
W,Cody Stamann,1,27 of 38,71%,32 of 43,0 of 0,---,0,0,0:07,23 of 34,3 of 3,1 of 1,9 of 16,12 of 16,6 of 6
W,Phil Hawes,1,118 of 175,67%,126 of 191,1 of 3,33%,0,0,0:47,99 of 152,17 of 21,2 of 2,89 of 138,14 of 18,15 of 19
L,Deron Winn,0,32 of 111,28%,34 of 114,0 of 0,---,0,0,0:00,24 of 101,4 of 6,4 of 4,29 of 100,3 of 11,0 of 0
W,Roman Dolidze,2,8 of 15,53%,10 of 17,0 of 0,---,0,0,0:36,8 of 14,0 of 1,0 of 0,0 of 4,3 of 3,5 of 8
L,Kyle Daukaus,0,4 of 9,44%,5 of 10,0 of 0,---,0,0,0:00,1 of 6,1 of 1,2 of 2,4 of 9,0 of 0,0 of 0
L,Glover Teixeira,0,111 of 161,68%,159 of 212,5 of 17,29%,1,2,9:47,98 of 145,12 of 15,1 of 1,45 of 86,6 of 7,60 of 68
W,Jiri Prochazka,0,120 of 205,58%,157 of 245,0 of 0,---,1,4,4:29,106 of 190,12 of 13,2 of 2,76 of 142,8 of 11,36 of 52
W,Valentina Shevchenko,0,77 of 139,55%,234 of 309,3 of 5,60%,1,0,4:15,46 of 100,12 of 18,19 of 21,65 of 123,7 of 10,5 of 6
L,Taila Santos,0,55 of 102,53%,128 of 180,3 of 3,100%,3,2,8:49,18 of 58,11 of 15,26 of 29,45 of 89,4 of 5,6 of 8
W,Zhang Weili,1,69 of 102,67%,94 of 130,3 of 6,50%,0,0,2:51,52 of 80,12 of 15,5 of 7,29 of 59,5 of 5,35 of 38
L,Joanna Jedrzejczyk,0,43 of 85,50%,44 of 86,0 of 0,---,0,0,0:00,20 of 56,9 of 9,14 of 20,39 of 81,4 of 4,0 of 0
L,Andre Fialho,0,18 of 51,35%,19 of 52,0 of 0,---,0,0,0:00,13 of 44,1 of 3,4 of 4,18 of 49,0 of 0,0 of 2
W,Jake Matthews,1,47 of 89,52%,47 of 89,0 of 0,---,0,0,0:00,35 of 75,4 of 4,8 of 10,44 of 86,1 of 1,2 of 2
W,Jack Della Maddalena,1,18 of 36,50%,18 of 36,0 of 0,---,0,0,0:03,11 of 26,7 of 10,0 of 0,11 of 29,3 of 3,4 of 4
L,Ramazan Emeev,0,7 of 24,29%,7 of 24,1 of 2,50%,1,0,0:25,6 of 22,1 of 2,0 of 0,7 of 24,0 of 0,0 of 0
L,SeungWoo Choi,0,46 of 163,28%,64 of 184,1 of 2,50%,0,0,2:30,29 of 137,6 of 14,11 of 12,39 of 147,4 of 10,3 of 6
W,Josh Culibao,2,51 of 111,45%,69 of 132,0 of 0,---,0,0,0:58,40 of 97,7 of 9,4 of 5,40 of 95,6 of 8,5 of 8
W,Maheshate,2,7 of 10,70%,7 of 10,0 of 0,---,0,0,0:01,6 of 8,1 of 2,0 of 0,7 of 10,0 of 0,0 of 0
L,Steve Garcia,0,7 of 19,36%,9 of 21,0 of 0,---,0,0,0:35,7 of 15,0 of 4,0 of 0,4 of 15,0 of 1,3 of 3
W,Brendan Allen,0,45 of 74,60%,89 of 122,2 of 2,100%,0,2,3:24,36 of 62,2 of 4,7 of 8,28 of 55,0 of 1,17 of 18
L,Jacob Malkoun,0,33 of 55,60%,66 of 96,7 of 14,50%,0,0,7:09,29 of 50,3 of 4,1 of 1,29 of 48,1 of 1,3 of 6
W,Kyung Ho Kang,0,100 of 155,64%,100 of 155,0 of 2,0%,0,0,0:00,82 of 134,2 of 4,16 of 17,99 of 153,1 of 2,0 of 0
L,Batgerel Danaa,0,109 of 284,38%,110 of 286,0 of 1,0%,0,0,0:03,68 of 223,19 of 36,22 of 25,103 of 276,5 of 7,1 of 1
L,Liang Na,0,4 of 17,23%,4 of 17,0 of 2,0%,0,0,0:09,4 of 17,0 of 0,0 of 0,4 of 17,0 of 0,0 of 0
W,Silvana Gomez Juarez,1,8 of 12,66%,10 of 14,0 of 0,---,0,0,0:00,8 of 12,0 of 0,0 of 0,6 of 9,2 of 3,0 of 0
L,Ramona Pascual,0,63 of 109,57%,65 of 113,1 of 11,9%,0,0,1:02,23 of 63,20 of 24,20 of 22,44 of 86,19 of 23,0 of 0
W,Joselyne Edwards,0,164 of 268,61%,175 of 280,0 of 3,0%,0,0,0:52,22 of 83,65 of 98,77 of 87,152 of 251,12 of 17,0 of 0
W,Alexander Volkov,0,21 of 37,56%,21 of 37,0 of 0,---,0,0,0:00,10 of 26,5 of 5,6 of 6,21 of 37,0 of 0,0 of 0
L,Jairzinho Rozenstruik,0,6 of 18,33%,6 of 18,0 of 0,---,0,0,0:00,3 of 15,0 of 0,3 of 3,6 of 18,0 of 0,0 of 0
L,Dan Ige,0,42 of 106,39%,47 of 114,0 of 0,---,0,0,0:10,25 of 85,14 of 18,3 of 3,38 of 102,1 of 1,3 of 3
W,Movsar Evloev,0,68 of 129,52%,144 of 213,9 of 16,56%,0,0,6:47,50 of 109,12 of 14,6 of 6,51 of 110,2 of 2,15 of 17
L,Michael Trizano,1,31 of 62,50%,42 of 74,0 of 0,---,0,0,1:43,17 of 45,12 of 14,2 of 3,26 of 55,1 of 2,4 of 5
W,Lucas Almeida,2,75 of 152,49%,94 of 171,0 of 0,---,0,0,2:13,32 of 95,16 of 22,27 of 35,54 of 121,0 of 0,21 of 31
W,Karine Silva,0,17 of 68,25%,23 of 75,1 of 1,100%,1,0,0:47,9 of 49,5 of 8,3 of 11,12 of 63,0 of 0,5 of 5
L,Poliana Botelho,0,19 of 26,73%,19 of 26,0 of 0,---,0,0,0:00,10 of 17,6 of 6,3 of 3,19 of 26,0 of 0,0 of 0
W,Ode Osbourne,1,7 of 15,46%,7 of 15,0 of 0,---,0,0,0:03,7 of 15,0 of 0,0 of 0,1 of 8,0 of 0,6 of 7
L,Zarrukh Adashev,0,7 of 13,53%,7 of 13,0 of 0,---,0,0,0:00,5 of 11,1 of 1,1 of 1,7 of 13,0 of 0,0 of 0
W,Alonzo Menifield,0,19 of 22,86%,55 of 59,2 of 3,66%,0,0,4:19,18 of 21,1 of 1,0 of 0,3 of 6,0 of 0,16 of 16
L,Askar Mozharov,0,2 of 11,18%,11 of 20,0 of 0,---,0,0,0:00,1 of 9,1 of 2,0 of 0,2 of 11,0 of 0,0 of 0
L,Felice Herrig,0,55 of 122,45%,59 of 126,0 of 2,0%,0,0,0:01,34 of 92,20 of 28,1 of 2,49 of 116,6 of 6,0 of 0
W,Karolina Kowalkiewicz,0,82 of 123,66%,102 of 146,0 of 2,0%,2,0,3:10,54 of 94,23 of 24,5 of 5,57 of 96,17 of 18,8 of 9
W,Joe Solecki,0,33 of 82,40%,91 of 144,1 of 4,25%,3,0,4:51,32 of 81,0 of 0,1 of 1,30 of 77,1 of 3,2 of 2
L,Alex Da Silva,1,35 of 76,46%,54 of 96,0 of 0,---,0,0,5:55,20 of 58,11 of 12,4 of 6,29 of 67,1 of 2,5 of 7
W,Damon Jackson,0,32 of 53,60%,47 of 71,2 of 4,50%,1,1,10:25,23 of 44,6 of 6,3 of 3,19 of 40,5 of 5,8 of 8
L,Dan Argueta,0,27 of 59,45%,103 of 141,1 of 3,33%,0,1,2:44,24 of 56,3 of 3,0 of 0,16 of 42,10 of 15,1 of 2
L,Niklas Stolze,0,11 of 14,78%,20 of 23,0 of 0,---,1,0,0:00,3 of 5,5 of 5,3 of 4,6 of 9,4 of 4,1 of 1
W,Benoit Saint Denis,0,8 of 10,80%,41 of 48,3 of 5,60%,2,0,5:44,4 of 5,3 of 4,1 of 1,4 of 6,2 of 2,2 of 2
L,Johnny Munoz,0,2 of 7,28%,2 of 7,0 of 1,0%,0,0,0:00,0 of 5,0 of 0,2 of 2,2 of 7,0 of 0,0 of 0
W,Tony Gravely,1,5 of 15,33%,6 of 16,0 of 0,---,0,0,0:03,4 of 12,0 of 0,1 of 3,2 of 11,0 of 0,3 of 4
W,Jeff Molina,0,56 of 148,37%,129 of 226,0 of 0,---,0,0,0:14,43 of 133,6 of 7,7 of 8,49 of 139,5 of 7,2 of 2
L,Zhalgas Zhumagulov,0,37 of 112,33%,68 of 146,2 of 13,15%,0,0,5:32,10 of 74,17 of 26,10 of 12,28 of 103,9 of 9,0 of 0
W,Rinat Fakhretdinov,0,45 of 61,73%,106 of 130,5 of 10,50%,0,0,13:00,27 of 41,10 of 11,8 of 9,10 of 20,18 of 22,17 of 19
L,Andreas Michailidis,0,18 of 33,54%,48 of 65,0 of 2,0%,0,1,0:39,7 of 22,5 of 5,6 of 6,9 of 22,7 of 9,2 of 2
W,Erin Blanchfield,0,48 of 100,48%,68 of 121,0 of 4,0%,1,0,0:56,29 of 76,11 of 11,8 of 13,46 of 96,2 of 4,0 of 0
L,JJ Aldrich,0,32 of 71,45%,38 of 77,2 of 6,33%,0,0,0:42,29 of 66,3 of 5,0 of 0,31 of 68,1 of 3,0 of 0
L,Holly Holm,0,96 of 157,61%,188 of 263,0 of 6,0%,0,0,10:03,26 of 79,34 of 40,36 of 38,76 of 133,20 of 24,0 of 0
W,Ketlen Vieira,0,85 of 151,56%,122 of 190,1 of 7,14%,1,0,1:24,49 of 109,29 of 34,7 of 8,49 of 110,32 of 37,4 of 4
L,Santiago Ponzinibbio,0,105 of 220,47%,106 of 221,1 of 4,25%,0,0,0:18,78 of 185,13 of 18,14 of 17,103 of 217,1 of 1,1 of 2
W,Michel Pereira,0,110 of 216,50%,110 of 216,0 of 0,---,0,0,0:01,52 of 143,42 of 56,16 of 17,108 of 214,2 of 2,0 of 0
W,Chidi Njokuani,1,14 of 17,82%,19 of 23,0 of 0,---,1,0,0:50,3 of 4,8 of 10,3 of 3,5 of 7,9 of 10,0 of 0
L,Dusko Todorovic,0,5 of 7,71%,9 of 11,2 of 7,28%,0,0,3:13,4 of 6,1 of 1,0 of 0,0 of 2,4 of 4,1 of 1
L,Polyana Viana,0,36 of 97,37%,126 of 212,0 of 0,---,0,0,0:09,18 of 74,11 of 14,7 of 9,29 of 86,3 of 7,4 of 4
W,Tabatha Ricci,0,33 of 73,45%,72 of 126,5 of 10,50%,0,0,9:31,11 of 43,3 of 8,19 of 22,21 of 57,0 of 1,12 of 15
L,Eryk Anders,0,65 of 142,45%,75 of 155,3 of 24,12%,0,0,4:45,45 of 112,17 of 25,3 of 5,56 of 131,9 of 11,0 of 0
W,JunYong Park,0,105 of 184,57%,108 of 187,0 of 1,0%,0,1,0:31,74 of 152,16 of 17,15 of 15,85 of 161,20 of 23,0 of 0
W,Joseph Holmes,1,16 of 23,69%,16 of 23,1 of 1,100%,1,0,0:21,11 of 17,2 of 2,3 of 4,9 of 14,1 of 1,6 of 8
L,Alen Amedovski,0,1 of 8,12%,1 of 8,0 of 0,---,0,0,0:00,1 of 7,0 of 1,0 of 0,1 of 8,0 of 0,0 of 0
W,Jailton Almeida,0,18 of 34,52%,36 of 58,1 of 2,50%,1,0,4:29,16 of 32,2 of 2,0 of 0,1 of 1,0 of 0,17 of 33
L,Parker Porter,0,0 of 0,---,0 of 0,0 of 0,---,0,0,0:00,0 of 0,0 of 0,0 of 0,0 of 0,0 of 0,0 of 0
L,Omar Morales,0,33 of 85,38%,33 of 85,0 of 0,---,0,0,0:00,18 of 64,8 of 14,7 of 7,32 of 82,1 of 3,0 of 0
W,Uros Medic,2,47 of 86,54%,47 of 86,0 of 0,---,0,0,0:02,21 of 57,13 of 16,13 of 13,45 of 83,2 of 3,0 of 0
W,Jonathan Martinez,0,88 of 154,57%,88 of 154,2 of 2,100%,0,0,0:41,41 of 98,18 of 22,29 of 34,86 of 151,2 of 3,0 of 0
L,Vince Morales,0,51 of 153,33%,62 of 164,0 of 0,---,0,1,0:14,33 of 127,15 of 23,3 of 3,48 of 149,2 of 3,1 of 1
W,Chase Hooper,0,60 of 93,64%,140 of 188,4 of 7,57%,3,5,7:04,57 of 88,3 of 5,0 of 0,11 of 28,10 of 18,39 of 47
L,Felipe Colares,0,21 of 23,91%,43 of 46,2 of 4,50%,0,3,4:14,14 of 16,4 of 4,3 of 3,9 of 10,1 of 1,11 of 12
L,Elise Reed,0,17 of 41,41%,70 of 100,0 of 0,---,0,0,0:00,10 of 34,7 of 7,0 of 0,13 of 37,4 of 4,0 of 0
W,Sam Hughes,0,43 of 65,66%,130 of 161,4 of 7,57%,0,0,11:59,33 of 51,6 of 10,4 of 4,7 of 19,6 of 10,30 of 36
W,Jan Blachowicz,0,31 of 71,43%,53 of 94,0 of 0,---,1,0,0:01,8 of 31,9 of 21,14 of 19,31 of 69,0 of 2,0 of 0
L,Aleksandar Rakic,0,27 of 85,31%,61 of 125,1 of 4,25%,0,0,4:33,14 of 60,2 of 9,11 of 16,17 of 70,0 of 0,10 of 15
W,Ryan Spann,0,4 of 11,36%,5 of 12,0 of 0,---,1,0,0:04,4 of 11,0 of 0,0 of 0,4 of 11,0 of 0,0 of 0
L,Ion Cutelaba,0,2 of 9,22%,2 of 9,3 of 3,100%,0,0,1:11,2 of 8,0 of 1,0 of 0,1 of 5,0 of 3,1 of 1
W,Davey Grant,1,81 of 197,41%,84 of 200,0 of 1,0%,0,0,0:35,36 of 134,29 of 42,16 of 21,68 of 180,6 of 8,7 of 9
L,Louis Smolka,0,71 of 139,51%,75 of 145,0 of 3,0%,0,0,0:35,46 of 101,19 of 31,6 of 7,67 of 133,1 of 1,3 of 5
W,Katlyn Cerminara,0,63 of 222,28%,71 of 230,0 of 2,0%,0,0,0:06,42 of 175,20 of 44,1 of 3,56 of 210,7 of 12,0 of 0
L,Amanda Ribas,0,55 of 169,32%,84 of 204,3 of 6,50%,0,0,4:49,28 of 124,8 of 23,19 of 22,49 of 156,3 of 7,3 of 6
L,Frank Camacho,0,16 of 31,51%,24 of 40,0 of 5,0%,0,0,0:14,10 of 24,2 of 2,4 of 5,14 of 29,2 of 2,0 of 0
W,Manuel Torres,1,34 of 64,53%,34 of 64,0 of 1,0%,0,0,0:16,27 of 56,6 of 7,1 of 1,30 of 60,4 of 4,0 of 0
L,Jake Hadley,0,8 of 29,27%,26 of 47,0 of 0,---,1,1,3:50,5 of 25,3 of 4,0 of 0,3 of 20,1 of 1,4 of 8
W,Allan Nascimento,0,19 of 52,36%,36 of 69,2 of 4,50%,0,3,9:27,7 of 32,8 of 16,4 of 4,10 of 27,1 of 2,8 of 23
W,Viviane Araujo,0,39 of 79,49%,96 of 160,3 of 5,60%,2,0,10:40,25 of 63,9 of 11,5 of 5,32 of 66,0 of 0,7 of 13
L,Andrea Lee,1,47 of 82,57%,64 of 103,1 of 2,50%,0,0,0:48,34 of 65,9 of 13,4 of 4,36 of 64,7 of 11,4 of 7
W,Michael Johnson,1,30 of 48,62%,40 of 61,1 of 1,100%,0,0,2:01,18 of 35,9 of 9,3 of 4,25 of 43,2 of 2,3 of 3
L,Alan Patrick,0,22 of 47,46%,30 of 56,0 of 5,0%,0,0,0:12,7 of 30,9 of 11,6 of 6,20 of 42,2 of 5,0 of 0
W,Virna Jandiroba,0,14 of 60,23%,92 of 151,3 of 8,37%,0,0,7:04,13 of 52,1 of 8,0 of 0,13 of 58,1 of 2,0 of 0
L,Angela Hill,0,21 of 55,38%,44 of 86,1 of 2,50%,0,1,2:08,14 of 42,7 of 13,0 of 0,19 of 52,2 of 2,0 of 1
W,Tatsuro Taira,1,57 of 87,65%,89 of 132,1 of 5,20%,3,2,6:57,45 of 74,5 of 6,7 of 7,15 of 30,2 of 2,40 of 55
L,Carlos Candelario,0,9 of 34,26%,21 of 47,2 of 5,40%,1,3,3:28,6 of 27,3 of 6,0 of 1,9 of 34,0 of 0,0 of 0
L,Nick Maximov,0,4 of 11,36%,4 of 11,0 of 1,0%,0,0,0:00,2 of 7,2 of 3,0 of 1,4 of 11,0 of 0,0 of 0
W,Andre Petroski,0,1 of 10,10%,1 of 10,0 of 0,---,1,0,0:23,0 of 8,0 of 0,1 of 2,1 of 10,0 of 0,0 of 0
W,Charles Oliveira,1,30 of 47,63%,33 of 52,0 of 1,0%,2,0,0:39,18 of 32,11 of 13,1 of 2,20 of 34,8 of 10,2 of 3
L,Justin Gaethje,1,21 of 33,63%,21 of 33,0 of 0,---,0,0,0:13,13 of 22,3 of 3,5 of 8,15 of 26,6 of 7,0 of 0
L,Rose Namajunas,0,37 of 136,27%,38 of 137,1 of 1,100%,0,0,0:10,30 of 122,6 of 12,1 of 2,36 of 135,1 of 1,0 of 0
W,Carla Esparza,0,30 of 133,22%,30 of 133,2 of 11,18%,0,0,0:22,15 of 108,4 of 11,11 of 14,27 of 128,3 of 5,0 of 0
W,Michael Chandler,1,27 of 53,50%,43 of 73,1 of 1,100%,0,0,2:31,15 of 39,6 of 8,6 of 6,18 of 38,0 of 0,9 of 15
L,Tony Ferguson,0,20 of 50,40%,27 of 58,0 of 0,---,0,0,0:00,13 of 38,2 of 7,5 of 5,17 of 42,0 of 0,3 of 8
L,Mauricio Rua,0,54 of 99,54%,54 of 99,0 of 0,---,0,0,0:00,18 of 53,11 of 17,25 of 29,54 of 99,0 of 0,0 of 0
W,Ovince Saint Preux,0,62 of 112,55%,62 of 112,0 of 1,0%,0,0,0:15,18 of 57,36 of 43,8 of 12,62 of 112,0 of 0,0 of 0
W,Randy Brown,0,93 of 177,52%,103 of 188,0 of 4,0%,0,0,0:11,68 of 144,15 of 22,10 of 11,74 of 156,19 of 21,0 of 0
L,Khaos Williams,1,75 of 224,33%,96 of 246,0 of 0,---,0,0,4:09,26 of 159,16 of 21,33 of 44,68 of 207,4 of 10,3 of 7
W,Francisco Trinaldo,0,80 of 124,64%,91 of 137,0 of 1,0%,1,0,4:21,62 of 102,16 of 20,2 of 2,51 of 86,21 of 26,8 of 12
L,Danny Roberts,0,36 of 118,30%,44 of 128,0 of 0,---,0,0,0:39,15 of 92,12 of 15,9 of 11,27 of 103,8 of 14,1 of 1
W,Macy Chiasson,0,32 of 89,35%,131 of 194,6 of 12,50%,0,0,7:34,14 of 59,8 of 13,10 of 17,27 of 84,5 of 5,0 of 0
L,Norma Dumont,0,38 of 75,50%,96 of 136,0 of 0,---,0,0,0:26,27 of 60,8 of 10,3 of 5,28 of 62,10 of 13,0 of 0
W,Brandon Royval,0,14 of 39,35%,14 of 39,0 of 0,---,1,0,0:13,9 of 33,2 of 3,3 of 3,13 of 37,1 of 1,0 of 1
L,Matt Schnell,1,12 of 33,36%,15 of 36,0 of 0,---,0,0,0:54,9 of 29,3 of 4,0 of 0,10 of 28,0 of 0,2 of 5
W,Blagoy Ivanov,0,62 of 128,48%,75 of 142,0 of 4,0%,0,0,3:52,53 of 118,9 of 10,0 of 0,54 of 118,8 of 10,0 of 0
L,Marcos Rogerio de Lima,0,68 of 133,51%,81 of 147,1 of 5,20%,0,0,2:04,46 of 107,18 of 20,4 of 6,58 of 115,10 of 18,0 of 0
W,Andre Fialho,1,17 of 24,70%,17 of 24,0 of 0,---,0,0,0:02,12 of 19,2 of 2,3 of 3,16 of 23,0 of 0,1 of 1
L,Cameron VanCamp,0,19 of 31,61%,19 of 31,0 of 0,---,0,0,0:00,9 of 19,4 of 6,6 of 6,19 of 31,0 of 0,0 of 0
W,Tracy Cortez,0,36 of 66,54%,70 of 102,2 of 3,66%,1,1,7:54,25 of 51,6 of 9,5 of 6,14 of 37,2 of 2,20 of 27
L,Melissa Gatto,0,30 of 73,41%,49 of 95,3 of 6,50%,1,1,3:17,25 of 61,3 of 7,2 of 5,27 of 69,0 of 1,3 of 3
L,Kleydson Rodrigues,0,81 of 143,56%,93 of 156,2 of 7,28%,1,2,3:14,39 of 91,32 of 40,10 of 12,70 of 131,6 of 7,5 of 5
W,CJ Vergara,0,71 of 127,55%,155 of 221,0 of 0,---,0,0,4:20,42 of 89,18 of 25,11 of 13,45 of 92,7 of 10,19 of 25
L,Ariane Carnelossi,0,9 of 20,45%,23 of 35,0 of 1,0%,0,0,0:00,7 of 18,1 of 1,1 of 1,4 of 13,3 of 5,2 of 2
W,Loopy Godinez,0,46 of 61,75%,130 of 173,8 of 8,100%,2,0,13:26,36 of 49,10 of 12,0 of 0,11 of 19,8 of 12,27 of 30
W,Journey Newson,0,57 of 143,39%,63 of 150,2 of 3,66%,0,0,0:42,23 of 92,21 of 30,13 of 21,52 of 138,1 of 1,4 of 4
L,Fernie Garcia,0,37 of 103,35%,38 of 104,0 of 0,---,0,0,0:02,24 of 84,6 of 12,7 of 7,37 of 101,0 of 2,0 of 0
L,Rob Font,0,271 of 516,52%,273 of 520,1 of 2,50%,0,0,0:18,199 of 436,48 of 56,24 of 24,256 of 496,15 of 20,0 of 0
W,Marlon Vera,3,159 of 283,56%,167 of 291,0 of 0,---,0,0,2:05,95 of 205,22 of 31,42 of 47,133 of 246,4 of 4,22 of 33
W,Andrei Arlovski,0,91 of 164,55%,105 of 178,0 of 0,---,0,0,0:01,66 of 137,15 of 17,10 of 10,82 of 152,8 of 11,1 of 1
L,Jake Collier,0,93 of 188,49%,132 of 231,2 of 3,66%,0,0,3:38,77 of 168,7 of 10,9 of 10,81 of 171,12 of 17,0 of 0
L,Andre Fili,0,6 of 15,40%,6 of 15,0 of 0,---,0,0,0:00,6 of 15,0 of 0,0 of 0,6 of 15,0 of 0,0 of 0
W,Joanderson Brito,1,14 of 20,70%,14 of 20,0 of 0,---,0,0,0:07,12 of 18,0 of 0,2 of 2,5 of 6,0 of 0,9 of 14
L,Jared Gordon,0,77 of 119,64%,111 of 153,0 of 0,---,0,0,1:12,48 of 83,21 of 26,8 of 10,59 of 98,14 of 16,4 of 5
W,Grant Dawson,0,54 of 111,48%,98 of 163,7 of 17,41%,2,0,7:11,42 of 96,11 of 14,1 of 1,40 of 97,9 of 9,5 of 5
W,Darren Elkins,0,75 of 151,49%,165 of 259,5 of 10,50%,1,0,7:52,66 of 141,9 of 10,0 of 0,38 of 107,29 of 34,8 of 10
L,Tristan Connelly,0,66 of 117,56%,106 of 158,0 of 0,---,0,0,0:58,48 of 96,9 of 12,9 of 9,42 of 87,21 of 27,3 of 3
W,Krzysztof Jotko,0,65 of 124,52%,129 of 195,4 of 4,100%,0,0,5:25,51 of 102,8 of 15,6 of 7,52 of 110,7 of 8,6 of 6
L,Gerald Meerschaert,0,37 of 91,40%,46 of 101,1 of 4,25%,0,0,1:54,17 of 70,8 of 9,12 of 12,28 of 80,9 of 11,0 of 0
W,Alexandr Romanov,0,8 of 14,57%,11 of 17,3 of 3,100%,1,0,1:58,8 of 14,0 of 0,0 of 0,0 of 0,0 of 0,8 of 14
L,Chase Sherman,0,0 of 0,---,0 of 0,0 of 0,---,0,0,0:00,0 of 0,0 of 0,0 of 0,0 of 0,0 of 0,0 of 0
L,Daniel Lacerda,0,4 of 6,66%,5 of 7,1 of 1,100%,0,0,0:28,1 of 3,1 of 1,2 of 2,4 of 6,0 of 0,0 of 0
W,Francisco Figueiredo,0,5 of 5,100%,5 of 5,0 of 0,---,1,0,0:00,0 of 0,1 of 1,4 of 4,5 of 5,0 of 0,0 of 0
W,Gabe Green,0,48 of 123,39%,54 of 129,0 of 0,---,0,0,0:41,26 of 98,13 of 16,9 of 9,36 of 105,4 of 5,8 of 13
L,Yohan Lainesse,1,41 of 80,51%,42 of 81,2 of 4,50%,1,0,1:37,15 of 40,11 of 16,15 of 24,35 of 74,3 of 3,3 of 3
W,Natan Levy,0,92 of 141,65%,99 of 150,9 of 16,56%,0,0,3:39,68 of 115,19 of 21,5 of 5,80 of 124,4 of 8,8 of 9
L,Mike Breeden,0,104 of 210,49%,115 of 221,3 of 4,75%,0,0,1:56,64 of 158,39 of 51,1 of 1,89 of 185,13 of 22,2 of 3
L,Gina Mazany,0,48 of 86,55%,57 of 95,1 of 5,20%,0,0,1:22,15 of 50,24 of 27,9 of 9,43 of 77,5 of 9,0 of 0
W,Shanna Young,0,49 of 102,48%,62 of 118,0 of 0,---,0,1,0:57,34 of 79,12 of 20,3 of 3,33 of 78,2 of 2,14 of 22
L,Amanda Lemos,0,7 of 17,41%,7 of 17,0 of 0,---,0,0,0:00,4 of 12,0 of 2,3 of 3,7 of 17,0 of 0,0 of 0
W,Jessica Andrade,0,3 of 9,33%,3 of 9,0 of 1,0%,1,0,0:38,0 of 3,1 of 1,2 of 5,3 of 9,0 of 0,0 of 0
L,Clay Guida,0,3 of 4,75%,4 of 6,0 of 1,0%,0,1,1:10,1 of 2,0 of 0,2 of 2,2 of 3,0 of 0,1 of 1
W,Claudio Puelles,0,1 of 3,33%,11 of 13,0 of 0,---,2,0,0:14,1 of 2,0 of 1,0 of 0,0 of 2,0 of 0,1 of 1
W,Maycee Barber,0,50 of 63,79%,80 of 101,1 of 4,25%,0,1,7:00,31 of 42,16 of 18,3 of 3,4 of 8,40 of 47,6 of 8
L,Montana De La Rosa,0,14 of 28,50%,41 of 57,1 of 2,50%,0,1,5:55,7 of 19,7 of 9,0 of 0,3 of 13,10 of 14,1 of 1
L,Lando Vannata,0,8 of 14,57%,8 of 14,1 of 1,100%,0,1,0:57,5 of 10,3 of 4,0 of 0,7 of 13,0 of 0,1 of 1
W,Charles Jourdain,0,4 of 7,57%,5 of 8,0 of 0,---,1,0,0:19,2 of 4,2 of 3,0 of 0,3 of 6,1 of 1,0 of 0
L,Jordan Wright,0,12 of 13,92%,16 of 17,2 of 4,50%,0,0,1:32,2 of 3,4 of 4,6 of 6,6 of 7,4 of 4,2 of 2
W,Marc-Andre Barriault,0,13 of 17,76%,17 of 21,0 of 0,---,1,1,0:03,11 of 15,2 of 2,0 of 0,2 of 5,9 of 10,2 of 2
L,Dwight Grant,1,42 of 110,38%,47 of 115,1 of 1,100%,0,0,0:20,35 of 103,5 of 5,2 of 2,38 of 105,2 of 2,2 of 3
W,Sergey Khandozhko,2,49 of 125,39%,49 of 125,1 of 1,100%,0,0,0:48,35 of 109,13 of 15,1 of 1,47 of 120,0 of 0,2 of 5
W,Tyson Pedro,1,22 of 29,75%,22 of 29,0 of 0,---,0,0,0:04,10 of 17,5 of 5,7 of 7,19 of 25,1 of 1,2 of 3
L,Ike Villanueva,0,4 of 22,18%,4 of 22,0 of 0,---,0,0,0:00,2 of 20,1 of 1,1 of 1,4 of 21,0 of 1,0 of 0
W,Aoriqileng,1,37 of 64,57%,49 of 85,1 of 1,100%,0,0,1:34,28 of 55,7 of 7,2 of 2,10 of 19,2 of 2,25 of 43
L,Cameron Else,0,6 of 12,50%,7 of 13,0 of 0,---,0,0,0:13,5 of 10,0 of 1,1 of 1,5 of 11,0 of 0,1 of 1
W,Preston Parsons,0,75 of 112,66%,121 of 160,4 of 6,66%,5,1,7:48,60 of 94,9 of 11,6 of 7,33 of 58,7 of 11,35 of 43
L,Evan Elder,0,27 of 60,45%,34 of 67,0 of 2,0%,0,2,1:47,12 of 43,11 of 12,4 of 5,26 of 58,1 of 1,0 of 1
L,Marcin Prachnio,0,74 of 117,63%,116 of 159,0 of 1,0%,0,0,1:53,13 of 49,44 of 48,17 of 20,47 of 81,26 of 35,1 of 1
W,Philipe Lins,0,64 of 110,58%,96 of 142,4 of 11,36%,0,0,5:28,36 of 79,20 of 22,8 of 9,52 of 96,9 of 10,3 of 4
L,Dean Barry,1,36 of 90,40%,39 of 93,0 of 0,---,0,0,0:15,25 of 78,10 of 11,1 of 1,26 of 74,8 of 12,2 of 4
W,Mike Jackson,0,18 of 37,48%,18 of 37,0 of 1,0%,0,0,0:09,13 of 30,1 of 2,4 of 5,18 of 37,0 of 0,0 of 0
L,Vicente Luque,0,84 of 184,45%,102 of 203,0 of 0,---,0,0,0:33,54 of 141,6 of 17,24 of 26,80 of 179,2 of 3,2 of 2
W,Belal Muhammad,0,60 of 155,38%,136 of 260,5 of 10,50%,0,0,7:29,51 of 141,8 of 13,1 of 1,56 of 149,3 of 5,1 of 1
W,Caio Borralho,0,31 of 49,63%,63 of 86,1 of 1,100%,0,1,10:11,23 of 35,4 of 10,4 of 4,11 of 26,1 of 1,19 of 22
L,Gadzhi Omargadzhiev,0,12 of 38,31%,61 of 90,1 of 2,50%,0,0,0:22,6 of 28,5 of 8,1 of 2,8 of 34,2 of 2,2 of 2
L,Miguel Baeza,0,24 of 58,41%,24 of 58,0 of 0,---,0,0,0:00,15 of 48,4 of 4,5 of 6,24 of 58,0 of 0,0 of 0
W,Andre Fialho,1,32 of 56,57%,32 of 56,0 of 0,---,0,0,0:03,19 of 41,5 of 7,8 of 8,25 of 49,5 of 5,2 of 2
W,Mayra Bueno Silva,0,87 of 152,57%,88 of 153,0 of 1,0%,2,0,0:49,49 of 97,18 of 25,20 of 30,80 of 137,3 of 4,4 of 11
L,Wu Yanan,0,62 of 218,28%,75 of 232,1 of 1,100%,0,0,2:15,37 of 169,16 of 26,9 of 23,54 of 204,3 of 3,5 of 11
W,Pat Sabatini,0,36 of 63,57%,124 of 162,6 of 10,60%,0,0,7:59,29 of 55,5 of 6,2 of 2,13 of 24,1 of 2,22 of 37
L,TJ Laramie,0,15 of 31,48%,22 of 39,1 of 4,25%,0,1,4:07,9 of 23,2 of 3,4 of 5,12 of 24,0 of 1,3 of 6
W,Mounir Lazzez,0,141 of 260,54%,141 of 260,0 of 2,0%,0,0,1:02,98 of 208,23 of 31,20 of 21,138 of 255,3 of 5,0 of 0
L,Ange Loosa,0,88 of 213,41%,91 of 216,0 of 2,0%,0,0,0:08,34 of 141,14 of 24,40 of 48,88 of 213,0 of 0,0 of 0
W,Devin Clark,1,34 of 47,72%,125 of 140,2 of 5,40%,0,0,5:46,19 of 30,5 of 6,10 of 11,25 of 37,4 of 5,5 of 5
L,William Knight,0,21 of 41,51%,39 of 59,1 of 1,100%,2,0,2:09,11 of 29,3 of 3,7 of 9,16 of 35,5 of 6,0 of 0
L,Lina Lansberg,1,39 of 88,44%,64 of 113,0 of 3,0%,0,0,2:23,30 of 75,8 of 11,1 of 2,31 of 78,8 of 10,0 of 0
W,Pannie Kianzad,0,78 of 160,48%,109 of 210,1 of 1,100%,0,0,4:31,59 of 140,16 of 17,3 of 3,59 of 137,19 of 23,0 of 0
W,Drakkar Klose,2,76 of 108,70%,77 of 109,2 of 3,66%,0,0,1:56,55 of 87,16 of 16,5 of 5,27 of 42,38 of 46,11 of 20
L,Brandon Jenkins,0,18 of 38,47%,28 of 48,0 of 0,---,0,0,0:10,4 of 23,3 of 4,11 of 11,14 of 34,4 of 4,0 of 0
W,Rafa Garcia,0,35 of 80,43%,73 of 126,3 of 4,75%,1,0,4:37,31 of 76,3 of 3,1 of 1,26 of 70,1 of 1,8 of 9
L,Jesse Ronson,0,25 of 61,40%,28 of 64,0 of 1,0%,0,0,0:02,13 of 48,6 of 7,6 of 6,25 of 60,0 of 1,0 of 0
L,Chris Barnett,0,23 of 52,44%,44 of 73,0 of 0,---,0,0,0:17,12 of 38,6 of 8,5 of 6,16 of 43,7 of 9,0 of 0
W,Martin Buday,1,56 of 83,67%,131 of 172,0 of 0,---,0,0,7:44,30 of 56,25 of 26,1 of 1,23 of 44,29 of 32,4 of 7
W,Jordan Leavitt,0,69 of 105,65%,124 of 170,0 of 3,0%,0,0,5:17,6 of 21,11 of 25,52 of 59,69 of 102,0 of 2,0 of 1
L,Trey Ogden,0,41 of 90,45%,130 of 182,1 of 4,25%,2,1,2:02,10 of 46,23 of 29,8 of 15,38 of 87,1 of 1,2 of 2
L,Istela Nunes,0,89 of 228,39%,90 of 229,0 of 0,---,0,0,0:00,52 of 173,26 of 44,11 of 11,83 of 220,5 of 6,1 of 2
W,Sam Hughes,0,76 of 182,41%,151 of 257,2 of 5,40%,0,0,3:26,67 of 167,9 of 15,0 of 0,59 of 156,4 of 7,13 of 19
W,Alatengheili,1,9 of 17,52%,9 of 17,0 of 0,---,0,0,0:01,9 of 16,0 of 1,0 of 0,8 of 15,0 of 0,1 of 2
L,Kevin Croom,0,2 of 12,16%,2 of 12,0 of 0,---,0,0,0:00,0 of 5,1 of 6,1 of 1,2 of 12,0 of 0,0 of 0
W,Alexander Volkanovski,1,138 of 213,64%,152 of 228,4 of 8,50%,0,0,2:52,102 of 171,10 of 13,26 of 29,116 of 185,10 of 12,12 of 16
L,Chan Sung Jung,0,48 of 125,38%,51 of 128,0 of 0,---,0,0,0:00,31 of 103,9 of 11,8 of 11,44 of 121,4 of 4,0 of 0
W,Aljamain Sterling,0,62 of 110,56%,91 of 143,2 of 22,9%,0,0,8:31,29 of 66,26 of 35,7 of 9,42 of 84,5 of 7,15 of 19
L,Petr Yan,0,63 of 103,61%,139 of 186,0 of 0,---,0,0,5:52,32 of 71,17 of 18,14 of 14,46 of 80,8 of 11,9 of 12
L,Gilbert Burns,0,119 of 200,59%,141 of 223,0 of 5,0%,0,0,0:06,89 of 166,22 of 24,8 of 10,99 of 178,9 of 10,11 of 12
W,Khamzat Chimaev,1,108 of 223,48%,124 of 239,2 of 3,66%,0,0,2:23,84 of 191,14 of 22,10 of 10,87 of 191,11 of 13,10 of 19
W,Mackenzie Dern,0,50 of 156,32%,58 of 164,0 of 5,0%,3,0,2:24,42 of 147,6 of 7,2 of 2,46 of 152,3 of 3,1 of 1
L,Tecia Pennington,0,76 of 124,61%,78 of 126,0 of 2,0%,0,0,2:54,19 of 61,25 of 30,32 of 33,75 of 122,0 of 0,1 of 2
L,Vinc Pichel,0,68 of 123,55%,88 of 144,1 of 2,50%,0,0,0:48,32 of 78,21 of 30,15 of 15,53 of 106,10 of 11,5 of 6
W,Mark Madsen,0,39 of 87,44%,57 of 110,3 of 3,100%,0,0,5:10,27 of 75,1 of 1,11 of 11,32 of 78,3 of 5,4 of 4
W,Ian Machado Garry,0,74 of 144,51%,80 of 151,0 of 0,---,0,0,0:39,47 of 113,12 of 16,15 of 15,69 of 136,5 of 8,0 of 0
L,Darian Weeks,0,40 of 77,51%,60 of 99,1 of 3,33%,0,0,2:52,17 of 47,8 of 12,15 of 18,33 of 66,7 of 11,0 of 0
W,Anthony Hernandez,0,48 of 71,67%,91 of 124,8 of 11,72%,3,0,10:45,39 of 62,8 of 8,1 of 1,9 of 25,5 of 9,34 of 37
L,Josh Fremd,0,31 of 54,57%,43 of 67,1 of 1,100%,1,1,2:37,16 of 37,13 of 15,2 of 2,15 of 35,12 of 14,4 of 5
L,Aspen Ladd,0,65 of 160,40%,102 of 199,2 of 4,50%,0,0,2:56,37 of 118,21 of 34,7 of 8,52 of 145,13 of 15,0 of 0
W,Raquel Pennington,0,114 of 195,58%,136 of 218,0 of 1,0%,0,0,1:42,57 of 133,47 of 52,10 of 10,89 of 166,25 of 29,0 of 0
L,Mickey Gall,0,13 of 30,43%,14 of 31,1 of 1,100%,0,0,0:17,13 of 29,0 of 1,0 of 0,12 of 29,1 of 1,0 of 0
W,Mike Malott,1,28 of 44,63%,29 of 45,0 of 0,---,0,0,0:05,21 of 37,5 of 5,2 of 2,21 of 37,1 of 1,6 of 6
W,Aleksei Oleinik,0,8 of 22,36%,8 of 22,0 of 0,---,1,1,0:44,3 of 16,2 of 3,3 of 3,8 of 22,0 of 0,0 of 0
L,Jared Vanderaa,0,15 of 40,37%,23 of 49,0 of 0,---,0,0,0:54,13 of 37,2 of 3,0 of 0,7 of 30,1 of 1,7 of 9
W,Piera Rodriguez,0,50 of 88,56%,77 of 124,3 of 4,75%,0,0,5:13,26 of 60,18 of 21,6 of 7,34 of 70,10 of 12,6 of 6
L,Kay Hansen,0,31 of 77,40%,54 of 106,2 of 8,25%,0,0,3:14,22 of 61,7 of 13,2 of 3,25 of 66,5 of 10,1 of 1
W,Julio Arce,0,127 of 265,47%,127 of 265,0 of 1,0%,0,0,0:18,100 of 228,25 of 35,2 of 2,125 of 262,2 of 3,0 of 0
L,Daniel Santos,0,49 of 229,21%,49 of 229,0 of 2,0%,0,0,0:46,27 of 197,15 of 24,7 of 8,46 of 225,3 of 4,0 of 0
W,Curtis Blaydes,1,30 of 63,47%,30 of 63,0 of 0,---,0,0,0:03,23 of 55,1 of 2,6 of 6,24 of 54,0 of 0,6 of 9
L,Chris Daukaus,0,13 of 38,34%,13 of 38,0 of 0,---,0,0,0:00,12 of 36,1 of 2,0 of 0,13 of 38,0 of 0,0 of 0
L,Joanne Wood,0,34 of 49,69%,61 of 76,0 of 0,---,0,0,0:00,22 of 33,4 of 6,8 of 10,32 of 44,0 of 3,2 of 2
W,Alexa Grasso,0,16 of 28,57%,50 of 65,2 of 2,100%,1,0,2:15,13 of 25,0 of 0,3 of 3,13 of 24,2 of 3,1 of 1
L,Matt Brown,0,81 of 129,62%,95 of 145,5 of 7,71%,0,0,5:01,36 of 75,38 of 44,7 of 10,51 of 95,24 of 28,6 of 6
W,Bryan Barberena,0,111 of 211,52%,186 of 289,0 of 0,---,0,1,0:57,82 of 170,12 of 18,17 of 23,78 of 164,28 of 42,5 of 5
L,Askar Askarov,0,27 of 60,45%,37 of 76,2 of 14,14%,2,0,5:14,25 of 55,1 of 4,1 of 1,24 of 57,3 of 3,0 of 0
W,Kai Kara-France,0,51 of 130,39%,64 of 145,0 of 1,0%,0,0,0:00,26 of 96,10 of 18,15 of 16,46 of 125,3 of 3,2 of 2
W,Neil Magny,0,54 of 144,37%,104 of 204,1 of 9,11%,0,0,4:33,42 of 126,10 of 13,2 of 5,42 of 130,12 of 14,0 of 0
L,Max Griffin,1,67 of 123,54%,75 of 132,0 of 2,0%,0,0,0:39,34 of 87,11 of 13,22 of 23,63 of 113,2 of 6,2 of 4
W,Marc Diakiese,0,17 of 20,85%,40 of 50,11 of 18,61%,0,0,12:24,6 of 8,0 of 0,11 of 12,4 of 6,5 of 5,8 of 9
L,Viacheslav Borshchev,0,12 of 21,57%,32 of 44,0 of 0,---,0,0,0:35,6 of 15,3 of 3,3 of 3,6 of 12,3 of 6,3 of 3
W,Sara McMann,0,24 of 41,58%,73 of 100,4 of 6,66%,0,0,10:27,15 of 28,6 of 8,3 of 5,7 of 21,7 of 8,10 of 12
L,Karol Rosa,0,26 of 43,60%,92 of 120,1 of 2,50%,0,1,1:56,20 of 36,4 of 4,2 of 3,13 of 25,7 of 7,6 of 11
W,Chris Gutierrez,1,41 of 79,51%,42 of 81,0 of 0,---,0,0,0:13,20 of 53,3 of 5,18 of 21,37 of 74,0 of 0,4 of 5
L,Batgerel Danaa,0,30 of 104,28%,43 of 119,1 of 1,100%,0,0,0:24,20 of 88,6 of 11,4 of 5,24 of 95,1 of 1,5 of 8
W,Aliaskhab Khizriev,0,42 of 67,62%,54 of 79,2 of 3,66%,1,0,2:46,31 of 53,8 of 10,3 of 4,33 of 56,1 of 3,8 of 8
L,Denis Tiuliulin,0,31 of 82,37%,43 of 94,0 of 1,0%,0,0,0:02,28 of 78,3 of 4,0 of 0,30 of 80,1 of 2,0 of 0
L,Jennifer Maia,0,37 of 121,30%,56 of 141,1 of 4,25%,0,0,1:16,23 of 103,9 of 13,5 of 5,30 of 111,6 of 9,1 of 1
W,Manon Fiorot,0,83 of 138,60%,101 of 157,2 of 4,50%,0,0,2:37,40 of 91,24 of 28,19 of 19,76 of 131,2 of 2,5 of 5
W,Matheus Nicolau,1,36 of 81,44%,46 of 94,0 of 2,0%,0,0,0:48,21 of 62,10 of 13,5 of 6,33 of 77,1 of 1,2 of 3
L,David Dvorak,0,39 of 110,35%,60 of 134,0 of 2,0%,0,0,1:25,25 of 87,6 of 13,8 of 10,33 of 99,4 of 7,2 of 4
W,Luis Saldana,0,84 of 168,50%,88 of 173,2 of 5,40%,0,0,1:36,41 of 109,14 of 22,29 of 37,78 of 161,3 of 4,3 of 3
L,Bruno Souza,0,66 of 178,37%,68 of 180,1 of 2,50%,0,0,0:12,37 of 134,17 of 30,12 of 14,64 of 174,2 of 4,0 of 0
L,Alexander Volkov,0,13 of 23,56%,13 of 23,0 of 0,---,0,0,0:00,6 of 16,5 of 5,2 of 2,13 of 22,0 of 0,0 of 1
W,Tom Aspinall,0,29 of 43,67%,35 of 50,2 of 2,100%,1,0,1:54,16 of 30,5 of 5,8 of 8,16 of 26,1 of 1,12 of 16
W,Arnold Allen,0,49 of 84,58%,50 of 85,0 of 0,---,0,0,0:02,43 of 78,0 of 0,6 of 6,46 of 75,3 of 9,0 of 0
L,Dan Hooker,0,14 of 49,28%,14 of 49,0 of 0,---,0,0,0:00,11 of 44,0 of 2,3 of 3,14 of 49,0 of 0,0 of 0
W,Paddy Pimblett,0,3 of 6,50%,5 of 8,1 of 2,50%,1,0,0:53,1 of 4,0 of 0,2 of 2,2 of 4,0 of 1,1 of 1
L,Kazula Vargas,0,7 of 9,77%,16 of 21,0 of 0,---,0,0,2:43,5 of 7,2 of 2,0 of 0,2 of 4,2 of 2,3 of 3
W,Gunnar Nelson,0,44 of 55,80%,140 of 166,3 of 3,100%,1,0,8:09,36 of 47,7 of 7,1 of 1,10 of 20,1 of 2,33 of 33
L,Takashi Sato,0,9 of 23,39%,16 of 34,0 of 0,---,0,0,0:00,4 of 16,2 of 4,3 of 3,9 of 23,0 of 0,0 of 0
W,Molly McCann,1,85 of 159,53%,99 of 174,2 of 2,100%,0,0,4:30,52 of 118,28 of 36,5 of 5,69 of 139,14 of 18,2 of 2
L,Luana Carolina,0,64 of 132,48%,76 of 144,0 of 0,---,0,0,0:27,26 of 88,33 of 39,5 of 5,47 of 113,17 of 19,0 of 0
L,Jai Herbert,1,22 of 63,34%,50 of 94,0 of 0,---,0,0,0:07,20 of 60,1 of 2,1 of 1,19 of 59,1 of 1,2 of 3
W,Ilia Topuria,1,20 of 41,48%,31 of 55,1 of 4,25%,0,0,2:41,17 of 37,3 of 4,0 of 0,14 of 35,2 of 2,4 of 4
L,Mike Grundy,0,0 of 3,0%,0 of 3,1 of 1,100%,0,0,0:31,0 of 2,0 of 1,0 of 0,0 of 3,0 of 0,0 of 0
W,Makwan Amirkhani,0,0 of 1,0%,0 of 1,0 of 0,---,1,0,0:15,0 of 1,0 of 0,0 of 0,0 of 1,0 of 0,0 of 0
L,Shamil Abdurakhimov,0,17 of 34,50%,17 of 34,0 of 1,0%,0,0,0:00,4 of 16,4 of 5,9 of 13,17 of 34,0 of 0,0 of 0
W,Sergei Pavlovich,1,21 of 47,44%,22 of 48,0 of 0,---,0,0,0:12,21 of 46,0 of 1,0 of 0,6 of 22,4 of 8,11 of 17
L,Nikita Krylov,0,19 of 25,76%,30 of 39,1 of 1,100%,0,0,3:49,18 of 24,1 of 1,0 of 0,3 of 3,0 of 0,16 of 22
W,Paul Craig,0,2 of 3,66%,11 of 12,1 of 1,100%,1,0,0:02,2 of 3,0 of 0,0 of 0,0 of 0,0 of 0,2 of 3
W,Jack Shore,2,70 of 107,65%,87 of 128,3 of 7,42%,0,0,4:42,46 of 81,15 of 17,9 of 9,54 of 89,5 of 7,11 of 11
L,Timur Valiev,0,72 of 150,48%,75 of 155,2 of 3,66%,1,0,2:03,23 of 83,26 of 40,23 of 27,67 of 144,5 of 6,0 of 0
L,Cory McKenna,0,60 of 160,37%,99 of 216,3 of 7,42%,0,0,3:46,53 of 150,3 of 4,4 of 6,48 of 146,5 of 6,7 of 8
W,Elise Reed,0,76 of 140,54%,121 of 193,0 of 0,---,0,0,0:22,44 of 98,7 of 10,25 of 32,70 of 131,3 of 5,3 of 4
W,Muhammad Mokaev,1,2 of 5,40%,2 of 5,0 of 0,---,1,0,0:11,1 of 3,1 of 2,0 of 0,2 of 4,0 of 0,0 of 1
L,Cody Durden,0,1 of 5,20%,1 of 5,1 of 1,100%,0,0,0:00,0 of 2,1 of 1,0 of 2,1 of 5,0 of 0,0 of 0
L,Thiago Santos,1,60 of 138,43%,81 of 160,0 of 0,---,0,0,0:17,14 of 75,16 of 26,30 of 37,57 of 135,1 of 1,2 of 2
W,Magomed Ankalaev,0,78 of 155,50%,114 of 191,1 of 2,50%,0,0,3:35,33 of 94,35 of 51,10 of 10,64 of 140,12 of 13,2 of 2
L,Marlon Moraes,0,9 of 25,36%,9 of 25,0 of 0,---,0,0,0:00,9 of 25,0 of 0,0 of 0,9 of 25,0 of 0,0 of 0
W,Song Yadong,1,14 of 35,40%,14 of 35,0 of 0,---,0,0,0:02,10 of 29,3 of 5,1 of 1,14 of 35,0 of 0,0 of 0
W,Sodiq Yusuff,0,64 of 123,52%,74 of 133,1 of 3,33%,0,0,2:42,18 of 70,12 of 16,34 of 37,59 of 117,5 of 6,0 of 0
L,Alex Caceres,0,66 of 138,47%,71 of 143,1 of 3,33%,0,0,0:21,43 of 107,14 of 20,9 of 11,64 of 133,2 of 5,0 of 0
W,Khalil Rountree Jr.,2,26 of 69,37%,26 of 69,0 of 0,---,0,0,0:15,16 of 53,5 of 9,5 of 7,17 of 55,5 of 7,4 of 7
L,Karl Roberson,0,17 of 28,60%,17 of 28,0 of 0,---,0,0,0:00,4 of 10,6 of 9,7 of 9,16 of 27,1 of 1,0 of 0
W,Drew Dober,1,17 of 37,45%,31 of 52,0 of 1,0%,0,0,0:24,14 of 34,2 of 2,1 of 1,6 of 19,2 of 2,9 of 16
L,Terrance McKinney,1,36 of 61,59%,43 of 74,2 of 3,66%,0,0,1:33,33 of 57,3 of 4,0 of 0,15 of 32,5 of 5,16 of 24
W,Alex Pereira,0,108 of 179,60%,165 of 239,0 of 0,---,0,0,1:17,60 of 120,41 of 50,7 of 9,86 of 151,22 of 27,0 of 1
L,Bruno Silva,0,59 of 147,40%,72 of 160,2 of 8,25%,0,0,3:15,39 of 119,8 of 16,12 of 12,52 of 134,7 of 13,0 of 0
W,Matthew Semelsberger,0,40 of 82,48%,54 of 97,1 of 1,100%,0,0,4:55,32 of 67,6 of 12,2 of 3,21 of 51,2 of 3,17 of 28
L,AJ Fletcher,0,34 of 64,53%,87 of 124,4 of 6,66%,2,2,5:42,21 of 49,2 of 4,11 of 11,30 of 58,0 of 1,4 of 5
W,JJ Aldrich,0,60 of 118,50%,76 of 137,0 of 1,0%,0,1,3:07,56 of 114,3 of 3,1 of 1,49 of 105,9 of 11,2 of 2
L,Gillian Robertson,0,52 of 139,37%,67 of 154,1 of 6,16%,0,0,0:24,17 of 81,18 of 36,17 of 22,45 of 131,7 of 8,0 of 0
L,Trevin Jones,0,62 of 178,34%,62 of 178,0 of 3,0%,0,0,0:03,33 of 142,16 of 23,13 of 13,61 of 177,1 of 1,0 of 0
W,Javid Basharat,0,89 of 164,54%,89 of 164,0 of 0,---,0,0,0:00,52 of 119,21 of 28,16 of 17,79 of 154,10 of 10,0 of 0
W,Damon Jackson,0,32 of 78,41%,51 of 102,2 of 3,66%,1,0,5:37,22 of 61,9 of 16,1 of 1,27 of 68,2 of 2,3 of 8
L,Kamuela Kirk,0,22 of 54,40%,60 of 93,0 of 0,---,0,0,0:00,14 of 43,5 of 8,3 of 3,18 of 49,4 of 5,0 of 0
L,Sabina Mazo,0,15 of 48,31%,24 of 58,0 of 0,---,0,0,0:00,8 of 37,1 of 4,6 of 7,15 of 46,0 of 0,0 of 2
W,Miranda Maverick,0,19 of 50,38%,45 of 85,4 of 7,57%,1,0,4:02,10 of 36,2 of 6,7 of 8,16 of 43,0 of 1,3 of 6
L,Dalcha Lungiambula,0,29 of 56,51%,50 of 83,1 of 1,100%,0,0,1:52,26 of 52,3 of 4,0 of 0,6 of 16,15 of 25,8 of 15
W,Cody Brundage,0,4 of 8,50%,4 of 8,1 of 4,25%,1,0,0:35,2 of 5,1 of 1,1 of 2,3 of 7,1 of 1,0 of 0
L,Kris Moutinho,0,11 of 30,36%,11 of 30,0 of 0,---,0,0,0:00,8 of 24,1 of 3,2 of 3,11 of 30,0 of 0,0 of 0
W,Guido Cannetti,0,28 of 44,63%,28 of 44,0 of 0,---,0,0,0:01,18 of 31,5 of 7,5 of 6,21 of 37,7 of 7,0 of 0
L,Tafon Nchukwi,0,43 of 98,43%,50 of 105,0 of 0,---,0,0,0:14,14 of 59,17 of 27,12 of 12,35 of 88,8 of 10,0 of 0
W,Azamat Murzakanov,1,28 of 69,40%,28 of 70,1 of 5,20%,0,0,0:39,25 of 60,3 of 8,0 of 1,26 of 67,2 of 2,0 of 0
W,Colby Covington,0,94 of 201,46%,218 of 338,6 of 15,40%,1,1,16:14,84 of 190,9 of 10,1 of 1,63 of 160,6 of 8,25 of 33
L,Jorge Masvidal,0,67 of 140,47%,90 of 166,0 of 0,---,0,0,0:21,38 of 94,10 of 19,19 of 27,55 of 125,12 of 15,0 of 0
W,Rafael Dos Anjos,1,149 of 286,52%,179 of 318,5 of 15,33%,0,0,13:22,119 of 255,23 of 24,7 of 7,84 of 198,7 of 8,58 of 80
L,Renato Moicano,0,88 of 172,51%,99 of 185,0 of 3,0%,0,0,0:30,77 of 158,8 of 11,3 of 3,81 of 164,7 of 7,0 of 1
L,Edson Barboza,0,16 of 37,43%,23 of 46,0 of 0,---,0,0,0:02,3 of 17,6 of 12,7 of 8,15 of 36,0 of 0,1 of 1
W,Bryce Mitchell,1,34 of 47,72%,182 of 209,4 of 4,100%,0,0,11:28,28 of 40,4 of 5,2 of 2,9 of 18,0 of 0,25 of 29
W,Kevin Holland,1,50 of 76,65%,51 of 77,0 of 0,---,0,0,0:15,24 of 48,3 of 5,23 of 23,34 of 52,0 of 1,16 of 23
L,Alex Oliveira,0,21 of 44,47%,21 of 44,2 of 3,66%,1,0,0:22,6 of 28,7 of 8,8 of 8,20 of 43,0 of 0,1 of 1
W,Serghei Spivac,0,14 of 27,51%,17 of 30,3 of 4,75%,0,0,1:21,14 of 27,0 of 0,0 of 0,0 of 7,0 of 0,14 of 20
L,Greg Hardy,0,7 of 12,58%,7 of 12,0 of 0,---,0,0,0:00,3 of 8,1 of 1,3 of 3,7 of 12,0 of 0,0 of 0
W,Jalin Turner,1,52 of 111,46%,53 of 112,1 of 1,100%,0,0,0:02,34 of 86,17 of 23,1 of 2,44 of 96,4 of 5,4 of 10
L,Jamie Mullarkey,0,35 of 59,59%,45 of 70,1 of 3,33%,0,0,1:31,22 of 41,7 of 12,6 of 6,30 of 53,2 of 2,3 of 4
W,Marina Rodriguez,0,72 of 200,36%,79 of 207,0 of 0,---,0,0,0:41,46 of 166,18 of 19,8 of 15,59 of 182,13 of 18,0 of 0
L,Yan Xiaonan,0,56 of 132,42%,66 of 143,2 of 4,50%,0,0,1:33,37 of 105,7 of 9,12 of 18,48 of 121,8 of 11,0 of 0
W,Nicolae Negumereanu,0,64 of 160,40%,81 of 178,1 of 5,20%,0,0,3:28,36 of 126,7 of 10,21 of 24,55 of 150,9 of 10,0 of 0
L,Kennedy Nzechukwu,0,95 of 190,50%,97 of 192,0 of 0,---,0,0,0:00,84 of 177,11 of 13,0 of 0,92 of 187,3 of 3,0 of 0
W,Maryna Moroz,0,28 of 42,66%,51 of 74,2 of 5,40%,3,0,6:43,21 of 33,7 of 8,0 of 1,2 of 8,7 of 7,19 of 27
L,Mariya Agapova,0,16 of 27,59%,72 of 86,0 of 0,---,0,1,0:40,7 of 15,9 of 9,0 of 3,4 of 15,12 of 12,0 of 0
L,Brian Kelleher,0,1 of 19,5%,1 of 19,0 of 0,---,0,0,0:06,0 of 13,0 of 4,1 of 2,1 of 18,0 of 1,0 of 0
W,Umar Nurmagomedov,0,18 of 26,69%,21 of 29,1 of 5,20%,1,0,1:27,9 of 15,7 of 9,2 of 2,13 of 21,5 of 5,0 of 0
W,Tim Elliott,1,79 of 179,44%,117 of 227,3 of 9,33%,0,0,0:52,30 of 113,15 of 26,34 of 40,64 of 160,15 of 19,0 of 0
L,Tagir Ulanbekov,0,90 of 186,48%,111 of 212,2 of 10,20%,1,0,4:55,70 of 162,15 of 19,5 of 5,65 of 158,23 of 26,2 of 2
L,Devonte Smith,0,53 of 98,54%,80 of 125,0 of 3,0%,0,0,0:14,19 of 58,25 of 30,9 of 10,31 of 73,22 of 25,0 of 0
W,Ludovit Klein,0,60 of 95,63%,80 of 117,0 of 2,0%,0,0,6:39,25 of 56,25 of 28,10 of 11,42 of 72,18 of 23,0 of 0
W,Dustin Jacoby,0,89 of 243,36%,107 of 269,1 of 2,50%,0,0,3:10,74 of 222,13 of 19,2 of 2,70 of 214,18 of 28,1 of 1
L,Michal Oleksiejczuk,0,69 of 173,39%,72 of 176,1 of 2,50%,0,0,0:17,59 of 160,10 of 13,0 of 0,66 of 170,3 of 3,0 of 0
W,Islam Makhachev,0,14 of 32,43%,30 of 51,1 of 2,50%,0,0,1:57,10 of 27,2 of 2,2 of 3,3 of 10,2 of 2,9 of 20
L,King Green,0,9 of 13,69%,11 of 15,0 of 0,---,0,0,0:00,2 of 5,6 of 6,1 of 2,4 of 8,3 of 3,2 of 2
L,Misha Cirkunov,0,30 of 44,68%,50 of 64,1 of 3,33%,1,0,3:04,20 of 33,9 of 10,1 of 1,8 of 16,2 of 2,20 of 26
W,Wellington Turman,0,15 of 19,78%,24 of 28,0 of 3,0%,2,0,2:15,8 of 12,6 of 6,1 of 1,8 of 12,7 of 7,0 of 0
L,Ji Yeon Kim,0,170 of 375,45%,171 of 376,0 of 0,---,0,0,0:05,151 of 351,9 of 12,10 of 12,167 of 367,3 of 8,0 of 0
W,Priscila Cachoeira,0,102 of 218,46%,102 of 218,1 of 1,100%,0,0,0:27,78 of 185,20 of 28,4 of 5,91 of 205,11 of 13,0 of 0
W,Arman Tsarukyan,0,36 of 53,67%,93 of 122,2 of 2,100%,0,0,6:08,31 of 48,3 of 3,2 of 2,4 of 9,0 of 0,32 of 44
L,Joel Alvarez,0,7 of 10,70%,27 of 33,0 of 0,---,0,0,0:00,5 of 8,2 of 2,0 of 0,4 of 6,0 of 0,3 of 4
W,Armen Petrosyan,0,127 of 231,54%,128 of 232,0 of 0,---,0,0,0:00,50 of 139,38 of 47,39 of 45,127 of 231,0 of 0,0 of 0
L,Gregory Rodrigues,0,61 of 133,45%,61 of 133,2 of 3,66%,2,0,1:34,45 of 114,9 of 12,7 of 7,61 of 133,0 of 0,0 of 0
L,Rongzhu,0,48 of 129,37%,49 of 130,1 of 4,25%,0,0,0:20,34 of 114,9 of 10,5 of 5,46 of 126,1 of 2,1 of 1
W,Ignacio Bahamondes,0,126 of 194,64%,133 of 204,0 of 0,---,2,0,1:21,86 of 151,25 of 28,15 of 15,117 of 178,3 of 3,6 of 13
W,Josiane Nunes,2,98 of 222,44%,119 of 245,0 of 0,---,0,0,0:43,83 of 205,5 of 6,10 of 11,79 of 192,12 of 17,7 of 13
L,Ramona Pascual,0,52 of 100,52%,71 of 121,3 of 10,30%,0,0,3:41,25 of 71,20 of 22,7 of 7,43 of 89,6 of 6,3 of 5
W,Terrance McKinney,0,3 of 4,75%,13 of 16,0 of 0,---,1,0,2:03,2 of 2,1 of 2,0 of 0,0 of 1,0 of 0,3 of 3
L,Fares Ziam,0,1 of 1,100%,1 of 1,0 of 0,---,0,0,0:04,0 of 0,0 of 0,1 of 1,1 of 1,0 of 0,0 of 0
L,Alejandro Perez,1,52 of 146,35%,52 of 146,0 of 1,0%,0,0,0:02,34 of 125,8 of 11,10 of 10,50 of 144,2 of 2,0 of 0
W,Jonathan Martinez,0,74 of 144,51%,74 of 144,0 of 0,---,0,0,0:00,36 of 92,23 of 34,15 of 18,72 of 139,2 of 5,0 of 0
W,Ramiz Brahimaj,0,0 of 1,0%,2 of 4,1 of 1,100%,3,0,1:33,0 of 1,0 of 0,0 of 0,0 of 1,0 of 0,0 of 0
L,Micheal Gillmore,0,0 of 2,0%,3 of 5,0 of 0,---,0,0,0:00,0 of 1,0 of 0,0 of 1,0 of 2,0 of 0,0 of 0
L,Victor Altamirano,0,79 of 138,57%,92 of 152,1 of 4,25%,0,0,1:27,32 of 87,42 of 46,5 of 5,69 of 125,10 of 12,0 of 1
W,Carlos Hernandez,0,84 of 172,48%,90 of 178,2 of 9,22%,0,0,1:22,56 of 134,18 of 26,10 of 12,61 of 135,21 of 35,2 of 2
L,Johnny Walker,0,12 of 25,48%,12 of 25,0 of 0,---,0,0,0:22,4 of 15,3 of 5,5 of 5,12 of 25,0 of 0,0 of 0
W,Jamahal Hill,1,6 of 19,31%,7 of 20,0 of 0,---,0,0,0:03,5 of 17,1 of 2,0 of 0,5 of 18,0 of 0,1 of 1
W,Kyle Daukaus,0,6 of 9,66%,19 of 29,3 of 6,50%,2,0,4:12,4 of 6,0 of 0,2 of 3,5 of 7,1 of 2,0 of 0
L,Jamie Pickett,0,5 of 9,55%,5 of 9,0 of 1,0%,0,0,0:15,2 of 5,3 of 4,0 of 0,1 of 5,4 of 4,0 of 0
W,Parker Porter,0,43 of 106,40%,82 of 150,2 of 8,25%,0,0,6:34,20 of 80,4 of 4,19 of 22,34 of 94,6 of 7,3 of 5
L,Alan Baudot,0,55 of 107,51%,61 of 113,0 of 0,---,0,0,0:24,43 of 94,11 of 11,1 of 2,50 of 101,5 of 6,0 of 0
W,Jim Miller,1,48 of 92,52%,49 of 93,0 of 0,---,0,0,0:34,24 of 67,6 of 7,18 of 18,34 of 68,3 of 3,11 of 21
L,Nikolas Motta,0,21 of 57,36%,21 of 57,0 of 0,---,0,0,0:00,17 of 53,2 of 2,2 of 2,21 of 57,0 of 0,0 of 0
W,Joaquin Buckley,0,51 of 153,33%,57 of 159,5 of 8,62%,0,0,2:05,32 of 128,18 of 24,1 of 1,45 of 144,5 of 8,1 of 1
L,Abdul Razak Alhassan,0,46 of 94,48%,55 of 103,3 of 4,75%,0,0,3:34,40 of 82,3 of 6,3 of 6,22 of 56,5 of 7,19 of 31
L,Gabriel Benitez,0,46 of 96,47%,46 of 96,0 of 0,---,0,0,0:00,19 of 68,17 of 18,10 of 10,45 of 95,1 of 1,0 of 0
W,David Onama,1,36 of 94,38%,36 of 94,0 of 2,0%,0,0,0:10,30 of 86,2 of 4,4 of 4,35 of 92,1 of 2,0 of 0
L,Jessica-Rose Clark,0,2 of 4,50%,10 of 13,1 of 1,100%,0,0,2:01,1 of 2,0 of 0,1 of 2,2 of 4,0 of 0,0 of 0
W,Stephanie Egger,0,5 of 10,50%,29 of 34,2 of 2,100%,1,0,1:21,5 of 10,0 of 0,0 of 0,0 of 4,0 of 0,5 of 6
W,Chas Skelly,1,14 of 30,46%,45 of 63,1 of 3,33%,0,0,3:43,12 of 27,2 of 3,0 of 0,7 of 19,3 of 3,4 of 8
L,Mark Striegl,0,8 of 17,47%,34 of 44,0 of 2,0%,0,0,1:22,4 of 11,1 of 3,3 of 3,7 of 14,0 of 1,1 of 2
L,Diana Belbita,0,87 of 252,34%,124 of 295,0 of 1,0%,0,0,0:44,43 of 200,28 of 35,16 of 17,79 of 244,8 of 8,0 of 0
W,Gloria de Paula,0,88 of 175,50%,113 of 201,1 of 5,20%,0,0,5:24,70 of 156,17 of 18,1 of 1,71 of 156,17 of 19,0 of 0
W,Chad Anheliger,2,67 of 130,51%,92 of 156,0 of 1,0%,2,0,1:20,53 of 110,7 of 13,7 of 7,40 of 90,13 of 22,14 of 18
L,Jesse Strader,0,64 of 126,50%,73 of 135,4 of 7,57%,0,0,3:20,17 of 64,26 of 39,21 of 23,51 of 112,13 of 14,0 of 0
W,Jonathan Pearce,0,18 of 44,40%,59 of 102,6 of 10,60%,2,0,11:17,9 of 31,5 of 9,4 of 4,10 of 33,5 of 6,3 of 5
L,Christian Rodriguez,0,26 of 60,43%,38 of 77,2 of 2,100%,3,1,1:05,21 of 54,5 of 6,0 of 0,23 of 55,2 of 4,1 of 1
W,Mario Bautista,0,72 of 125,57%,112 of 173,4 of 6,66%,0,1,6:30,43 of 86,17 of 24,12 of 15,39 of 83,29 of 36,4 of 6
L,Jay Perrin,0,42 of 107,39%,57 of 122,2 of 5,40%,0,0,1:45,16 of 67,19 of 30,7 of 10,33 of 95,9 of 12,0 of 0
W,Israel Adesanya,1,79 of 169,46%,98 of 188,0 of 0,---,0,0,0:01,36 of 108,14 of 23,29 of 38,77 of 167,2 of 2,0 of 0
L,Robert Whittaker,0,59 of 136,43%,74 of 151,4 of 10,40%,0,0,3:40,38 of 105,8 of 11,13 of 20,54 of 130,5 of 6,0 of 0
L,Derrick Lewis,0,27 of 43,62%,31 of 47,2 of 4,50%,0,0,1:48,24 of 39,3 of 4,0 of 0,11 of 21,8 of 12,8 of 10
W,Tai Tuivasa,1,24 of 36,66%,35 of 47,0 of 0,---,0,0,2:06,12 of 22,9 of 9,3 of 5,8 of 14,16 of 22,0 of 0
W,Jared Cannonier,0,55 of 89,61%,61 of 96,1 of 1,100%,0,0,0:05,42 of 75,8 of 8,5 of 6,38 of 71,12 of 13,5 of 5
L,Derek Brunson,1,43 of 97,44%,48 of 103,3 of 13,23%,1,0,2:38,25 of 69,12 of 20,6 of 8,41 of 89,1 of 4,1 of 4
L,Alexander Hernandez,0,37 of 79,46%,39 of 81,0 of 1,0%,0,0,0:05,19 of 55,8 of 13,10 of 11,35 of 76,1 of 2,1 of 1
W,Renato Moicano,0,33 of 60,55%,38 of 65,2 of 6,33%,1,0,1:43,25 of 51,6 of 6,2 of 3,26 of 50,4 of 4,3 of 6
W,King Green,0,188 of 355,52%,188 of 355,0 of 1,0%,0,0,0:00,152 of 313,26 of 32,10 of 10,188 of 355,0 of 0,0 of 0
L,Nasrat Haqparast,0,76 of 193,39%,76 of 193,0 of 0,---,0,0,0:00,48 of 150,21 of 30,7 of 13,76 of 193,0 of 0,0 of 0
W,Andrei Arlovski,0,64 of 133,48%,71 of 140,0 of 0,---,0,0,0:00,40 of 100,19 of 26,5 of 7,60 of 128,4 of 5,0 of 0
L,Jared Vanderaa,0,70 of 156,44%,102 of 190,0 of 0,---,0,0,2:44,30 of 110,24 of 29,16 of 17,55 of 134,15 of 22,0 of 0
L,Roxanne Modafferi,0,120 of 358,33%,148 of 390,2 of 4,50%,0,0,1:06,98 of 330,20 of 25,2 of 3,112 of 347,8 of 11,0 of 0
W,Casey O'Neill,0,229 of 393,58%,230 of 395,0 of 2,0%,0,0,0:02,187 of 348,22 of 25,20 of 20,225 of 387,4 of 6,0 of 0
W,Kyler Phillips,0,80 of 164,48%,90 of 176,3 of 8,37%,2,0,2:33,52 of 135,14 of 15,14 of 14,63 of 146,8 of 9,9 of 9
L,Marcelo Rojo,0,55 of 153,35%,57 of 155,0 of 0,---,0,0,0:30,32 of 123,5 of 10,18 of 20,53 of 147,2 of 6,0 of 0
W,Carlos Ulberg,0,66 of 112,58%,71 of 117,2 of 2,100%,0,0,1:15,25 of 66,15 of 19,26 of 27,66 of 111,0 of 0,0 of 1
L,Fabio Cherant,0,13 of 41,31%,13 of 41,0 of 0,---,0,0,0:22,7 of 30,6 of 10,0 of 1,13 of 41,0 of 0,0 of 0
L,Mana Martinez,2,39 of 78,50%,105 of 156,0 of 0,---,1,1,0:08,24 of 59,8 of 11,7 of 8,32 of 65,0 of 2,7 of 11
W,Ronnie Lawrence,3,46 of 82,56%,63 of 99,6 of 7,85%,0,1,8:09,30 of 59,6 of 12,10 of 11,28 of 49,0 of 0,18 of 33
L,AJ Dobson,0,52 of 90,57%,68 of 110,0 of 0,---,0,0,0:27,41 of 79,6 of 6,5 of 5,44 of 78,5 of 9,3 of 3
W,Jacob Malkoun,0,80 of 128,62%,183 of 255,6 of 16,37%,0,0,9:17,70 of 118,9 of 9,1 of 1,29 of 57,4 of 7,47 of 64
W,Douglas Silva de Andrade,3,37 of 64,57%,57 of 86,0 of 1,0%,2,0,0:55,16 of 40,12 of 14,9 of 10,31 of 56,6 of 7,0 of 1
L,Sergey Morozov,1,32 of 65,49%,62 of 99,1 of 5,20%,0,0,2:30,24 of 56,6 of 7,2 of 2,25 of 54,1 of 1,6 of 10
W,Jeremiah Wells,0,15 of 19,78%,23 of 27,1 of 5,20%,1,0,4:25,14 of 17,1 of 2,0 of 0,0 of 2,1 of 1,14 of 16
L,Blood Diamond,0,1 of 3,33%,1 of 3,0 of 0,---,0,0,0:03,0 of 2,1 of 1,0 of 0,0 of 2,1 of 1,0 of 0
L,William Knight,0,21 of 68,30%,32 of 79,3 of 9,33%,0,0,2:37,9 of 39,5 of 13,7 of 16,16 of 63,5 of 5,0 of 0
W,Maxim Grishin,0,69 of 89,77%,88 of 112,0 of 0,---,0,0,2:27,16 of 32,21 of 24,32 of 33,62 of 81,3 of 4,4 of 4
L,Jack Hermansson,0,137 of 353,38%,137 of 353,0 of 8,0%,0,0,0:31,22 of 194,64 of 105,51 of 54,134 of 350,3 of 3,0 of 0
W,Sean Strickland,0,153 of 330,46%,161 of 338,0 of 0,---,0,0,0:00,125 of 286,24 of 40,4 of 4,151 of 328,2 of 2,0 of 0
L,Punahele Soriano,0,45 of 63,71%,74 of 93,0 of 0,---,0,0,1:37,28 of 46,17 of 17,0 of 0,20 of 38,2 of 2,23 of 23
W,Nick Maximov,0,29 of 45,64%,60 of 82,11 of 16,68%,1,1,8:45,19 of 33,6 of 8,4 of 4,15 of 31,10 of 10,4 of 4
W,Shavkat Rakhmonov,1,13 of 28,46%,16 of 31,1 of 3,33%,0,0,0:52,10 of 25,3 of 3,0 of 0,9 of 20,0 of 0,4 of 8
L,Carlston Harris,0,10 of 27,37%,15 of 35,0 of 0,---,0,0,0:44,3 of 13,6 of 10,1 of 4,8 of 25,2 of 2,0 of 0
L,Sam Alvey,0,24 of 57,42%,24 of 57,0 of 0,---,0,0,0:07,20 of 52,2 of 3,2 of 2,24 of 56,0 of 1,0 of 0
W,Brendan Allen,1,36 of 54,66%,36 of 54,0 of 1,0%,1,0,0:44,15 of 32,14 of 15,7 of 7,32 of 47,2 of 3,2 of 4
L,Tresean Gore,0,57 of 95,60%,86 of 126,2 of 3,66%,1,0,1:16,31 of 67,15 of 17,11 of 11,42 of 79,11 of 12,4 of 4
W,Bryan Battle,0,112 of 193,58%,119 of 203,1 of 8,12%,0,0,3:20,49 of 117,46 of 59,17 of 17,105 of 185,7 of 8,0 of 0
W,Julian Erosa,0,155 of 291,53%,163 of 300,3 of 5,60%,0,0,1:52,120 of 242,30 of 43,5 of 6,141 of 270,9 of 16,5 of 5
L,Steven Peterson,0,148 of 247,59%,174 of 276,0 of 2,0%,2,0,0:44,113 of 204,15 of 17,20 of 26,133 of 227,15 of 19,0 of 1
L,Miles Johns,0,34 of 85,40%,34 of 85,0 of 1,0%,0,0,0:00,27 of 76,6 of 8,1 of 1,33 of 83,1 of 2,0 of 0
W,John Castaneda,1,58 of 147,39%,68 of 159,0 of 1,0%,1,0,1:45,40 of 113,6 of 11,12 of 23,47 of 129,7 of 11,4 of 7
W,Hakeem Dawodu,0,141 of 214,65%,189 of 266,0 of 0,---,0,0,3:46,60 of 121,52 of 62,29 of 31,123 of 195,18 of 19,0 of 0
L,Michael Trizano,0,70 of 133,52%,94 of 158,1 of 1,100%,0,0,0:33,36 of 94,25 of 29,9 of 10,54 of 110,16 of 23,0 of 0
W,Chidi Njokuani,1,11 of 11,100%,13 of 13,0 of 0,---,0,0,0:04,9 of 9,1 of 1,1 of 1,4 of 4,0 of 0,7 of 7
L,Marc-Andre Barriault,0,2 of 2,100%,2 of 2,0 of 0,---,0,0,0:00,1 of 1,0 of 0,1 of 1,2 of 2,0 of 0,0 of 0
W,Alexis Davis,0,85 of 120,70%,171 of 218,1 of 1,100%,0,0,9:09,55 of 86,9 of 12,21 of 22,41 of 64,1 of 1,43 of 55
L,Julija Stoliarenko,0,56 of 113,49%,93 of 154,0 of 0,---,3,0,0:00,40 of 94,14 of 17,2 of 2,51 of 108,1 of 1,4 of 4
W,Jailton Almeida,0,30 of 51,58%,37 of 60,2 of 2,100%,0,0,2:48,30 of 51,0 of 0,0 of 0,0 of 1,0 of 0,30 of 50
L,Danilo Marques,0,0 of 0,---,2 of 2,0 of 0,---,0,0,0:00,0 of 0,0 of 0,0 of 0,0 of 0,0 of 0,0 of 0
L,Jason Witt,0,8 of 22,36%,25 of 43,4 of 7,57%,0,0,5:11,5 of 15,2 of 6,1 of 1,7 of 20,0 of 1,1 of 1
W,Phil Rowe,1,8 of 17,47%,8 of 17,0 of 0,---,0,0,0:01,8 of 16,0 of 1,0 of 0,5 of 14,1 of 1,2 of 2
W,Malcolm Gordon,0,3 of 11,27%,6 of 15,1 of 1,100%,1,1,0:15,3 of 11,0 of 0,0 of 0,3 of 11,0 of 0,0 of 0
L,Denys Bondar,0,4 of 5,80%,4 of 5,1 of 1,100%,0,0,0:37,2 of 3,0 of 0,2 of 2,4 of 5,0 of 0,0 of 0
W,Francis Ngannou,0,43 of 104,41%,71 of 139,4 of 5,80%,0,1,8:29,9 of 56,21 of 33,13 of 15,34 of 87,6 of 10,3 of 7
L,Ciryl Gane,0,63 of 91,69%,79 of 107,1 of 3,33%,3,0,2:51,15 of 32,20 of 29,28 of 30,57 of 84,6 of 7,0 of 0
L,Brandon Moreno,0,105 of 259,40%,106 of 260,1 of 2,50%,0,0,0:46,71 of 214,18 of 27,16 of 18,100 of 252,5 of 7,0 of 0
W,Deiveson Figueiredo,3,86 of 169,50%,95 of 178,2 of 11,18%,0,0,2:20,40 of 106,19 of 26,27 of 37,80 of 160,5 of 7,1 of 2
W,Michel Pereira,0,107 of 202,52%,112 of 209,1 of 4,25%,0,0,0:44,49 of 122,44 of 66,14 of 14,96 of 188,11 of 14,0 of 0
L,Andre Fialho,0,45 of 135,33%,48 of 138,0 of 0,---,0,0,0:45,40 of 128,5 of 7,0 of 0,36 of 122,7 of 7,2 of 6
L,Cody Stamann,0,1 of 4,25%,1 of 4,0 of 2,0%,0,0,0:10,1 of 4,0 of 0,0 of 0,1 of 4,0 of 0,0 of 0
W,Said Nurmagomedov,0,7 of 13,53%,7 of 13,0 of 1,0%,1,0,0:02,4 of 9,1 of 2,2 of 2,7 of 13,0 of 0,0 of 0
W,Michael Morales,1,26 of 42,61%,28 of 44,0 of 1,0%,0,1,1:05,23 of 39,0 of 0,3 of 3,12 of 24,0 of 0,14 of 18
L,Trevin Giles,0,8 of 15,53%,8 of 15,1 of 4,25%,1,0,1:12,3 of 10,1 of 1,4 of 4,8 of 15,0 of 0,0 of 0
L,Raoni Barcelos,0,134 of 277,48%,134 of 277,1 of 7,14%,0,0,0:15,107 of 244,10 of 14,17 of 19,125 of 267,8 of 8,1 of 2
W,Victor Henry,0,181 of 352,51%,222 of 397,0 of 1,0%,0,0,1:37,102 of 252,64 of 83,15 of 17,163 of 325,18 of 27,0 of 0
W,Jack Della Maddalena,1,43 of 81,53%,43 of 81,0 of 0,---,0,0,0:01,38 of 75,5 of 6,0 of 0,40 of 78,0 of 0,3 of 3
L,Pete Rodriguez,0,25 of 69,36%,25 of 69,0 of 0,---,0,0,0:00,12 of 47,6 of 14,7 of 8,25 of 69,0 of 0,0 of 0
W,Tony Gravely,0,46 of 99,46%,66 of 132,11 of 15,73%,0,0,11:28,36 of 87,4 of 6,6 of 6,24 of 50,4 of 7,18 of 42
L,Saimon Oliveira,0,35 of 71,49%,50 of 87,0 of 0,---,4,0,0:15,21 of 53,9 of 13,5 of 5,27 of 62,8 of 9,0 of 0
W,Matt Frevola,4,60 of 101,59%,71 of 114,0 of 0,---,0,0,1:07,56 of 93,3 of 7,1 of 1,11 of 27,6 of 15,43 of 59
L,Genaro Valdez,0,10 of 38,26%,10 of 38,0 of 1,0%,0,0,0:08,9 of 36,0 of 0,1 of 2,7 of 27,3 of 11,0 of 0
L,Silvana Gomez Juarez,1,10 of 18,55%,10 of 18,0 of 0,---,0,0,1:11,9 of 16,0 of 0,1 of 2,3 of 6,0 of 0,7 of 12
W,Vanessa Demopoulos,0,4 of 12,33%,4 of 12,0 of 0,---,2,0,0:00,0 of 4,2 of 4,2 of 4,4 of 12,0 of 0,0 of 0
L,Kay Hansen,0,44 of 101,43%,52 of 112,1 of 7,14%,0,0,1:23,31 of 81,9 of 15,4 of 5,41 of 96,3 of 4,0 of 1
W,Jasmine Jasudavicius,0,50 of 110,45%,99 of 165,2 of 3,66%,0,1,6:04,37 of 89,13 of 21,0 of 0,27 of 79,8 of 13,15 of 18
W,Calvin Kattar,1,144 of 402,35%,157 of 418,2 of 7,28%,1,1,3:42,127 of 369,13 of 28,4 of 5,135 of 390,2 of 2,7 of 10
L,Giga Chikadze,0,128 of 347,36%,129 of 348,0 of 0,---,0,1,0:09,94 of 297,27 of 41,7 of 9,127 of 344,1 of 3,0 of 0
W,Jake Collier,0,20 of 49,40%,20 of 50,1 of 1,100%,1,0,1:07,18 of 46,2 of 2,0 of 1,12 of 36,0 of 0,8 of 13
L,Chase Sherman,0,10 of 17,58%,10 of 17,0 of 0,---,0,0,0:00,8 of 15,1 of 1,1 of 1,10 of 17,0 of 0,0 of 0
W,Brandon Royval,0,40 of 132,30%,81 of 174,0 of 0,---,3,1,1:43,21 of 96,15 of 25,4 of 11,28 of 103,1 of 1,11 of 28
L,Rogerio Bontorin,0,28 of 58,48%,39 of 71,8 of 9,88%,0,0,7:41,16 of 46,2 of 2,10 of 10,27 of 52,0 of 0,1 of 6
W,Katlyn Cerminara,0,72 of 177,40%,81 of 188,1 of 4,25%,0,0,3:34,44 of 136,21 of 32,7 of 9,68 of 171,4 of 6,0 of 0
L,Jennifer Maia,0,52 of 171,30%,60 of 180,0 of 2,0%,0,0,0:41,31 of 143,5 of 8,16 of 20,48 of 167,4 of 4,0 of 0
L,Dakota Bush,0,11 of 30,36%,11 of 30,2 of 3,66%,0,0,1:30,8 of 25,2 of 3,1 of 2,8 of 27,2 of 2,1 of 1
W,Viacheslav Borshchev,1,16 of 27,59%,17 of 28,0 of 0,---,0,1,0:28,9 of 19,5 of 5,2 of 3,6 of 15,4 of 4,6 of 8
W,Bill Algeo,0,59 of 118,50%,112 of 176,2 of 2,100%,0,1,5:02,44 of 90,10 of 22,5 of 6,32 of 85,17 of 23,10 of 10
L,Joanderson Brito,0,40 of 104,38%,46 of 110,2 of 4,50%,0,0,4:54,24 of 83,5 of 9,11 of 12,39 of 97,1 of 6,0 of 1
W,Jamie Pickett,0,50 of 122,40%,54 of 126,2 of 4,50%,0,0,3:02,22 of 86,19 of 24,9 of 12,40 of 108,10 of 14,0 of 0
L,Joseph Holmes,0,51 of 93,54%,59 of 101,0 of 2,0%,0,0,3:15,30 of 65,13 of 19,8 of 9,41 of 82,10 of 11,0 of 0
W,Court McGee,1,54 of 91,59%,76 of 113,5 of 11,45%,1,0,10:57,30 of 63,17 of 21,7 of 7,46 of 81,4 of 6,4 of 4
L,Ramiz Brahimaj,0,32 of 62,51%,35 of 65,1 of 3,33%,1,0,0:30,21 of 51,10 of 10,1 of 1,25 of 53,7 of 9,0 of 0
W,Brian Kelleher,1,38 of 77,49%,67 of 123,6 of 8,75%,0,0,6:26,25 of 58,12 of 17,1 of 2,25 of 58,3 of 5,10 of 14
L,Kevin Croom,0,60 of 174,34%,83 of 206,0 of 1,0%,0,0,0:47,36 of 141,11 of 16,13 of 17,58 of 168,2 of 6,0 of 0
W,TJ Brown,0,58 of 99,58%,88 of 141,6 of 8,75%,3,2,7:39,46 of 85,10 of 12,2 of 2,49 of 87,2 of 5,7 of 7
L,Charles Rosa,0,46 of 107,42%,71 of 132,0 of 0,---,1,1,2:42,21 of 76,5 of 10,20 of 21,42 of 99,1 of 2,3 of 6
W,Derrick Lewis,1,14 of 28,50%,14 of 28,0 of 1,0%,0,0,0:00,12 of 26,1 of 1,1 of 1,11 of 24,3 of 4,0 of 0
L,Chris Daukaus,0,10 of 19,52%,10 of 19,0 of 0,---,0,0,0:00,6 of 14,1 of 1,3 of 4,8 of 15,2 of 4,0 of 0
L,Stephen Thompson,0,19 of 32,59%,51 of 67,0 of 1,0%,0,0,0:52,14 of 27,5 of 5,0 of 0,17 of 29,1 of 1,1 of 2
W,Belal Muhammad,0,58 of 95,61%,171 of 271,7 of 9,77%,1,0,11:57,56 of 92,1 of 1,1 of 2,2 of 10,1 of 1,55 of 84
W,Amanda Lemos,1,50 of 114,43%,68 of 135,0 of 3,0%,0,0,2:11,32 of 90,11 of 16,7 of 8,36 of 89,6 of 9,8 of 16
L,Angela Hill,0,48 of 106,45%,74 of 138,1 of 7,14%,0,1,4:24,25 of 74,18 of 25,5 of 7,33 of 88,15 of 18,0 of 0
L,Raphael Assuncao,0,7 of 25,28%,10 of 28,0 of 0,---,0,0,0:00,1 of 17,1 of 1,5 of 7,7 of 25,0 of 0,0 of 0
W,Ricky Simon,1,18 of 30,60%,27 of 41,2 of 4,50%,0,0,4:02,13 of 25,4 of 4,1 of 1,10 of 19,0 of 0,8 of 11
L,Diego Ferreira,0,36 of 101,35%,37 of 104,0 of 0,---,0,0,0:00,18 of 69,12 of 23,6 of 9,35 of 98,1 of 3,0 of 0
W,Mateusz Gamrot,0,25 of 58,43%,31 of 67,4 of 7,57%,0,0,1:05,15 of 46,5 of 7,5 of 5,22 of 54,0 of 0,3 of 4
W,Cub Swanson,1,18 of 30,60%,18 of 30,0 of 0,---,0,0,0:09,16 of 28,2 of 2,0 of 0,16 of 26,0 of 0,2 of 4
L,Darren Elkins,0,2 of 19,10%,5 of 22,0 of 2,0%,0,0,0:00,2 of 18,0 of 1,0 of 0,2 of 19,0 of 0,0 of 0
L,Dustin Stoltzfus,0,12 of 32,37%,51 of 72,4 of 4,100%,1,0,7:27,8 of 28,2 of 2,2 of 2,7 of 24,0 of 1,5 of 7
W,Gerald Meerschaert,0,11 of 22,50%,19 of 30,1 of 1,100%,3,0,3:14,8 of 19,3 of 3,0 of 0,10 of 21,1 of 1,0 of 0
W,Justin Tafa,1,5 of 10,50%,5 of 10,0 of 0,---,0,0,1:02,4 of 9,1 of 1,0 of 0,4 of 8,0 of 0,1 of 2
L,Harry Hunsucker,0,5 of 9,55%,5 of 9,0 of 1,0%,1,0,0:00,2 of 5,1 of 1,2 of 3,5 of 9,0 of 0,0 of 0
L,Sijara Eubanks,0,14 of 45,31%,32 of 68,1 of 4,25%,0,1,6:05,10 of 37,4 of 8,0 of 0,5 of 33,2 of 2,7 of 10
W,Melissa Gatto,1,17 of 34,50%,64 of 91,0 of 1,0%,0,1,3:04,11 of 27,2 of 2,4 of 5,13 of 29,2 of 2,2 of 3
W,Charles Jourdain,0,137 of 228,60%,150 of 246,0 of 2,0%,0,0,2:27,70 of 149,34 of 40,33 of 39,95 of 175,26 of 31,16 of 22
L,Andre Ewell,0,56 of 171,32%,59 of 176,1 of 1,100%,0,0,0:35,26 of 132,16 of 25,14 of 14,55 of 168,1 of 3,0 of 0
W,Raquel Pennington,0,45 of 79,56%,61 of 95,0 of 0,---,1,0,1:09,22 of 48,20 of 28,3 of 3,38 of 71,7 of 8,0 of 0
L,Macy Chiasson,0,26 of 86,30%,64 of 126,1 of 2,50%,0,0,1:18,16 of 65,9 of 18,1 of 3,22 of 79,3 of 6,1 of 1
W,Don'Tale Mayes,0,25 of 41,60%,117 of 147,6 of 8,75%,0,0,11:32,15 of 31,8 of 8,2 of 2,13 of 25,3 of 3,9 of 13
L,Josh Parisian,0,10 of 16,62%,24 of 33,0 of 2,0%,0,0,0:21,7 of 11,1 of 3,2 of 2,6 of 11,4 of 5,0 of 0
W,Jordan Leavitt,0,9 of 20,45%,22 of 37,1 of 6,16%,3,0,2:48,4 of 12,1 of 4,4 of 4,7 of 18,1 of 1,1 of 1
L,Matt Sayles,0,13 of 34,38%,13 of 34,1 of 1,100%,1,0,1:14,2 of 14,8 of 12,3 of 8,13 of 34,0 of 0,0 of 0
W,Charles Oliveira,0,73 of 131,55%,98 of 157,0 of 6,0%,3,1,5:41,48 of 99,22 of 29,3 of 3,38 of 86,17 of 19,18 of 26
L,Dustin Poirier,1,58 of 94,61%,69 of 105,0 of 0,---,0,0,0:35,56 of 92,2 of 2,0 of 0,49 of 80,5 of 7,4 of 7
L,Amanda Nunes,0,46 of 99,46%,58 of 112,1 of 1,100%,0,0,3:35,36 of 85,1 of 3,9 of 11,44 of 97,0 of 0,2 of 2
W,Julianna Pena,0,79 of 135,58%,90 of 147,1 of 1,100%,1,0,0:25,69 of 122,10 of 13,0 of 0,78 of 134,1 of 1,0 of 0
W,Geoff Neal,0,85 of 161,52%,86 of 162,0 of 0,---,0,0,0:03,73 of 145,5 of 9,7 of 7,85 of 161,0 of 0,0 of 0
L,Santiago Ponzinibbio,0,91 of 229,39%,91 of 229,1 of 4,25%,0,0,0:23,62 of 195,12 of 17,17 of 17,90 of 228,1 of 1,0 of 0
W,Kai Kara-France,2,23 of 41,56%,23 of 41,0 of 0,---,0,0,0:06,18 of 32,1 of 4,4 of 5,19 of 37,0 of 0,4 of 4
L,Cody Garbrandt,0,9 of 17,52%,9 of 17,0 of 1,0%,0,0,0:06,4 of 10,0 of 1,5 of 6,9 of 17,0 of 0,0 of 0
L,Raulian Paiva,0,11 of 47,23%,11 of 47,0 of 2,0%,0,0,0:00,2 of 32,3 of 6,6 of 9,11 of 47,0 of 0,0 of 0
W,Sean O'Malley,1,39 of 62,62%,40 of 63,0 of 0,---,0,0,0:02,28 of 50,8 of 9,3 of 3,37 of 59,0 of 0,2 of 3
W,Josh Emmett,1,60 of 165,36%,62 of 167,0 of 0,---,0,1,0:47,51 of 151,7 of 12,2 of 2,48 of 151,5 of 7,7 of 7
L,Dan Ige,0,70 of 168,41%,73 of 171,1 of 4,25%,0,0,0:21,54 of 147,9 of 13,7 of 8,68 of 164,1 of 3,1 of 1
L,Pedro Munhoz,1,74 of 170,43%,79 of 175,0 of 1,0%,0,0,0:10,45 of 128,10 of 16,19 of 26,73 of 168,1 of 2,0 of 0
W,Dominick Cruz,0,103 of 274,37%,105 of 276,1 of 9,11%,0,0,0:06,79 of 240,13 of 23,11 of 11,100 of 270,2 of 3,1 of 1
L,Augusto Sakai,0,21 of 29,72%,40 of 49,0 of 1,0%,0,0,0:33,6 of 12,12 of 13,3 of 4,5 of 12,16 of 17,0 of 0
W,Tai Tuivasa,1,34 of 52,65%,44 of 62,0 of 1,0%,0,0,1:58,26 of 43,8 of 8,0 of 1,13 of 27,21 of 25,0 of 0
L,Jordan Wright,0,20 of 26,76%,22 of 28,0 of 0,---,0,0,0:23,9 of 15,10 of 10,1 of 1,11 of 16,9 of 10,0 of 0
W,Bruno Silva,1,19 of 29,65%,22 of 33,0 of 0,---,0,0,0:10,18 of 28,0 of 0,1 of 1,8 of 13,3 of 5,8 of 11
W,Andre Muniz,0,8 of 16,50%,12 of 20,2 of 5,40%,2,0,2:18,6 of 14,1 of 1,1 of 1,5 of 12,2 of 2,1 of 2
L,Eryk Anders,0,3 of 13,23%,3 of 13,0 of 1,0%,0,0,0:00,0 of 8,3 of 5,0 of 0,3 of 12,0 of 1,0 of 0
L,Miranda Maverick,0,21 of 65,32%,42 of 88,0 of 1,0%,0,0,0:06,10 of 52,5 of 7,6 of 6,19 of 60,2 of 5,0 of 0
W,Erin Blanchfield,0,46 of 69,66%,96 of 128,7 of 8,87%,1,0,12:00,35 of 58,9 of 9,2 of 2,19 of 37,4 of 5,23 of 27
W,Ryan Hall,0,40 of 49,81%,163 of 180,0 of 2,0%,7,3,5:37,22 of 31,18 of 18,0 of 0,7 of 12,1 of 1,32 of 36
L,Darrick Minner,0,26 of 45,57%,56 of 78,1 of 1,100%,0,1,4:58,16 of 33,6 of 7,4 of 5,17 of 31,3 of 3,6 of 11
L,Randy Costa,0,31 of 65,47%,32 of 66,0 of 1,0%,0,0,2:29,20 of 54,11 of 11,0 of 0,19 of 53,12 of 12,0 of 0
W,Tony Kelley,0,82 of 169,48%,129 of 218,0 of 0,---,0,0,3:26,26 of 93,43 of 62,13 of 14,27 of 93,32 of 42,23 of 34
W,Gillian Robertson,0,32 of 43,74%,52 of 66,1 of 4,25%,1,0,2:49,26 of 35,3 of 5,3 of 3,9 of 17,2 of 2,21 of 24
L,Priscila Cachoeira,0,20 of 36,55%,22 of 39,0 of 0,---,0,0,0:06,17 of 31,3 of 5,0 of 0,18 of 34,1 of 1,1 of 1
L,Rob Font,0,149 of 305,48%,193 of 350,1 of 5,20%,0,0,2:08,94 of 238,38 of 48,17 of 19,135 of 289,6 of 8,8 of 8
W,Jose Aldo,2,86 of 161,53%,96 of 172,0 of 1,0%,1,0,9:06,57 of 129,19 of 20,10 of 12,75 of 146,2 of 3,9 of 12
L,Brad Riddell,0,59 of 115,51%,62 of 118,1 of 4,25%,0,0,0:14,23 of 72,20 of 26,16 of 17,59 of 114,0 of 1,0 of 0
W,Rafael Fiziev,0,66 of 123,53%,66 of 123,0 of 0,---,0,0,0:09,36 of 78,22 of 30,8 of 15,64 of 121,2 of 2,0 of 0
L,Jimmy Crute,0,6 of 12,50%,6 of 12,0 of 1,0%,0,0,0:00,2 of 7,2 of 3,2 of 2,5 of 11,1 of 1,0 of 0
W,Jamahal Hill,1,4 of 10,40%,4 of 10,0 of 0,---,0,0,0:01,2 of 8,2 of 2,0 of 0,1 of 7,2 of 2,1 of 1
W,Clay Guida,0,18 of 50,36%,50 of 87,2 of 7,28%,1,0,2:09,8 of 39,6 of 6,4 of 5,7 of 38,0 of 1,11 of 11
L,Leonardo Santos,1,41 of 60,68%,65 of 92,0 of 0,---,0,0,1:01,22 of 39,17 of 19,2 of 2,13 of 21,16 of 23,12 of 16
L,Brendan Allen,0,43 of 71,60%,44 of 72,0 of 3,0%,1,0,0:18,26 of 53,10 of 10,7 of 8,39 of 66,4 of 5,0 of 0
W,Chris Curtis,1,61 of 90,67%,64 of 96,0 of 0,---,0,0,0:43,38 of 65,20 of 22,3 of 3,49 of 76,10 of 10,2 of 4
W,Alex Morono,1,90 of 230,39%,93 of 233,0 of 0,---,0,0,1:23,70 of 200,18 of 28,2 of 2,82 of 216,1 of 1,7 of 13
L,Mickey Gall,0,65 of 144,45%,69 of 149,0 of 1,0%,0,0,0:08,35 of 106,28 of 36,2 of 2,64 of 142,1 of 1,0 of 1
L,Maki Pitolo,0,13 of 29,44%,13 of 29,0 of 0,---,1,0,0:00,5 of 20,5 of 6,3 of 3,12 of 28,1 of 1,0 of 0
W,Dusko Todorovic,0,30 of 53,56%,67 of 91,1 of 1,100%,0,0,2:46,28 of 51,1 of 1,1 of 1,9 of 22,0 of 1,21 of 30
W,Manel Kape,2,53 of 72,73%,54 of 73,0 of 0,---,0,0,0:03,39 of 56,5 of 7,9 of 9,53 of 72,0 of 0,0 of 0
L,Zhalgas Zhumagulov,0,31 of 79,39%,31 of 79,0 of 0,---,0,0,0:00,19 of 61,6 of 11,6 of 7,31 of 78,0 of 1,0 of 0
W,Bryan Barberena,0,108 of 217,49%,134 of 243,0 of 0,---,0,0,0:21,55 of 152,30 of 36,23 of 29,97 of 205,11 of 12,0 of 0
L,Darian Weeks,0,118 of 209,56%,125 of 217,4 of 8,50%,0,0,3:18,62 of 136,37 of 51,19 of 22,101 of 187,14 of 18,3 of 4
W,Cheyanne Vlismas,0,134 of 271,49%,146 of 283,0 of 0,---,0,0,0:00,102 of 223,26 of 41,6 of 7,123 of 257,11 of 14,0 of 0
L,Mallory Martin,0,80 of 210,38%,106 of 236,0 of 5,0%,0,0,2:46,65 of 189,14 of 19,1 of 2,66 of 194,14 of 16,0 of 0
L,Alonzo Menifield,0,44 of 77,57%,66 of 99,0 of 2,0%,0,1,6:25,34 of 67,8 of 8,2 of 2,44 of 77,0 of 0,0 of 0
W,William Knight,1,55 of 111,49%,82 of 139,1 of 4,25%,0,1,0:43,32 of 82,14 of 19,9 of 10,38 of 93,10 of 10,7 of 8
W,Claudio Puelles,0,43 of 68,63%,72 of 103,1 of 8,12%,1,0,6:20,31 of 48,11 of 18,1 of 2,19 of 32,5 of 11,19 of 25
L,Chris Gruetzemacher,0,38 of 55,69%,96 of 123,1 of 1,100%,0,0,2:49,15 of 28,16 of 20,7 of 7,22 of 33,10 of 14,6 of 8
L,Louis Smolka,0,23 of 32,71%,23 of 32,0 of 0,---,0,0,0:00,5 of 14,10 of 10,8 of 8,19 of 28,4 of 4,0 of 0
W,Vince Morales,1,27 of 49,55%,27 of 50,0 of 0,---,0,0,0:00,16 of 34,8 of 12,3 of 3,18 of 38,4 of 6,5 of 5
W,Ketlen Vieira,0,113 of 263,42%,156 of 313,0 of 1,0%,0,0,0:02,95 of 243,14 of 16,4 of 4,105 of 254,8 of 9,0 of 0
L,Miesha Tate,0,122 of 276,44%,145 of 302,1 of 6,16%,0,0,2:52,52 of 175,60 of 88,10 of 13,110 of 260,12 of 16,0 of 0
L,Michael Chiesa,0,29 of 57,50%,71 of 107,1 of 1,100%,0,0,0:53,19 of 44,10 of 13,0 of 0,18 of 42,5 of 6,6 of 9
W,Sean Brady,0,18 of 42,42%,51 of 80,5 of 8,62%,0,0,7:45,8 of 31,2 of 2,8 of 9,18 of 42,0 of 0,0 of 0
L,Joanne Wood,0,27 of 68,39%,30 of 72,0 of 0,---,0,0,0:00,8 of 36,3 of 7,16 of 25,26 of 67,1 of 1,0 of 0
W,Taila Santos,2,30 of 60,50%,36 of 67,0 of 0,---,2,0,1:17,21 of 46,3 of 7,6 of 7,19 of 42,0 of 0,11 of 18
W,Rani Yahya,0,27 of 48,56%,152 of 218,3 of 8,37%,1,1,10:36,7 of 25,1 of 1,19 of 22,26 of 47,0 of 0,1 of 1
L,Kyung Ho Kang,1,43 of 82,52%,103 of 154,0 of 0,---,0,0,1:05,36 of 73,1 of 3,6 of 6,40 of 78,0 of 0,3 of 4
L,Davey Grant,0,98 of 273,35%,98 of 274,0 of 1,0%,0,0,0:10,40 of 182,40 of 68,18 of 23,98 of 272,0 of 1,0 of 0
W,Adrian Yanez,0,100 of 255,39%,100 of 255,0 of 0,---,0,0,0:00,66 of 212,14 of 22,20 of 21,100 of 255,0 of 0,0 of 0
W,Pat Sabatini,0,16 of 24,66%,111 of 132,5 of 11,45%,3,1,10:55,9 of 17,4 of 4,3 of 3,12 of 20,2 of 2,2 of 2
L,Tucker Lutz,0,17 of 35,48%,36 of 55,1 of 1,100%,0,0,1:16,5 of 21,9 of 11,3 of 3,11 of 29,6 of 6,0 of 0
W,Rafa Garcia,0,35 of 91,38%,55 of 117,7 of 12,58%,0,0,5:37,21 of 74,10 of 13,4 of 4,31 of 83,3 of 3,1 of 5
L,Natan Levy,0,47 of 127,37%,56 of 136,3 of 7,42%,0,0,0:48,21 of 94,19 of 26,7 of 7,45 of 121,2 of 6,0 of 0
L,Loma Lookboonmee,0,15 of 39,38%,72 of 125,1 of 2,50%,0,0,2:53,8 of 23,4 of 12,3 of 4,11 of 34,2 of 3,2 of 2
W,Loopy Godinez,0,23 of 45,51%,64 of 98,5 of 12,41%,1,0,7:32,14 of 36,6 of 6,3 of 3,17 of 35,3 of 4,3 of 6
W,Cody Durden,0,60 of 133,45%,80 of 158,5 of 10,50%,0,0,5:39,39 of 110,7 of 8,14 of 15,52 of 123,5 of 7,3 of 3
L,Aoriqileng,0,65 of 142,45%,78 of 161,1 of 3,33%,0,0,1:17,44 of 116,14 of 18,7 of 8,60 of 133,2 of 5,3 of 4
W,Shayilan Nuerdanbieke,0,17 of 49,34%,111 of 190,4 of 8,50%,0,2,7:25,11 of 38,2 of 5,4 of 6,15 of 47,0 of 0,2 of 2
L,Sean Soriano,0,35 of 56,62%,49 of 76,2 of 2,100%,0,2,1:45,16 of 34,9 of 11,10 of 11,30 of 49,0 of 0,5 of 7
W,Luana Pinheiro,1,60 of 159,37%,67 of 170,2 of 3,66%,1,0,2:07,40 of 126,14 of 25,6 of 8,53 of 148,2 of 4,5 of 7
L,Sam Hughes,0,53 of 130,40%,65 of 147,0 of 0,---,0,0,0:19,23 of 72,6 of 22,24 of 36,50 of 126,3 of 4,0 of 0
W,Max Holloway,0,230 of 404,56%,251 of 434,3 of 5,60%,1,0,6:49,129 of 278,66 of 83,35 of 43,187 of 347,22 of 24,21 of 33
L,Yair Rodriguez,0,159 of 352,45%,186 of 383,1 of 5,20%,0,1,1:20,78 of 247,24 of 41,57 of 64,152 of 343,5 of 5,2 of 4
L,Ben Rothwell,0,2 of 8,25%,2 of 8,0 of 1,0%,0,0,0:00,2 of 8,0 of 0,0 of 0,2 of 8,0 of 0,0 of 0
W,Marcos Rogerio de Lima,0,14 of 24,58%,14 of 24,0 of 0,---,0,0,0:00,11 of 20,0 of 1,3 of 3,14 of 24,0 of 0,0 of 0
W,Felicia Spencer,0,56 of 78,71%,227 of 275,4 of 13,30%,0,1,11:58,44 of 65,12 of 13,0 of 0,5 of 17,39 of 45,12 of 16
L,Leah Letson,0,17 of 36,47%,69 of 90,1 of 1,100%,0,0,1:01,10 of 27,6 of 8,1 of 1,13 of 29,4 of 7,0 of 0
L,Miguel Baeza,0,31 of 56,55%,32 of 57,0 of 2,0%,5,0,0:00,13 of 35,1 of 4,17 of 17,31 of 56,0 of 0,0 of 0
W,Khaos Williams,1,49 of 131,37%,60 of 145,0 of 1,0%,0,0,0:48,23 of 94,6 of 7,20 of 30,36 of 113,2 of 4,11 of 14
W,Song Yadong,1,30 of 80,37%,30 of 80,0 of 0,---,0,0,0:02,15 of 60,8 of 12,7 of 8,27 of 77,0 of 0,3 of 3
L,Julio Arce,0,13 of 78,16%,13 of 78,0 of 0,---,0,0,0:00,7 of 69,4 of 7,2 of 2,13 of 78,0 of 0,0 of 0
L,Thiago Moises,0,11 of 24,45%,11 of 24,0 of 0,---,0,0,0:00,5 of 18,3 of 3,3 of 3,11 of 24,0 of 0,0 of 0
W,Joel Alvarez,0,44 of 73,60%,44 of 73,0 of 0,---,0,0,0:02,27 of 54,12 of 14,5 of 5,36 of 61,8 of 12,0 of 0
L,Cynthia Calvillo,0,47 of 154,30%,47 of 154,1 of 3,33%,0,0,0:39,18 of 99,21 of 46,8 of 9,47 of 154,0 of 0,0 of 0
W,Andrea Lee,0,84 of 210,40%,85 of 211,0 of 1,0%,0,0,0:00,46 of 155,30 of 45,8 of 10,83 of 208,1 of 2,0 of 0
W,Sean Woodson,1,50 of 98,51%,59 of 107,0 of 0,---,0,0,0:24,23 of 61,17 of 26,10 of 11,48 of 95,2 of 2,0 of 1
L,Collin Anglin,0,8 of 40,20%,8 of 40,0 of 1,0%,0,0,0:13,4 of 26,2 of 10,2 of 4,8 of 40,0 of 0,0 of 0
W,Cortney Casey,0,89 of 218,40%,124 of 257,0 of 0,---,0,0,0:00,61 of 173,12 of 25,16 of 20,86 of 213,2 of 2,1 of 3
L,Liana Jojua,0,34 of 154,22%,57 of 184,2 of 3,66%,0,0,1:33,29 of 143,4 of 9,1 of 2,30 of 145,1 of 2,3 of 7
L,Marc Diakiese,0,3 of 13,23%,3 of 13,0 of 1,0%,0,0,0:03,0 of 7,1 of 3,2 of 3,3 of 13,0 of 0,0 of 0
W,Rafael Alves,0,6 of 11,54%,6 of 11,0 of 0,---,1,0,0:00,3 of 8,1 of 1,2 of 2,6 of 11,0 of 0,0 of 0
L,Kennedy Nzechukwu,0,6 of 18,33%,6 of 18,0 of 0,---,0,0,0:00,6 of 18,0 of 0,0 of 0,6 of 18,0 of 0,0 of 0
W,Da Woon Jung,1,16 of 49,32%,16 of 49,0 of 0,---,0,0,0:00,15 of 47,1 of 2,0 of 0,12 of 42,3 of 6,1 of 1
W,Kamaru Usman,2,123 of 293,41%,158 of 336,1 of 1,100%,0,0,1:16,80 of 241,41 of 50,2 of 2,107 of 274,6 of 7,10 of 12
L,Colby Covington,0,107 of 281,38%,119 of 298,0 of 11,0%,0,0,1:54,79 of 242,23 of 33,5 of 6,101 of 274,6 of 7,0 of 0
W,Rose Namajunas,0,86 of 168,51%,130 of 219,2 of 2,100%,0,1,7:00,57 of 131,12 of 17,17 of 20,60 of 136,6 of 6,20 of 26
L,Zhang Weili,0,83 of 173,47%,162 of 272,5 of 11,45%,0,0,3:37,36 of 112,14 of 16,33 of 45,64 of 138,5 of 8,14 of 27
L,Frankie Edgar,0,94 of 155,60%,138 of 202,3 of 9,33%,0,0,4:25,59 of 113,25 of 32,10 of 10,69 of 125,0 of 1,25 of 29
W,Marlon Vera,1,88 of 164,53%,110 of 187,0 of 0,---,1,0,0:01,60 of 130,22 of 26,6 of 8,75 of 140,1 of 1,12 of 23
W,Shane Burgos,0,193 of 288,67%,232 of 329,0 of 0,---,0,0,2:26,133 of 219,32 of 37,28 of 32,162 of 252,30 of 35,1 of 1
L,Billy Quarantillo,0,164 of 349,46%,196 of 383,0 of 14,0%,0,0,2:09,129 of 301,28 of 39,7 of 9,145 of 322,19 of 27,0 of 0
W,Justin Gaethje,1,116 of 183,63%,133 of 205,0 of 0,---,0,0,1:37,83 of 143,7 of 12,26 of 28,102 of 164,5 of 5,9 of 14
L,Michael Chandler,0,103 of 245,42%,104 of 246,1 of 6,16%,0,0,0:03,64 of 199,28 of 35,11 of 11,99 of 241,4 of 4,0 of 0
W,Alex Pereira,1,11 of 18,61%,25 of 33,0 of 0,---,0,0,0:04,4 of 10,5 of 6,2 of 2,4 of 9,6 of 7,1 of 2
L,Andreas Michailidis,0,3 of 11,27%,11 of 19,2 of 7,28%,0,0,3:59,3 of 6,0 of 2,0 of 3,0 of 5,2 of 5,1 of 1
L,Al Iaquinta,0,10 of 30,33%,10 of 30,0 of 0,---,0,0,0:00,5 of 21,3 of 6,2 of 3,10 of 30,0 of 0,0 of 0
W,King Green,1,28 of 40,70%,29 of 41,0 of 0,---,0,0,0:15,23 of 35,2 of 2,3 of 3,16 of 26,0 of 0,12 of 14
L,Phil Hawes,0,48 of 90,53%,49 of 91,0 of 3,0%,0,0,0:00,24 of 63,15 of 18,9 of 9,46 of 85,2 of 5,0 of 0
W,Chris Curtis,1,21 of 36,58%,22 of 37,0 of 0,---,0,0,0:03,15 of 27,5 of 8,1 of 1,18 of 33,2 of 2,1 of 1
L,Edmen Shahbazyan,0,22 of 35,62%,29 of 43,1 of 5,20%,0,0,2:34,10 of 19,4 of 8,8 of 8,19 of 31,2 of 3,1 of 1
W,Nassourdine Imavov,0,42 of 63,66%,64 of 87,0 of 1,0%,4,0,3:56,34 of 54,4 of 5,4 of 4,16 of 33,5 of 6,21 of 24
W,Ian Machado Garry,1,18 of 28,64%,22 of 32,0 of 0,---,0,0,0:37,11 of 21,5 of 5,2 of 2,14 of 22,4 of 6,0 of 0
L,Jordan Williams,0,22 of 50,44%,24 of 54,0 of 1,0%,0,0,0:47,16 of 44,3 of 3,3 of 3,20 of 48,2 of 2,0 of 0
L,Gian Villante,0,30 of 51,58%,30 of 51,0 of 0,---,0,0,0:08,6 of 24,21 of 23,3 of 4,28 of 49,2 of 2,0 of 0
W,Chris Barnett,1,38 of 70,54%,44 of 76,0 of 0,---,0,0,0:12,13 of 41,4 of 5,21 of 24,28 of 52,1 of 1,9 of 17
W,Dustin Jacoby,0,153 of 321,47%,153 of 321,0 of 0,---,0,0,0:00,110 of 270,21 of 28,22 of 23,152 of 319,1 of 2,0 of 0
L,John Allan,0,77 of 189,40%,78 of 190,0 of 0,---,0,0,0:00,43 of 149,11 of 14,23 of 26,76 of 184,1 of 5,0 of 0
W,Melsik Baghdasaryan,0,75 of 124,60%,77 of 126,0 of 0,---,0,0,0:10,26 of 63,25 of 32,24 of 29,68 of 117,7 of 7,0 of 0
L,Bruno Souza,0,46 of 103,44%,47 of 104,0 of 4,0%,0,0,0:45,27 of 70,13 of 24,6 of 9,41 of 96,5 of 7,0 of 0
L,CJ Vergara,0,93 of 165,56%,122 of 197,0 of 0,---,0,0,2:41,35 of 99,51 of 59,7 of 7,68 of 129,16 of 22,9 of 14
W,Ode Osbourne,0,79 of 194,40%,89 of 208,1 of 7,14%,0,0,0:26,61 of 168,15 of 23,3 of 3,77 of 191,2 of 3,0 of 0
L,Jan Blachowicz,0,28 of 45,62%,53 of 73,0 of 0,---,0,0,0:15,20 of 37,6 of 6,2 of 2,26 of 43,1 of 1,1 of 1
W,Glover Teixeira,0,23 of 39,58%,71 of 93,2 of 6,33%,2,0,5:17,17 of 33,6 of 6,0 of 0,11 of 25,0 of 0,12 of 14
W,Petr Yan,1,149 of 270,55%,158 of 280,0 of 2,0%,1,1,1:09,100 of 217,27 of 29,22 of 24,135 of 252,7 of 9,7 of 9
L,Cory Sandhagen,0,169 of 445,37%,172 of 449,1 of 6,16%,0,1,0:20,118 of 389,28 of 32,23 of 24,168 of 443,1 of 2,0 of 0
W,Islam Makhachev,0,2 of 3,66%,13 of 14,1 of 1,100%,2,0,1:48,2 of 3,0 of 0,0 of 0,2 of 3,0 of 0,0 of 0
L,Dan Hooker,0,4 of 13,30%,19 of 28,0 of 0,---,0,0,0:00,1 of 10,0 of 0,3 of 3,4 of 13,0 of 0,0 of 0
W,Alexander Volkov,0,75 of 139,53%,89 of 153,0 of 0,---,0,0,2:00,53 of 117,18 of 18,4 of 4,54 of 114,18 of 22,3 of 3
L,Marcin Tybura,0,58 of 139,41%,73 of 157,0 of 16,0%,0,0,2:01,39 of 117,15 of 17,4 of 5,47 of 121,11 of 18,0 of 0
L,Li Jingliang,0,0 of 1,0%,0 of 1,0 of 0,---,0,0,0:00,0 of 1,0 of 0,0 of 0,0 of 1,0 of 0,0 of 0
W,Khamzat Chimaev,0,25 of 25,100%,58 of 62,1 of 2,50%,3,0,3:01,25 of 25,0 of 0,0 of 0,1 of 1,0 of 0,24 of 24
W,Magomed Ankalaev,1,66 of 108,61%,76 of 118,1 of 4,25%,0,0,1:45,43 of 82,20 of 23,3 of 3,59 of 100,6 of 7,1 of 1
L,Volkan Oezdemir,0,48 of 102,47%,56 of 112,0 of 1,0%,0,0,0:00,23 of 67,3 of 12,22 of 23,41 of 92,7 of 10,0 of 0
W,Amanda Ribas,0,88 of 233,37%,124 of 273,1 of 5,20%,1,0,0:43,59 of 194,15 of 24,14 of 15,84 of 227,4 of 6,0 of 0
L,Virna Jandiroba,1,50 of 155,32%,119 of 224,1 of 8,12%,0,0,3:06,46 of 141,4 of 14,0 of 0,46 of 148,1 of 4,3 of 3
L,Ricardo Ramos,0,68 of 224,30%,71 of 227,0 of 0,---,0,0,0:00,49 of 187,10 of 19,9 of 18,67 of 223,1 of 1,0 of 0
W,Zubaira Tukhugov,0,77 of 181,42%,78 of 185,2 of 7,28%,0,0,0:55,73 of 174,2 of 5,2 of 2,77 of 181,0 of 0,0 of 0
W,Albert Duraev,0,71 of 140,50%,152 of 265,1 of 9,11%,1,0,5:33,54 of 118,6 of 8,11 of 14,41 of 92,0 of 0,30 of 48
L,Roman Kopylov,1,42 of 93,45%,54 of 111,1 of 2,50%,0,0,0:25,30 of 76,7 of 12,5 of 5,35 of 81,2 of 4,5 of 8
W,Elizeu Zaleski dos Santos,0,149 of 259,57%,167 of 279,0 of 4,0%,0,0,2:00,96 of 200,37 of 42,16 of 17,112 of 207,32 of 47,5 of 5
L,Benoit Saint Denis,0,67 of 148,45%,80 of 162,2 of 14,14%,0,0,1:55,40 of 114,20 of 27,7 of 7,64 of 140,3 of 7,0 of 1
L,Shamil Gamzatov,0,35 of 67,52%,35 of 67,0 of 2,0%,0,0,0:00,16 of 45,13 of 16,6 of 6,34 of 65,1 of 2,0 of 0
W,Michal Oleksiejczuk,1,32 of 55,58%,32 of 55,0 of 0,---,0,0,0:03,27 of 48,5 of 7,0 of 0,29 of 48,0 of 0,3 of 7
L,Makwan Amirkhani,0,4 of 6,66%,12 of 16,5 of 7,71%,0,0,4:05,3 of 5,1 of 1,0 of 0,1 of 2,0 of 0,3 of 4
W,Lerone Murphy,1,4 of 5,80%,7 of 8,0 of 0,---,0,0,0:11,4 of 5,0 of 0,0 of 0,1 of 2,0 of 0,3 of 3
L,Hu Yaozong,0,25 of 65,38%,27 of 67,0 of 0,---,0,0,0:13,17 of 57,6 of 6,2 of 2,24 of 64,1 of 1,0 of 0
W,Andre Petroski,0,72 of 102,70%,79 of 111,4 of 8,50%,6,1,9:39,60 of 88,10 of 12,2 of 2,42 of 67,0 of 0,30 of 35
W,Tagir Ulanbekov,0,18 of 40,45%,62 of 87,4 of 5,80%,1,1,12:04,16 of 37,1 of 1,1 of 2,8 of 26,0 of 0,10 of 14
L,Allan Nascimento,0,25 of 37,67%,74 of 86,0 of 1,0%,2,0,0:16,13 of 24,2 of 3,10 of 10,14 of 25,1 of 2,10 of 10
L,Paulo Costa,0,163 of 260,62%,172 of 269,1 of 1,100%,0,0,0:47,82 of 174,67 of 72,14 of 14,154 of 249,5 of 5,4 of 6
W,Marvin Vettori,0,190 of 346,54%,214 of 373,1 of 5,20%,0,0,3:27,154 of 307,33 of 36,3 of 3,168 of 316,21 of 29,1 of 1
D,Grant Dawson,0,24 of 31,77%,71 of 85,3 of 11,27%,0,0,8:26,12 of 17,11 of 13,1 of 1,3 of 7,2 of 2,19 of 22
D,Ricky Glenn,0,28 of 41,68%,88 of 104,0 of 0,---,1,0,4:30,19 of 26,7 of 12,2 of 3,8 of 19,1 of 1,19 of 21
W,Jessica-Rose Clark,0,18 of 27,66%,54 of 74,5 of 11,45%,0,0,11:40,9 of 17,5 of 5,4 of 5,10 of 19,4 of 4,4 of 4
L,Joselyne Edwards,0,30 of 48,62%,72 of 94,0 of 0,---,0,0,1:38,19 of 33,7 of 9,4 of 6,23 of 41,3 of 3,4 of 4
W,Alex Caceres,0,46 of 64,71%,54 of 72,0 of 0,---,1,0,0:49,22 of 33,13 of 17,11 of 14,37 of 54,9 of 10,0 of 0
L,SeungWoo Choi,1,33 of 98,33%,38 of 104,0 of 0,---,0,0,0:15,18 of 78,11 of 16,4 of 4,26 of 85,3 of 3,4 of 10
W,Francisco Trinaldo,0,36 of 70,51%,61 of 101,1 of 3,33%,0,0,4:45,20 of 50,11 of 14,5 of 6,26 of 57,4 of 5,6 of 8
L,Dwight Grant,0,31 of 133,23%,41 of 145,1 of 1,100%,0,0,0:11,20 of 114,7 of 14,4 of 5,28 of 128,1 of 1,2 of 4
W,Nicolae Negumereanu,0,11 of 21,52%,11 of 21,0 of 1,0%,0,0,0:20,8 of 18,0 of 0,3 of 3,7 of 14,1 of 1,3 of 6
L,Ike Villanueva,0,7 of 21,33%,7 of 21,0 of 1,0%,0,0,0:00,5 of 19,2 of 2,0 of 0,7 of 20,0 of 1,0 of 0
L,JunYong Park,0,56 of 109,51%,59 of 112,0 of 0,---,0,0,0:29,50 of 103,0 of 0,6 of 6,54 of 106,2 of 3,0 of 0
W,Gregory Rodrigues,0,68 of 90,75%,75 of 98,2 of 4,50%,0,1,3:20,53 of 73,15 of 16,0 of 1,57 of 77,3 of 3,8 of 10
W,Mason Jones,0,87 of 157,55%,116 of 191,8 of 14,57%,0,0,9:01,65 of 133,20 of 22,2 of 2,69 of 130,10 of 18,8 of 9
L,David Onama,0,90 of 153,58%,121 of 186,0 of 1,0%,0,0,0:11,80 of 142,8 of 9,2 of 2,70 of 128,19 of 23,1 of 2
W,Tabatha Ricci,0,62 of 135,45%,103 of 187,5 of 11,45%,0,0,6:38,42 of 109,12 of 16,8 of 10,29 of 98,5 of 5,28 of 32
L,Maria Oliveira,0,66 of 178,37%,90 of 207,0 of 0,---,0,0,0:01,34 of 128,18 of 33,14 of 17,61 of 172,4 of 4,1 of 2
W,Jamie Pickett,0,47 of 96,48%,58 of 108,2 of 2,100%,0,0,2:37,23 of 64,23 of 30,1 of 2,26 of 72,21 of 23,0 of 1
L,Laureano Staropoli,0,25 of 62,40%,43 of 80,1 of 9,11%,0,0,5:26,14 of 48,8 of 11,3 of 3,19 of 54,6 of 8,0 of 0
L,Khama Worthy,0,11 of 21,52%,11 of 21,0 of 0,---,0,0,0:00,5 of 13,1 of 1,5 of 7,11 of 21,0 of 0,0 of 0
W,Jai Herbert,1,24 of 46,52%,25 of 47,0 of 0,---,0,0,0:05,21 of 40,1 of 1,2 of 5,19 of 39,2 of 2,3 of 5
W,Jeff Molina,1,47 of 62,75%,106 of 131,0 of 0,---,0,0,3:26,39 of 54,6 of 6,2 of 2,9 of 13,0 of 0,38 of 49
L,Daniel Lacerda,0,20 of 25,80%,31 of 37,0 of 2,0%,0,0,0:55,7 of 11,7 of 8,6 of 6,14 of 16,0 of 1,6 of 8
L,Livinha Souza,0,11 of 27,40%,51 of 71,3 of 6,50%,2,0,3:31,7 of 23,3 of 3,1 of 1,6 of 20,3 of 5,2 of 2
W,Randa Markos,0,65 of 96,67%,159 of 207,0 of 0,---,0,2,8:47,55 of 85,7 of 8,3 of 3,29 of 55,20 of 25,16 of 16
W,Jonathan Martinez,0,92 of 188,48%,94 of 191,0 of 0,---,0,0,0:00,65 of 154,14 of 19,13 of 15,92 of 188,0 of 0,0 of 0
L,Zviad Lazishvili,0,63 of 160,39%,66 of 163,0 of 6,0%,0,0,1:30,25 of 115,17 of 22,21 of 23,60 of 153,3 of 7,0 of 0
L,Aspen Ladd,0,33 of 110,30%,86 of 166,0 of 5,0%,0,1,7:32,28 of 103,2 of 3,3 of 4,17 of 85,8 of 12,8 of 13
W,Norma Dumont,0,65 of 149,43%,113 of 201,1 of 1,100%,0,0,1:47,48 of 129,15 of 18,2 of 2,51 of 134,14 of 15,0 of 0
W,Andrei Arlovski,0,83 of 172,48%,84 of 173,0 of 0,---,0,0,0:00,49 of 133,11 of 15,23 of 24,81 of 170,2 of 2,0 of 0
L,Carlos Felipe,0,73 of 172,42%,73 of 172,0 of 0,---,0,0,1:22,53 of 145,15 of 21,5 of 6,54 of 148,12 of 14,7 of 10
W,Jim Miller,1,32 of 48,66%,43 of 60,1 of 2,50%,0,0,1:55,25 of 41,4 of 4,3 of 3,18 of 30,8 of 10,6 of 8
L,Erick Gonzalez,0,14 of 37,37%,22 of 45,1 of 2,50%,0,0,1:02,10 of 30,3 of 5,1 of 2,11 of 33,2 of 2,1 of 2
W,Manon Fiorot,0,91 of 267,34%,112 of 291,2 of 6,33%,0,0,4:05,47 of 218,37 of 42,7 of 7,79 of 245,4 of 8,8 of 14
L,Mayra Bueno Silva,0,48 of 111,43%,92 of 156,0 of 0,---,0,0,0:04,13 of 55,21 of 32,14 of 24,39 of 100,7 of 9,2 of 2
W,Nate Landwehr,0,71 of 130,54%,103 of 163,1 of 2,50%,2,0,3:46,41 of 85,18 of 30,12 of 15,45 of 93,26 of 37,0 of 0
L,Ludovit Klein,0,42 of 85,49%,44 of 87,0 of 2,0%,0,0,0:32,20 of 55,18 of 25,4 of 5,39 of 80,3 of 5,0 of 0
L,Andrew Sanchez,0,33 of 53,62%,86 of 117,7 of 12,58%,0,0,7:53,26 of 43,6 of 9,1 of 1,26 of 46,2 of 2,5 of 5
W,Bruno Silva,0,70 of 123,56%,100 of 155,0 of 1,0%,0,0,0:15,47 of 96,21 of 24,2 of 3,55 of 102,10 of 12,5 of 9
W,Danny Roberts,0,34 of 94,36%,42 of 102,1 of 3,33%,0,0,2:38,17 of 71,16 of 21,1 of 2,14 of 64,20 of 29,0 of 1
L,Ramazan Emeev,0,40 of 79,50%,67 of 112,2 of 7,28%,1,0,2:57,32 of 68,8 of 11,0 of 0,28 of 65,11 of 13,1 of 1
L,Loopy Godinez,0,23 of 54,42%,45 of 76,2 of 15,13%,0,0,7:37,16 of 42,4 of 7,3 of 5,17 of 43,2 of 7,4 of 4
W,Luana Carolina,0,53 of 107,49%,86 of 141,0 of 0,---,0,0,0:52,24 of 70,18 of 23,11 of 14,37 of 86,16 of 21,0 of 0
W,Batgerel Danaa,1,22 of 51,43%,22 of 51,0 of 0,---,0,0,0:05,20 of 45,1 of 3,1 of 3,20 of 43,0 of 2,2 of 6
L,Brandon Davis,0,7 of 27,25%,7 of 27,0 of 0,---,0,0,0:00,4 of 22,1 of 3,2 of 2,7 of 27,0 of 0,0 of 0
L,Istela Nunes,0,62 of 119,52%,98 of 156,0 of 0,---,0,0,0:00,37 of 88,16 of 22,9 of 9,54 of 109,8 of 10,0 of 0
W,Ariane Carnelossi,0,36 of 108,33%,76 of 158,5 of 7,71%,1,0,7:04,33 of 103,2 of 4,1 of 1,33 of 100,3 of 8,0 of 0
L,Mackenzie Dern,0,49 of 174,28%,80 of 209,1 of 8,12%,1,1,7:21,41 of 158,4 of 10,4 of 6,36 of 155,1 of 3,12 of 16
W,Marina Rodriguez,0,144 of 279,51%,148 of 284,0 of 0,---,1,0,0:10,72 of 186,39 of 58,33 of 35,124 of 257,20 of 22,0 of 0
W,Randy Brown,0,115 of 235,48%,117 of 237,0 of 1,0%,0,0,0:06,81 of 196,25 of 29,9 of 10,109 of 227,5 of 7,1 of 1
L,Jared Gooden,0,81 of 156,51%,87 of 162,0 of 0,---,0,0,0:44,19 of 76,27 of 36,35 of 44,78 of 151,3 of 3,0 of 2
L,Tim Elliott,0,70 of 215,32%,105 of 255,1 of 10,10%,0,0,2:28,39 of 160,11 of 28,20 of 27,62 of 207,7 of 7,1 of 1
W,Matheus Nicolau,0,64 of 109,58%,128 of 176,1 of 1,100%,0,0,2:08,28 of 63,31 of 38,5 of 8,64 of 107,0 of 1,0 of 1
L,Sabina Mazo,0,62 of 159,38%,63 of 161,0 of 0,---,0,0,0:35,35 of 113,13 of 22,14 of 24,61 of 158,1 of 1,0 of 0
W,Mariya Agapova,1,93 of 164,56%,99 of 170,0 of 0,---,1,0,0:05,48 of 107,32 of 43,13 of 14,91 of 162,2 of 2,0 of 0
W,Chris Gutierrez,0,96 of 144,66%,115 of 165,0 of 3,0%,0,0,1:30,57 of 101,14 of 15,25 of 28,93 of 138,2 of 4,1 of 2
L,Felipe Colares,0,41 of 147,27%,70 of 178,1 of 7,14%,0,0,3:59,23 of 111,15 of 31,3 of 5,41 of 147,0 of 0,0 of 0
W,Alexandr Romanov,0,56 of 78,71%,78 of 103,5 of 7,71%,0,0,6:31,48 of 66,6 of 10,2 of 2,11 of 22,0 of 0,45 of 56
L,Jared Vanderaa,0,13 of 23,56%,19 of 31,0 of 0,---,0,0,0:00,4 of 12,2 of 3,7 of 8,10 of 19,3 of 4,0 of 0
L,Charles Rosa,0,34 of 87,39%,116 of 181,2 of 3,66%,0,1,1:18,17 of 66,4 of 8,13 of 13,26 of 76,5 of 8,3 of 3
W,Damon Jackson,0,41 of 87,47%,53 of 101,6 of 12,50%,2,3,10:24,33 of 77,6 of 8,2 of 2,20 of 58,3 of 3,18 of 26
W,Loopy Godinez,0,11 of 13,84%,18 of 20,5 of 6,83%,1,0,3:27,8 of 10,2 of 2,1 of 1,8 of 10,3 of 3,0 of 0
L,Silvana Gomez Juarez,0,3 of 13,23%,3 of 13,0 of 0,---,0,0,0:00,3 of 13,0 of 0,0 of 0,3 of 13,0 of 0,0 of 0
W,Steve Garcia,0,34 of 49,69%,70 of 87,3 of 5,60%,0,0,5:55,30 of 45,2 of 2,2 of 2,6 of 11,1 of 1,27 of 37
L,Charlie Ontiveros,2,7 of 23,30%,15 of 34,0 of 0,---,0,0,0:08,7 of 22,0 of 1,0 of 0,4 of 16,2 of 2,1 of 5
W,Thiago Santos,0,44 of 105,41%,44 of 105,0 of 1,0%,0,0,0:00,9 of 40,16 of 28,19 of 37,42 of 103,2 of 2,0 of 0
L,Johnny Walker,0,48 of 130,36%,48 of 130,0 of 0,---,0,0,0:00,7 of 55,9 of 20,32 of 55,46 of 127,2 of 3,0 of 0
NC,Kevin Holland,0,3 of 7,42%,24 of 28,0 of 0,---,0,0,1:04,2 of 6,0 of 0,1 of 1,2 of 6,1 of 1,0 of 0
NC,Kyle Daukaus,0,9 of 13,69%,19 of 25,1 of 5,20%,3,0,2:10,5 of 9,3 of 3,1 of 1,2 of 4,4 of 4,3 of 5
L,Alex Oliveira,0,65 of 112,58%,83 of 131,1 of 2,50%,0,0,3:14,31 of 72,17 of 23,17 of 17,56 of 99,2 of 2,7 of 11
W,Niko Price,0,64 of 116,55%,108 of 167,1 of 3,33%,0,0,4:50,37 of 83,7 of 11,20 of 22,45 of 93,2 of 2,17 of 21
L,Misha Cirkunov,0,41 of 91,45%,55 of 106,5 of 17,29%,0,0,4:06,13 of 59,10 of 13,18 of 19,28 of 76,6 of 8,7 of 7
W,Krzysztof Jotko,0,41 of 95,43%,56 of 115,1 of 3,33%,0,0,0:44,23 of 76,6 of 7,12 of 12,37 of 89,4 of 6,0 of 0
W,Alexander Hernandez,1,20 of 35,57%,20 of 35,0 of 2,0%,0,0,0:01,15 of 29,4 of 4,1 of 2,14 of 26,6 of 9,0 of 0
L,Mike Breeden,0,6 of 15,40%,6 of 15,0 of 0,---,0,0,0:00,4 of 13,0 of 0,2 of 2,5 of 14,1 of 1,0 of 0
L,Joe Solecki,0,38 of 69,55%,70 of 102,4 of 7,57%,0,0,6:03,31 of 62,5 of 5,2 of 2,25 of 56,4 of 4,9 of 9
W,Jared Gordon,0,51 of 86,59%,83 of 122,1 of 2,50%,0,1,4:07,32 of 60,12 of 18,7 of 8,33 of 68,15 of 15,3 of 3
L,Antonina Shevchenko,0,40 of 63,63%,58 of 85,0 of 1,0%,0,0,1:12,32 of 55,8 of 8,0 of 0,24 of 45,8 of 8,8 of 10
W,Casey O'Neill,0,52 of 110,47%,128 of 209,3 of 8,37%,0,0,5:39,46 of 101,4 of 7,2 of 2,13 of 55,2 of 3,37 of 52
L,Bethe Correia,0,62 of 147,42%,85 of 171,0 of 2,0%,0,0,0:00,18 of 91,38 of 50,6 of 6,57 of 140,5 of 7,0 of 0
W,Karol Rosa,0,125 of 199,62%,145 of 219,0 of 2,0%,0,0,2:50,70 of 142,35 of 35,20 of 22,102 of 172,22 of 26,1 of 1
L,Devonte Smith,0,29 of 64,45%,32 of 67,0 of 0,---,0,0,0:00,24 of 57,2 of 4,3 of 3,26 of 59,3 of 5,0 of 0
W,Jamie Mullarkey,1,55 of 108,50%,58 of 112,1 of 2,50%,0,0,0:47,22 of 65,22 of 32,11 of 11,34 of 75,15 of 22,6 of 11
W,Douglas Silva de Andrade,1,10 of 15,66%,12 of 17,0 of 0,---,0,0,0:20,6 of 9,2 of 4,2 of 2,6 of 11,1 of 1,3 of 3
L,Gaetano Pirrello,0,5 of 6,83%,5 of 6,0 of 0,---,0,0,0:00,0 of 0,2 of 3,3 of 3,4 of 5,1 of 1,0 of 0
W,Stephanie Egger,0,29 of 42,69%,62 of 84,2 of 4,50%,0,0,3:28,20 of 33,3 of 3,6 of 6,14 of 25,3 of 3,12 of 14
L,Shanna Young,0,22 of 50,44%,26 of 54,0 of 0,---,2,0,0:23,8 of 31,11 of 16,3 of 3,22 of 50,0 of 0,0 of 0
W,Alejandro Perez,0,23 of 55,41%,34 of 66,1 of 1,100%,2,0,1:14,11 of 40,10 of 12,2 of 3,18 of 49,2 of 2,3 of 4
L,Johnny Eduardo,0,31 of 59,52%,38 of 66,1 of 1,100%,0,0,1:14,7 of 33,8 of 9,16 of 17,28 of 55,2 of 3,1 of 1
W,Alexander Volkanovski,0,214 of 353,60%,229 of 377,0 of 0,---,0,2,3:51,146 of 270,20 of 26,48 of 57,158 of 254,3 of 6,53 of 93
L,Brian Ortega,0,88 of 234,37%,101 of 250,2 of 5,40%,3,1,0:54,59 of 193,20 of 26,9 of 15,82 of 225,6 of 9,0 of 0
W,Valentina Shevchenko,0,98 of 170,57%,132 of 204,3 of 4,75%,0,0,4:04,62 of 126,19 of 24,17 of 20,72 of 137,6 of 8,20 of 25
L,Lauren Murphy,0,11 of 91,12%,19 of 100,0 of 0,---,0,0,0:41,4 of 73,3 of 13,4 of 5,11 of 91,0 of 0,0 of 0
L,Nick Diaz,0,150 of 339,44%,150 of 339,0 of 1,0%,0,0,0:00,114 of 294,36 of 45,0 of 0,144 of 331,6 of 8,0 of 0
W,Robbie Lawler,0,131 of 221,59%,131 of 221,0 of 0,---,0,0,0:14,88 of 176,33 of 35,10 of 10,99 of 182,31 of 38,1 of 1
W,Curtis Blaydes,0,32 of 96,33%,113 of 190,3 of 6,50%,0,0,6:19,18 of 76,6 of 8,8 of 12,24 of 86,0 of 0,8 of 10
L,Jairzinho Rozenstruik,0,18 of 68,26%,46 of 99,0 of 0,---,0,0,0:00,17 of 65,1 of 2,0 of 1,16 of 65,2 of 3,0 of 0
W,Jessica Andrade,0,48 of 86,55%,48 of 86,0 of 0,---,0,0,0:00,34 of 70,2 of 3,12 of 13,41 of 72,7 of 14,0 of 0
L,Cynthia Calvillo,0,27 of 75,36%,27 of 75,0 of 0,---,0,0,0:00,10 of 52,13 of 18,4 of 5,27 of 75,0 of 0,0 of 0
L,Marlon Moraes,1,29 of 44,65%,34 of 49,0 of 0,---,0,0,0:30,23 of 36,0 of 0,6 of 8,21 of 35,1 of 2,7 of 7
W,Merab Dvalishvili,0,69 of 109,63%,246 of 307,4 of 4,100%,0,0,6:00,63 of 101,6 of 7,0 of 1,12 of 35,0 of 0,57 of 74
W,Dan Hooker,0,73 of 153,47%,177 of 261,3 of 7,42%,0,0,7:04,26 of 97,27 of 32,20 of 24,55 of 134,14 of 15,4 of 4
L,Nasrat Haqparast,0,27 of 69,39%,35 of 77,0 of 1,0%,0,0,0:03,17 of 56,9 of 11,1 of 2,23 of 63,4 of 6,0 of 0
L,Shamil Abdurakhimov,0,23 of 63,36%,23 of 63,0 of 0,---,0,0,0:00,13 of 48,6 of 11,4 of 4,22 of 62,1 of 1,0 of 0
W,Chris Daukaus,2,38 of 93,40%,38 of 93,0 of 0,---,0,0,0:48,34 of 88,2 of 3,2 of 2,18 of 58,2 of 5,18 of 30
L,Roxanne Modafferi,0,18 of 92,19%,43 of 124,0 of 4,0%,0,0,3:02,13 of 85,2 of 3,3 of 4,16 of 90,2 of 2,0 of 0
W,Taila Santos,1,55 of 95,57%,118 of 164,5 of 5,100%,0,0,8:03,38 of 75,8 of 11,9 of 9,40 of 72,8 of 9,7 of 14
L,Uros Medic,0,6 of 11,54%,6 of 11,0 of 0,---,0,0,0:00,2 of 6,0 of 1,4 of 4,6 of 11,0 of 0,0 of 0
W,Jalin Turner,0,25 of 47,53%,40 of 68,1 of 1,100%,1,0,2:24,16 of 36,8 of 9,1 of 2,16 of 31,3 of 3,6 of 13
L,Cody Brundage,0,28 of 53,52%,59 of 90,0 of 1,0%,1,0,1:55,22 of 45,3 of 5,3 of 3,13 of 37,4 of 5,11 of 11
W,Nick Maximov,0,14 of 40,35%,84 of 142,4 of 15,26%,0,2,9:21,12 of 37,1 of 1,1 of 2,8 of 26,3 of 5,3 of 9
W,Matthew Semelsberger,1,3 of 5,60%,3 of 5,0 of 0,---,0,0,0:01,2 of 4,1 of 1,0 of 0,2 of 4,0 of 0,1 of 1
L,Martin Sano,0,1 of 3,33%,1 of 3,0 of 0,---,0,0,0:00,1 of 3,0 of 0,0 of 0,1 of 3,0 of 0,0 of 0
W,Jonathan Pearce,0,12 of 35,34%,55 of 83,6 of 11,54%,1,0,5:33,9 of 28,3 of 4,0 of 3,11 of 33,1 of 2,0 of 0
L,Omar Morales,0,12 of 25,48%,27 of 42,0 of 0,---,0,2,0:19,9 of 22,0 of 0,3 of 3,8 of 18,4 of 7,0 of 0
W,Anthony Smith,2,17 of 28,60%,18 of 29,0 of 0,---,1,0,1:38,11 of 21,3 of 4,3 of 3,11 of 20,0 of 0,6 of 8
L,Ryan Spann,0,8 of 20,40%,8 of 20,0 of 1,0%,0,0,0:30,5 of 17,3 of 3,0 of 0,6 of 18,1 of 1,1 of 1
W,Ion Cutelaba,1,64 of 101,63%,92 of 138,8 of 12,66%,0,0,8:48,59 of 95,4 of 5,1 of 1,7 of 21,11 of 16,46 of 64
L,Devin Clark,0,23 of 52,44%,84 of 130,1 of 6,16%,0,0,1:58,10 of 32,3 of 7,10 of 13,12 of 32,8 of 13,3 of 7
W,Ariane da Silva,2,87 of 194,44%,116 of 233,0 of 1,0%,0,0,4:26,27 of 106,53 of 73,7 of 15,64 of 157,15 of 23,8 of 14
L,Mandy Bohm,0,36 of 108,33%,47 of 123,0 of 4,0%,0,0,0:29,18 of 84,12 of 16,6 of 8,31 of 101,5 of 7,0 of 0
W,Arman Tsarukyan,1,22 of 31,70%,27 of 37,0 of 1,0%,0,0,0:11,21 of 29,1 of 1,0 of 1,4 of 10,0 of 0,18 of 21
L,Christos Giagos,0,1 of 6,16%,4 of 11,0 of 0,---,0,0,0:49,0 of 5,1 of 1,0 of 0,1 of 5,0 of 1,0 of 0
W,Nate Maness,1,31 of 63,49%,64 of 98,1 of 1,100%,0,0,0:15,26 of 57,5 of 6,0 of 0,21 of 52,2 of 2,8 of 9
L,Tony Gravely,1,36 of 68,52%,44 of 77,1 of 6,16%,0,0,2:26,18 of 43,8 of 11,10 of 14,25 of 55,8 of 10,3 of 3
W,Joaquin Buckley,1,41 of 102,40%,45 of 107,1 of 6,16%,0,0,1:18,12 of 59,12 of 22,17 of 21,34 of 95,2 of 2,5 of 5
L,Antonio Arroyo,0,21 of 46,45%,30 of 57,0 of 0,---,0,0,0:24,4 of 22,10 of 17,7 of 7,21 of 45,0 of 1,0 of 0
L,Mike Rodriguez,0,49 of 144,34%,59 of 156,0 of 0,---,0,0,0:02,19 of 105,17 of 22,13 of 17,45 of 137,4 of 7,0 of 0
W,Tafon Nchukwi,0,116 of 199,58%,145 of 240,3 of 3,100%,0,0,4:45,81 of 144,25 of 44,10 of 11,76 of 146,31 of 42,9 of 11
L,Pannie Kianzad,0,50 of 98,51%,85 of 144,1 of 2,50%,0,0,5:34,26 of 68,20 of 25,4 of 5,13 of 50,37 of 48,0 of 0
W,Raquel Pennington,0,48 of 79,60%,98 of 144,1 of 3,33%,0,0,6:16,26 of 56,17 of 18,5 of 5,23 of 49,23 of 28,2 of 2
W,Rongzhu,1,86 of 134,64%,134 of 198,6 of 8,75%,0,0,9:27,71 of 118,8 of 9,7 of 7,43 of 74,1 of 1,42 of 59
L,Brandon Jenkins,0,41 of 105,39%,67 of 138,0 of 0,---,0,1,0:04,17 of 69,7 of 16,17 of 20,36 of 98,3 of 5,2 of 2
W,Montel Jackson,4,25 of 43,58%,91 of 117,4 of 5,80%,1,0,10:03,18 of 36,7 of 7,0 of 0,11 of 17,6 of 8,8 of 18
L,JP Buys,0,8 of 24,33%,39 of 60,1 of 7,14%,3,0,1:20,3 of 10,4 of 13,1 of 1,6 of 22,1 of 1,1 of 1
W,Erin Blanchfield,0,120 of 210,57%,198 of 318,3 of 3,100%,0,0,9:43,94 of 182,15 of 17,11 of 11,53 of 121,10 of 10,57 of 79
L,Sarah Alpar,0,41 of 113,36%,45 of 120,0 of 1,0%,0,0,0:00,22 of 87,8 of 13,11 of 13,40 of 110,1 of 3,0 of 0
L,Impa Kasanganay,0,6 of 21,28%,6 of 21,0 of 0,---,0,0,0:00,5 of 20,1 of 1,0 of 0,6 of 21,0 of 0,0 of 0
W,Carlston Harris,1,24 of 46,52%,24 of 48,0 of 1,0%,0,0,0:21,16 of 37,6 of 7,2 of 2,14 of 35,0 of 0,10 of 11
D,Gustavo Lopez,0,44 of 115,38%,47 of 119,3 of 8,37%,1,0,2:03,32 of 93,5 of 10,7 of 12,35 of 99,2 of 6,7 of 10
D,Alatengheili,0,36 of 118,30%,37 of 120,0 of 1,0%,0,0,0:06,23 of 102,10 of 12,3 of 4,35 of 115,1 of 3,0 of 0
L,Emily Whitmire,0,5 of 13,38%,15 of 26,2 of 2,100%,0,0,3:04,3 of 10,1 of 2,1 of 1,5 of 12,0 of 0,0 of 1
W,Hannah Goldy,0,10 of 22,45%,24 of 46,0 of 0,---,1,0,0:24,1 of 12,2 of 2,7 of 8,9 of 20,1 of 2,0 of 0
W,Derek Brunson,0,41 of 84,48%,101 of 145,3 of 6,50%,1,0,7:23,37 of 76,2 of 2,2 of 6,9 of 36,3 of 3,29 of 45
L,Darren Till,0,26 of 50,52%,28 of 53,0 of 0,---,0,0,0:04,14 of 38,8 of 8,4 of 4,19 of 42,7 of 8,0 of 0
W,Tom Aspinall,1,16 of 26,61%,16 of 26,0 of 0,---,0,0,0:03,12 of 22,4 of 4,0 of 0,7 of 13,3 of 3,6 of 10
L,Serghei Spivac,0,0 of 11,0%,0 of 11,0 of 2,0%,0,0,0:00,0 of 11,0 of 0,0 of 0,0 of 11,0 of 0,0 of 0
W,Alex Morono,0,90 of 213,42%,96 of 219,0 of 0,---,0,0,1:06,81 of 200,8 of 12,1 of 1,84 of 204,6 of 9,0 of 0
L,David Zawada,0,86 of 205,41%,91 of 210,1 of 2,50%,0,0,0:39,39 of 150,41 of 48,6 of 7,77 of 187,9 of 18,0 of 0
L,Modestas Bukauskas,0,23 of 49,46%,23 of 49,0 of 0,---,0,0,0:00,18 of 44,3 of 3,2 of 2,22 of 48,1 of 1,0 of 0
W,Khalil Rountree Jr.,1,38 of 92,41%,38 of 92,0 of 0,---,0,0,0:02,18 of 71,7 of 8,13 of 13,38 of 92,0 of 0,0 of 0
W,Paddy Pimblett,1,47 of 81,58%,47 of 81,0 of 2,0%,0,0,0:10,29 of 62,7 of 8,11 of 11,46 of 80,1 of 1,0 of 0
L,Luigi Vendramini,0,25 of 51,49%,30 of 56,1 of 1,100%,0,0,0:27,14 of 40,4 of 4,7 of 7,21 of 45,3 of 5,1 of 1
W,Molly McCann,0,127 of 272,46%,130 of 275,2 of 3,66%,0,0,0:47,110 of 249,16 of 22,1 of 1,126 of 270,1 of 2,0 of 0
L,Ji Yeon Kim,0,122 of 361,33%,134 of 374,0 of 2,0%,0,0,2:35,87 of 316,24 of 33,11 of 12,114 of 349,6 of 10,2 of 2
W,Jack Shore,0,92 of 155,59%,104 of 168,2 of 8,25%,1,0,4:28,59 of 116,11 of 14,22 of 25,80 of 138,8 of 12,4 of 5
L,Liudvik Sholinian,0,19 of 92,20%,33 of 108,0 of 4,0%,0,0,1:26,13 of 85,6 of 7,0 of 0,16 of 89,2 of 2,1 of 1
W,Julian Erosa,0,103 of 214,48%,106 of 217,2 of 5,40%,1,0,2:35,66 of 168,29 of 38,8 of 8,80 of 187,22 of 26,1 of 1
L,Charles Jourdain,1,85 of 163,52%,103 of 181,0 of 0,---,0,0,0:02,50 of 118,21 of 30,14 of 15,64 of 129,20 of 32,1 of 2
L,Dalcha Lungiambula,0,85 of 217,39%,87 of 219,2 of 5,40%,0,0,0:32,60 of 185,21 of 26,4 of 6,64 of 185,21 of 32,0 of 0
W,Marc-Andre Barriault,0,118 of 289,40%,128 of 299,0 of 0,---,0,0,0:31,80 of 233,24 of 40,14 of 16,93 of 250,25 of 39,0 of 0
L,Edson Barboza,0,33 of 95,34%,33 of 95,0 of 0,---,0,0,0:00,15 of 70,10 of 15,8 of 10,33 of 95,0 of 0,0 of 0
W,Giga Chikadze,2,60 of 117,51%,70 of 128,0 of 0,---,2,0,0:41,31 of 80,16 of 22,13 of 15,56 of 113,0 of 0,4 of 4
W,Bryan Battle,0,46 of 87,52%,54 of 96,1 of 1,100%,1,0,1:22,17 of 54,23 of 27,6 of 6,30 of 68,15 of 18,1 of 1
L,Gilbert Urbina,0,45 of 76,59%,63 of 95,2 of 6,33%,0,0,2:40,33 of 62,9 of 11,3 of 3,15 of 39,18 of 23,12 of 14
W,Ricky Turcios,1,100 of 171,58%,201 of 281,2 of 4,50%,0,1,2:32,83 of 150,14 of 18,3 of 3,67 of 131,22 of 27,11 of 13
L,Brady Hiestand,0,66 of 134,49%,82 of 152,6 of 11,54%,0,1,7:40,59 of 124,6 of 9,1 of 1,52 of 117,8 of 10,6 of 7
L,Kevin Lee,0,56 of 160,35%,74 of 181,3 of 7,42%,0,0,3:34,39 of 134,12 of 21,5 of 5,55 of 157,0 of 0,1 of 3
W,Daniel Rodriguez,0,120 of 210,57%,137 of 229,0 of 0,---,0,1,0:45,87 of 175,7 of 8,26 of 27,113 of 202,0 of 0,7 of 8
W,Andre Petroski,0,46 of 80,57%,91 of 131,4 of 9,44%,1,0,7:38,36 of 69,10 of 11,0 of 0,17 of 42,0 of 0,29 of 38
L,Micheal Gillmore,0,31 of 52,59%,38 of 59,0 of 0,---,0,0,0:03,14 of 34,4 of 4,13 of 14,28 of 49,0 of 0,3 of 3
L,Makhmud Muradov,0,40 of 99,40%,41 of 100,0 of 0,---,0,0,0:16,27 of 81,8 of 13,5 of 5,36 of 92,4 of 7,0 of 0
W,Gerald Meerschaert,0,32 of 56,57%,39 of 65,3 of 10,30%,1,0,0:55,23 of 45,3 of 5,6 of 6,32 of 55,0 of 1,0 of 0
L,Alessio Di Chirico,0,1 of 2,50%,1 of 2,0 of 0,---,0,0,0:00,0 of 0,1 of 2,0 of 0,1 of 2,0 of 0,0 of 0
W,Abdul Razak Alhassan,1,1 of 1,100%,1 of 1,0 of 0,---,0,0,0:01,1 of 1,0 of 0,0 of 0,1 of 1,0 of 0,0 of 0
L,Sam Alvey,0,68 of 122,55%,114 of 169,0 of 0,---,0,0,1:54,55 of 105,9 of 13,4 of 4,58 of 112,10 of 10,0 of 0
W,Wellington Turman,0,69 of 119,57%,75 of 126,2 of 9,22%,0,0,2:54,36 of 77,19 of 27,14 of 15,63 of 113,6 of 6,0 of 0
W,Dustin Jacoby,0,37 of 61,60%,38 of 63,0 of 1,0%,0,0,0:23,33 of 53,3 of 6,1 of 2,30 of 52,6 of 8,1 of 1
L,Darren Stewart,0,18 of 33,54%,22 of 37,2 of 2,100%,0,0,0:43,11 of 26,4 of 4,3 of 3,13 of 28,5 of 5,0 of 0
W,JJ Aldrich,0,93 of 134,69%,121 of 165,1 of 2,50%,0,0,4:19,75 of 114,17 of 19,1 of 1,64 of 93,6 of 7,23 of 34
L,Vanessa Demopoulos,0,70 of 162,43%,87 of 185,0 of 5,0%,0,0,1:53,41 of 122,22 of 32,7 of 8,53 of 138,15 of 22,2 of 2
L,Jamall Emmers,0,10 of 14,71%,12 of 17,0 of 0,---,1,0,0:49,3 of 7,6 of 6,1 of 1,8 of 12,0 of 0,2 of 2
W,Pat Sabatini,0,1 of 9,11%,1 of 9,0 of 1,0%,2,0,0:00,1 of 9,0 of 0,0 of 0,1 of 9,0 of 0,0 of 0
W,Mana Martinez,0,79 of 157,50%,88 of 169,2 of 3,66%,0,0,1:07,35 of 98,31 of 44,13 of 15,72 of 147,3 of 4,4 of 6
L,Guido Cannetti,0,66 of 109,60%,68 of 111,0 of 0,---,0,1,0:28,21 of 57,13 of 19,32 of 33,64 of 105,0 of 1,2 of 3
W,Jared Cannonier,1,81 of 207,39%,91 of 218,0 of 0,---,0,0,0:02,51 of 162,20 of 31,10 of 14,79 of 205,2 of 2,0 of 0
L,Kelvin Gastelum,0,89 of 246,36%,89 of 246,0 of 8,0%,0,0,2:31,48 of 187,22 of 36,19 of 23,88 of 243,1 of 3,0 of 0
L,Clay Guida,0,72 of 212,33%,72 of 212,0 of 0,---,0,0,0:00,30 of 161,5 of 13,37 of 38,64 of 203,8 of 9,0 of 0
W,Mark Madsen,0,98 of 192,51%,101 of 198,0 of 1,0%,0,0,0:54,70 of 159,17 of 21,11 of 12,80 of 172,18 of 20,0 of 0
W,Parker Porter,0,149 of 278,53%,159 of 294,1 of 8,12%,0,0,2:19,116 of 243,17 of 17,16 of 18,141 of 270,7 of 7,1 of 1
L,Chase Sherman,0,117 of 249,46%,121 of 253,0 of 0,---,0,0,0:00,69 of 199,15 of 17,33 of 33,115 of 247,2 of 2,0 of 0
L,Trevin Jones,0,12 of 31,38%,70 of 112,1 of 8,12%,0,0,8:59,6 of 23,5 of 7,1 of 1,5 of 21,5 of 5,2 of 5
W,Saidyokub Kakhramonov,0,36 of 65,55%,123 of 163,2 of 7,28%,4,0,1:07,21 of 48,10 of 11,5 of 6,21 of 46,15 of 19,0 of 0
W,Vinc Pichel,0,71 of 160,44%,96 of 187,0 of 4,0%,0,0,2:29,28 of 108,16 of 23,27 of 29,59 of 145,10 of 12,2 of 3
L,Austin Hubbard,0,56 of 152,36%,66 of 171,4 of 7,57%,0,0,2:14,29 of 110,17 of 31,10 of 11,51 of 145,4 of 6,1 of 1
W,Alexandre Pantoja,0,22 of 40,55%,23 of 41,3 of 6,50%,2,0,2:51,19 of 37,3 of 3,0 of 0,21 of 38,1 of 2,0 of 0
L,Brandon Royval,0,17 of 61,27%,27 of 79,1 of 1,100%,0,0,0:08,12 of 53,3 of 5,2 of 3,17 of 60,0 of 0,0 of 1
W,Austin Lingo,1,73 of 181,40%,74 of 185,0 of 0,---,0,0,1:31,45 of 143,23 of 32,5 of 6,73 of 179,0 of 2,0 of 0
L,Luis Saldana,0,77 of 160,48%,81 of 165,0 of 5,0%,0,0,0:19,34 of 111,26 of 31,17 of 18,75 of 158,2 of 2,0 of 0
W,Brian Kelleher,0,28 of 40,70%,236 of 279,3 of 3,100%,2,1,12:49,24 of 35,2 of 3,2 of 2,1 of 3,0 of 0,27 of 37
L,Domingo Pilarte,0,3 of 11,27%,117 of 159,0 of 0,---,0,0,1:29,2 of 8,1 of 2,0 of 1,2 of 9,0 of 1,1 of 1
L,Bea Malecki,0,35 of 82,42%,35 of 82,0 of 0,---,0,0,0:00,13 of 53,12 of 19,10 of 10,35 of 82,0 of 0,0 of 0
W,Josiane Nunes,1,52 of 129,40%,52 of 129,0 of 0,---,0,0,0:05,26 of 89,15 of 26,11 of 14,45 of 118,7 of 11,0 of 0
W,William Knight,1,14 of 24,58%,14 of 24,0 of 0,---,0,0,0:02,5 of 13,1 of 1,8 of 10,11 of 21,0 of 0,3 of 3
L,Fabio Cherant,0,15 of 23,65%,15 of 23,0 of 0,---,0,0,0:00,3 of 11,10 of 10,2 of 2,15 of 23,0 of 0,0 of 0
L,Roosevelt Roberts,0,55 of 168,32%,65 of 185,0 of 12,0%,0,0,1:44,47 of 154,2 of 5,6 of 9,54 of 166,1 of 2,0 of 0
W,Ignacio Bahamondes,1,105 of 228,46%,124 of 260,0 of 0,---,0,0,1:38,41 of 145,31 of 43,33 of 40,97 of 216,6 of 9,2 of 3
L,Sasha Palatnikov,0,1 of 1,100%,1 of 3,0 of 0,---,0,0,0:00,1 of 1,0 of 0,0 of 0,1 of 1,0 of 0,0 of 0
W,Ramiz Brahimaj,0,1 of 2,50%,3 of 5,2 of 2,100%,1,0,2:12,1 of 2,0 of 0,0 of 0,1 of 2,0 of 0,0 of 0
L,Derrick Lewis,0,16 of 37,43%,16 of 37,0 of 1,0%,0,0,0:08,8 of 24,6 of 11,2 of 2,15 of 36,1 of 1,0 of 0
W,Ciryl Gane,0,98 of 122,80%,112 of 136,0 of 1,0%,0,0,1:21,50 of 69,16 of 21,32 of 32,67 of 89,16 of 17,15 of 16
W,Jose Aldo,0,114 of 223,51%,114 of 223,0 of 0,---,0,0,0:00,74 of 168,32 of 47,8 of 8,114 of 223,0 of 0,0 of 0
L,Pedro Munhoz,0,75 of 179,41%,75 of 179,0 of 0,---,0,0,0:10,35 of 131,3 of 6,37 of 42,71 of 175,4 of 4,0 of 0
L,Michael Chiesa,0,4 of 12,33%,6 of 16,1 of 1,100%,2,0,1:01,4 of 12,0 of 0,0 of 0,4 of 12,0 of 0,0 of 0
W,Vicente Luque,0,7 of 12,58%,8 of 13,0 of 0,---,1,0,0:10,2 of 7,1 of 1,4 of 4,7 of 12,0 of 0,0 of 0
W,Tecia Pennington,0,144 of 298,48%,166 of 322,1 of 6,16%,0,0,0:16,80 of 217,41 of 52,23 of 29,127 of 274,16 of 22,1 of 2
L,Angela Hill,0,96 of 188,51%,99 of 191,2 of 7,28%,0,0,1:56,64 of 141,29 of 41,3 of 6,73 of 160,22 of 26,1 of 2
W,Song Yadong,0,116 of 257,45%,121 of 263,0 of 3,0%,0,0,0:20,66 of 197,34 of 44,16 of 16,110 of 249,6 of 8,0 of 0
L,Casey Kenney,0,78 of 190,41%,85 of 199,1 of 5,20%,0,0,0:26,45 of 140,20 of 31,13 of 19,77 of 188,1 of 2,0 of 0
L,King Green,0,143 of 263,54%,143 of 263,0 of 2,0%,0,0,0:00,93 of 197,34 of 45,16 of 21,138 of 257,5 of 6,0 of 0
W,Rafael Fiziev,0,104 of 223,46%,104 of 223,0 of 0,---,0,0,0:08,47 of 132,26 of 44,31 of 47,96 of 212,8 of 11,0 of 0
W,Vince Morales,0,76 of 196,38%,84 of 204,1 of 4,25%,0,0,0:40,46 of 150,26 of 40,4 of 6,69 of 183,7 of 12,0 of 1
L,Drako Rodriguez,0,55 of 151,36%,60 of 156,3 of 5,60%,0,0,1:14,45 of 138,2 of 3,8 of 10,49 of 143,5 of 7,1 of 1
W,Alonzo Menifield,0,93 of 140,66%,94 of 141,1 of 1,100%,0,0,0:48,75 of 122,4 of 4,14 of 14,70 of 107,13 of 21,10 of 12
L,Ed Herman,0,41 of 126,32%,42 of 127,0 of 0,---,0,0,0:01,31 of 115,9 of 10,1 of 1,38 of 119,3 of 7,0 of 0
L,Karolina Kowalkiewicz,0,8 of 12,66%,28 of 36,1 of 1,100%,0,0,0:26,3 of 7,0 of 0,5 of 5,4 of 7,0 of 0,4 of 5
W,Jessica Penne,0,12 of 19,63%,21 of 30,1 of 1,100%,1,0,3:13,9 of 16,3 of 3,0 of 0,4 of 10,0 of 0,8 of 9
W,Manel Kape,1,19 of 29,65%,19 of 29,0 of 0,---,0,0,0:02,14 of 23,2 of 3,3 of 3,16 of 25,0 of 0,3 of 4
L,Ode Osbourne,0,18 of 38,47%,18 of 38,0 of 0,---,0,0,0:00,9 of 25,6 of 8,3 of 5,18 of 38,0 of 0,0 of 0
W,Miles Johns,1,80 of 118,67%,80 of 118,0 of 0,---,0,0,0:02,54 of 90,11 of 12,15 of 16,78 of 116,2 of 2,0 of 0
L,Anderson Dos Santos,0,32 of 164,19%,33 of 165,0 of 5,0%,0,0,0:09,24 of 149,3 of 9,5 of 6,31 of 163,1 of 1,0 of 0
L,Victoria Leonardo,0,43 of 91,47%,59 of 110,0 of 3,0%,0,2,2:27,14 of 58,13 of 17,16 of 16,38 of 84,3 of 4,2 of 3
W,Melissa Gatto,0,70 of 121,57%,96 of 148,1 of 5,20%,0,1,1:50,42 of 83,12 of 19,16 of 19,63 of 110,6 of 10,1 of 1
W,Johnny Munoz,0,14 of 71,19%,24 of 85,2 of 3,66%,3,0,2:04,6 of 61,2 of 2,6 of 8,13 of 68,0 of 1,1 of 2
L,Jamey Simmons,0,7 of 37,18%,10 of 40,0 of 0,---,0,0,0:00,4 of 31,1 of 3,2 of 3,7 of 37,0 of 0,0 of 0
L,Uriah Hall,0,107 of 258,41%,122 of 273,0 of 0,---,0,0,0:00,56 of 173,33 of 66,18 of 19,106 of 257,1 of 1,0 of 0
W,Sean Strickland,0,186 of 428,43%,221 of 472,4 of 6,66%,0,0,7:02,173 of 414,10 of 11,3 of 3,169 of 400,9 of 12,8 of 16
W,Cheyanne Vlismas,1,11 of 16,68%,11 of 16,1 of 1,100%,0,0,0:34,11 of 15,0 of 1,0 of 0,4 of 8,0 of 0,7 of 8
L,Gloria de Paula,0,5 of 8,62%,8 of 11,0 of 0,---,0,0,0:00,5 of 8,0 of 0,0 of 0,5 of 8,0 of 0,0 of 0
L,Niklas Stolze,0,7 of 13,53%,7 of 13,0 of 0,---,0,0,0:00,4 of 10,2 of 2,1 of 1,7 of 13,0 of 0,0 of 0
W,Jared Gooden,1,14 of 23,60%,14 of 23,1 of 1,100%,0,0,0:21,11 of 17,0 of 3,3 of 3,13 of 21,0 of 0,1 of 2
L,Collin Anglin,0,25 of 51,49%,28 of 57,1 of 1,100%,0,0,0:18,14 of 34,9 of 15,2 of 2,19 of 43,6 of 8,0 of 0
W,Melsik Baghdasaryan,1,44 of 75,58%,51 of 82,0 of 0,---,0,0,1:11,28 of 52,12 of 15,4 of 8,32 of 62,10 of 10,2 of 3
L,Bryan Barberena,0,50 of 113,44%,114 of 178,0 of 1,0%,0,1,0:47,50 of 110,0 of 3,0 of 0,40 of 99,4 of 6,6 of 8
W,Jason Witt,1,35 of 83,42%,56 of 105,8 of 18,44%,1,0,5:38,27 of 71,8 of 12,0 of 0,25 of 67,6 of 10,4 of 6
W,Chris Gruetzemacher,0,100 of 190,52%,176 of 268,0 of 1,0%,0,0,0:03,60 of 147,31 of 32,9 of 11,76 of 163,24 of 27,0 of 0
L,Rafa Garcia,0,72 of 146,49%,90 of 166,5 of 12,41%,1,0,6:26,58 of 129,7 of 8,7 of 9,58 of 124,11 of 17,3 of 5
D,Danny Chavez,0,41 of 110,37%,53 of 122,1 of 5,20%,0,0,0:35,25 of 81,7 of 14,9 of 15,28 of 91,10 of 16,3 of 3
D,Kai Kamaka III,0,48 of 77,62%,80 of 114,0 of 3,0%,0,0,3:33,9 of 28,15 of 20,24 of 29,42 of 68,6 of 9,0 of 0
W,Jinh Yu Frey,0,88 of 185,47%,89 of 186,0 of 1,0%,0,0,0:02,46 of 129,15 of 25,27 of 31,77 of 173,10 of 11,1 of 1
L,Ashley Yoder,0,91 of 236,38%,96 of 241,0 of 8,0%,0,0,0:41,59 of 188,15 of 25,17 of 23,90 of 233,1 of 3,0 of 0
L,Ryan Benoit,1,37 of 129,28%,55 of 151,0 of 1,0%,0,0,1:19,32 of 118,2 of 8,3 of 3,33 of 125,0 of 0,4 of 4
W,Zarrukh Adashev,0,78 of 143,54%,81 of 146,0 of 4,0%,1,0,0:45,50 of 108,12 of 17,16 of 18,74 of 137,2 of 2,2 of 4
W,Phil Rowe,1,46 of 93,49%,53 of 101,0 of 0,---,0,0,0:14,32 of 76,13 of 16,1 of 1,33 of 78,13 of 15,0 of 0
L,Orion Cosce,0,22 of 52,42%,51 of 82,2 of 6,33%,0,0,6:34,17 of 45,3 of 4,2 of 3,16 of 44,3 of 5,3 of 3
L,Cory Sandhagen,0,128 of 281,45%,171 of 331,0 of 1,0%,1,0,0:00,110 of 258,10 of 14,8 of 9,126 of 278,2 of 2,0 of 1
W,TJ Dillashaw,0,110 of 268,41%,169 of 332,2 of 19,10%,0,0,8:22,59 of 208,10 of 14,41 of 46,98 of 245,8 of 14,4 of 9
L,Kyler Phillips,1,74 of 132,56%,95 of 155,4 of 9,44%,0,1,3:02,62 of 115,7 of 11,5 of 6,43 of 95,8 of 9,23 of 28
W,Raulian Paiva,0,51 of 117,43%,72 of 147,2 of 6,33%,0,0,3:32,37 of 96,14 of 21,0 of 0,41 of 102,7 of 10,3 of 5
W,Darren Elkins,0,20 of 30,66%,137 of 154,1 of 2,50%,0,2,3:01,18 of 28,2 of 2,0 of 0,2 of 4,2 of 3,16 of 23
L,Darrick Minner,0,19 of 35,54%,36 of 55,2 of 2,100%,3,2,4:41,14 of 27,4 of 5,1 of 3,5 of 13,4 of 7,10 of 15
L,Miranda Maverick,0,47 of 143,32%,82 of 191,1 of 1,100%,0,0,1:21,21 of 107,13 of 20,13 of 16,43 of 138,4 of 5,0 of 0
W,Maycee Barber,0,36 of 111,32%,38 of 117,1 of 6,16%,0,0,2:26,30 of 99,5 of 11,1 of 1,26 of 96,10 of 15,0 of 0
W,Adrian Yanez,1,64 of 184,34%,64 of 184,0 of 0,---,0,0,0:04,41 of 146,6 of 19,17 of 19,58 of 172,0 of 0,6 of 12
L,Randy Costa,0,69 of 153,45%,69 of 153,0 of 0,---,0,0,0:00,61 of 144,5 of 6,3 of 3,69 of 153,0 of 0,0 of 0
L,Punahele Soriano,0,66 of 149,44%,66 of 149,0 of 0,---,0,0,0:21,46 of 119,17 of 25,3 of 5,63 of 142,3 of 7,0 of 0
W,Brendan Allen,0,94 of 211,44%,94 of 211,0 of 1,0%,0,0,0:00,47 of 154,37 of 46,10 of 11,85 of 196,9 of 15,0 of 0
W,Nassourdine Imavov,0,39 of 96,40%,46 of 103,1 of 1,100%,0,0,1:11,32 of 82,7 of 14,0 of 0,29 of 72,6 of 6,4 of 18
L,Ian Heinisch,0,24 of 52,46%,25 of 53,0 of 3,0%,0,0,1:03,4 of 25,2 of 4,18 of 23,22 of 50,2 of 2,0 of 0
W,Mickey Gall,0,11 of 20,55%,11 of 20,1 of 2,50%,2,1,0:58,9 of 17,1 of 1,1 of 2,9 of 18,2 of 2,0 of 0
L,Jordan Williams,0,13 of 35,37%,13 of 35,1 of 1,100%,0,0,0:04,7 of 29,1 of 1,5 of 5,13 of 34,0 of 1,0 of 0
W,Julio Arce,0,42 of 113,37%,44 of 115,0 of 0,---,0,0,0:24,27 of 88,6 of 15,9 of 10,42 of 113,0 of 0,0 of 0
L,Andre Ewell,0,31 of 97,31%,31 of 98,0 of 0,---,0,0,0:00,10 of 63,10 of 18,11 of 16,31 of 97,0 of 0,0 of 0
W,Sijara Eubanks,0,22 of 40,55%,37 of 55,1 of 2,50%,0,0,3:41,22 of 37,0 of 3,0 of 0,3 of 6,0 of 0,19 of 34
L,Elise Reed,0,1 of 4,25%,14 of 20,0 of 0,---,0,0,0:00,1 of 2,0 of 2,0 of 0,1 of 4,0 of 0,0 of 0
W,Diana Belbita,1,117 of 211,55%,126 of 222,0 of 0,---,0,0,0:06,68 of 152,22 of 29,27 of 30,101 of 185,14 of 22,2 of 4
L,Hannah Goldy,0,92 of 182,50%,107 of 198,2 of 6,33%,0,0,5:19,56 of 137,25 of 32,11 of 13,58 of 140,18 of 23,16 of 19
W,Islam Makhachev,0,61 of 92,66%,148 of 194,3 of 6,50%,1,1,8:11,28 of 56,31 of 34,2 of 2,22 of 41,27 of 31,12 of 20
L,Thiago Moises,0,13 of 44,29%,18 of 51,1 of 2,50%,1,0,3:24,6 of 30,5 of 11,2 of 3,9 of 39,3 of 3,1 of 2
L,Marion Reneau,0,25 of 64,39%,48 of 88,0 of 0,---,0,0,0:00,16 of 54,7 of 8,2 of 2,15 of 49,7 of 9,3 of 6
W,Miesha Tate,0,65 of 120,54%,110 of 183,3 of 6,50%,0,0,5:52,44 of 93,16 of 20,5 of 7,32 of 74,8 of 8,25 of 38
L,Jeremy Stephens,0,0 of 0,---,2 of 2,0 of 0,---,0,0,0:03,0 of 0,0 of 0,0 of 0,0 of 0,0 of 0,0 of 0
W,Mateusz Gamrot,0,1 of 1,100%,1 of 1,1 of 2,50%,1,0,0:46,1 of 1,0 of 0,0 of 0,1 of 1,0 of 0,0 of 0
W,Rodolfo Vieira,0,49 of 88,55%,52 of 93,3 of 4,75%,1,0,2:10,42 of 81,2 of 2,5 of 5,49 of 88,0 of 0,0 of 0
L,Dustin Stoltzfus,0,67 of 192,34%,83 of 209,0 of 3,0%,0,1,0:09,53 of 170,11 of 18,3 of 4,64 of 187,2 of 3,1 of 2
L,Gabriel Benitez,1,57 of 110,51%,67 of 122,0 of 0,---,1,1,0:50,38 of 89,13 of 15,6 of 6,44 of 89,6 of 9,7 of 12
W,Billy Quarantillo,1,100 of 156,64%,179 of 259,3 of 7,42%,1,0,8:40,73 of 126,20 of 23,7 of 7,61 of 107,11 of 12,28 of 37
W,Daniel Rodriguez,0,45 of 83,54%,46 of 84,0 of 0,---,0,0,0:09,36 of 72,2 of 4,7 of 7,38 of 69,1 of 2,6 of 12
L,Preston Parsons,0,23 of 43,53%,24 of 44,0 of 4,0%,0,0,0:15,14 of 33,4 of 5,5 of 5,23 of 43,0 of 0,0 of 0
W,Amanda Lemos,1,7 of 13,53%,7 of 13,0 of 0,---,0,0,0:04,6 of 11,1 of 2,0 of 0,6 of 12,0 of 0,1 of 1
L,Montserrat Conejo Ruiz,0,3 of 7,42%,3 of 7,0 of 0,---,0,0,0:00,2 of 6,1 of 1,0 of 0,3 of 7,0 of 0,0 of 0
L,Khalid Taha,0,33 of 123,26%,66 of 158,0 of 1,0%,0,0,0:00,9 of 82,12 of 25,12 of 16,30 of 117,3 of 5,0 of 1
W,Sergey Morozov,0,50 of 103,48%,99 of 159,6 of 16,37%,0,0,8:34,45 of 94,2 of 5,3 of 4,33 of 81,6 of 7,11 of 15
L,Francisco Figueiredo,0,28 of 45,62%,52 of 70,2 of 2,100%,0,1,4:15,16 of 30,7 of 10,5 of 5,18 of 32,4 of 5,6 of 8
W,Malcolm Gordon,0,46 of 84,54%,100 of 145,2 of 11,18%,0,0,6:01,40 of 78,2 of 2,4 of 4,22 of 54,5 of 7,19 of 23
NC,Alan Baudot,0,60 of 91,65%,73 of 104,0 of 0,---,0,0,0:38,45 of 73,10 of 13,5 of 5,36 of 64,19 of 20,5 of 7
NC,Rodrigo Nascimento,0,49 of 83,59%,51 of 85,0 of 3,0%,0,0,2:39,41 of 75,6 of 6,2 of 2,45 of 75,4 of 8,0 of 0
W,Dustin Poirier,0,36 of 66,54%,36 of 66,1 of 2,50%,0,0,3:18,35 of 62,0 of 2,1 of 2,8 of 20,0 of 0,28 of 46
L,Conor McGregor,0,27 of 38,71%,43 of 54,0 of 0,---,1,0,0:00,13 of 21,6 of 9,8 of 8,17 of 26,1 of 1,9 of 11
W,Gilbert Burns,0,29 of 43,67%,101 of 126,3 of 6,50%,0,0,7:13,17 of 29,2 of 4,10 of 10,16 of 30,0 of 0,13 of 13
L,Stephen Thompson,0,19 of 53,35%,59 of 98,0 of 0,---,0,0,0:00,14 of 44,2 of 6,3 of 3,19 of 53,0 of 0,0 of 0
W,Tai Tuivasa,1,11 of 23,47%,11 of 23,0 of 0,---,0,0,0:06,5 of 15,0 of 1,6 of 7,9 of 20,0 of 0,2 of 3
L,Greg Hardy,0,6 of 15,40%,6 of 15,0 of 0,---,0,0,0:00,5 of 14,0 of 0,1 of 1,6 of 15,0 of 0,0 of 0
W,Irene Aldana,1,37 of 66,56%,37 of 66,0 of 0,---,0,0,1:24,28 of 53,6 of 10,3 of 3,13 of 29,3 of 4,21 of 33
L,Yana Santos,0,24 of 49,48%,30 of 58,0 of 0,---,0,0,0:11,8 of 28,9 of 12,7 of 9,18 of 41,6 of 8,0 of 0
W,Sean O'Malley,1,230 of 318,72%,230 of 318,0 of 0,---,0,0,0:04,177 of 255,45 of 55,8 of 8,228 of 314,2 of 3,0 of 1
L,Kris Moutinho,0,70 of 218,32%,70 of 218,0 of 0,---,0,0,0:09,39 of 168,7 of 22,24 of 28,69 of 217,1 of 1,0 of 0
L,Carlos Condit,0,63 of 176,35%,66 of 179,0 of 4,0%,0,0,0:00,35 of 134,17 of 30,11 of 12,61 of 173,2 of 3,0 of 0
W,Max Griffin,1,93 of 171,54%,95 of 173,1 of 1,100%,0,0,1:11,59 of 129,6 of 11,28 of 31,81 of 153,2 of 2,10 of 16
L,Niko Price,0,76 of 180,42%,120 of 229,0 of 2,0%,1,0,2:12,40 of 130,14 of 23,22 of 27,65 of 163,9 of 14,2 of 3
W,Michel Pereira,0,92 of 154,59%,115 of 180,3 of 6,50%,2,0,2:47,52 of 106,34 of 42,6 of 6,64 of 116,18 of 20,10 of 18
L,Ryan Hall,0,10 of 17,58%,13 of 21,0 of 3,0%,0,0,0:00,2 of 7,4 of 5,4 of 5,9 of 16,0 of 0,1 of 1
W,Ilia Topuria,0,18 of 32,56%,18 of 32,0 of 0,---,0,0,1:20,11 of 24,2 of 2,5 of 6,3 of 8,0 of 0,15 of 24
L,Trevin Giles,0,10 of 32,31%,10 of 32,0 of 0,---,0,0,0:12,6 of 26,3 of 5,1 of 1,8 of 30,2 of 2,0 of 0
W,Dricus Du Plessis,1,25 of 48,52%,26 of 49,2 of 4,50%,0,1,1:34,7 of 23,7 of 10,11 of 15,22 of 43,0 of 0,3 of 5
W,Jennifer Maia,0,98 of 265,36%,102 of 269,0 of 0,---,0,0,0:04,71 of 232,16 of 20,11 of 13,88 of 250,10 of 15,0 of 0
L,Jessica Eye,0,100 of 276,36%,104 of 281,2 of 3,66%,0,0,0:56,56 of 224,24 of 29,20 of 23,98 of 273,0 of 1,2 of 2
L,Omari Akhmedov,0,48 of 166,28%,50 of 168,2 of 9,22%,0,0,1:42,37 of 151,5 of 8,6 of 7,46 of 160,2 of 6,0 of 0
W,Brad Tavares,1,84 of 150,56%,88 of 155,0 of 0,---,0,0,0:09,48 of 103,12 of 18,24 of 29,78 of 144,5 of 5,1 of 1
W,Zhalgas Zhumagulov,0,10 of 24,41%,10 of 24,0 of 0,---,1,0,0:12,4 of 15,4 of 6,2 of 3,10 of 24,0 of 0,0 of 0
L,Jerome Rivera,0,11 of 40,27%,11 of 40,0 of 1,0%,0,0,0:00,2 of 27,7 of 10,2 of 3,11 of 40,0 of 0,0 of 0
W,Ciryl Gane,0,135 of 255,52%,139 of 259,0 of 4,0%,0,0,0:19,60 of 158,35 of 48,40 of 49,134 of 254,1 of 1,0 of 0
L,Alexander Volkov,0,115 of 241,47%,115 of 241,0 of 0,---,0,0,0:00,41 of 148,18 of 31,56 of 62,115 of 240,0 of 1,0 of 0
W,Tanner Boser,1,33 of 72,45%,33 of 72,0 of 0,---,0,0,0:16,10 of 44,10 of 15,13 of 13,31 of 69,1 of 1,1 of 2
L,Ovince Saint Preux,0,9 of 21,42%,12 of 26,1 of 5,20%,0,0,1:12,2 of 13,6 of 7,1 of 1,9 of 21,0 of 0,0 of 0
L,Raoni Barcelos,2,69 of 131,52%,81 of 144,0 of 0,---,0,0,1:23,50 of 110,8 of 10,11 of 11,53 of 112,1 of 1,15 of 18
W,Timur Valiev,0,77 of 190,40%,77 of 190,0 of 6,0%,0,0,0:42,38 of 137,18 of 28,21 of 25,73 of 185,4 of 5,0 of 0
NC,Andre Fili,0,34 of 67,50%,44 of 78,1 of 1,100%,0,0,0:45,29 of 61,4 of 4,1 of 2,28 of 59,2 of 2,4 of 6
NC,Daniel Pineda,0,15 of 34,44%,43 of 62,0 of 7,0%,0,0,1:38,7 of 25,3 of 4,5 of 5,15 of 34,0 of 0,0 of 0
W,Tim Means,0,53 of 93,56%,94 of 134,1 of 4,25%,0,0,8:03,20 of 55,29 of 33,4 of 5,32 of 70,17 of 19,4 of 4
L,Nicolas Dalby,0,54 of 116,46%,84 of 146,0 of 4,0%,0,0,1:31,37 of 93,13 of 19,4 of 4,35 of 88,19 of 28,0 of 0
W,Renato Moicano,0,26 of 41,63%,61 of 83,5 of 7,71%,1,0,7:35,24 of 39,1 of 1,1 of 1,3 of 7,0 of 0,23 of 34
L,Jai Herbert,0,7 of 25,28%,18 of 38,0 of 0,---,0,0,0:08,4 of 21,0 of 1,3 of 3,7 of 25,0 of 0,0 of 0
W,Kennedy Nzechukwu,0,31 of 80,38%,31 of 80,0 of 0,---,0,0,0:00,28 of 76,3 of 4,0 of 0,31 of 80,0 of 0,0 of 0
L,Danilo Marques,0,10 of 18,55%,34 of 60,2 of 12,16%,0,0,7:42,6 of 13,4 of 5,0 of 0,10 of 18,0 of 0,0 of 0
W,Shavkat Rakhmonov,0,21 of 35,60%,64 of 81,1 of 1,100%,1,0,3:25,15 of 26,6 of 8,0 of 1,10 of 20,4 of 4,7 of 11
L,Michel Prazeres,0,6 of 14,42%,32 of 40,0 of 3,0%,0,0,0:58,1 of 6,0 of 2,5 of 6,6 of 14,0 of 0,0 of 0
L,Warlley Alves,0,15 of 17,88%,15 of 17,0 of 1,0%,1,1,0:22,1 of 2,7 of 7,7 of 8,10 of 12,2 of 2,3 of 3
W,Jeremiah Wells,1,21 of 52,40%,29 of 62,0 of 3,0%,0,0,3:32,17 of 48,4 of 4,0 of 0,12 of 36,0 of 0,9 of 16
W,Marcin Prachnio,1,59 of 92,64%,60 of 93,0 of 0,---,0,0,0:02,23 of 52,15 of 19,21 of 21,55 of 86,4 of 6,0 of 0
L,Ike Villanueva,0,34 of 79,43%,34 of 79,1 of 1,100%,0,0,0:05,29 of 73,4 of 4,1 of 2,27 of 63,4 of 9,3 of 7
W,Julia Avila,0,48 of 91,52%,107 of 163,1 of 4,25%,1,2,3:31,31 of 72,11 of 13,6 of 6,42 of 84,2 of 3,4 of 4
L,Julija Stoliarenko,0,40 of 94,42%,60 of 115,1 of 3,33%,0,1,3:32,27 of 73,5 of 9,8 of 12,37 of 88,3 of 5,0 of 1
W,Charles Rosa,0,51 of 182,28%,114 of 258,2 of 2,100%,2,1,3:37,33 of 156,8 of 15,10 of 11,47 of 173,0 of 0,4 of 9
L,Justin Jaynes,0,44 of 92,47%,51 of 101,2 of 2,100%,2,3,2:53,32 of 79,9 of 9,3 of 4,42 of 89,2 of 2,0 of 1
L,Yancy Medeiros,0,103 of 219,47%,109 of 227,2 of 2,100%,2,0,3:39,68 of 170,28 of 42,7 of 7,84 of 198,12 of 13,7 of 8
W,Damir Hadzovic,0,121 of 237,51%,125 of 241,2 of 3,66%,0,1,1:54,101 of 215,10 of 12,10 of 10,107 of 214,14 of 23,0 of 0
W,Chan Sung Jung,0,92 of 166,55%,154 of 248,3 of 5,60%,3,0,10:10,78 of 151,5 of 5,9 of 10,79 of 150,4 of 4,9 of 12
L,Dan Ige,0,80 of 168,47%,137 of 237,0 of 4,0%,0,0,1:53,46 of 130,23 of 25,11 of 13,69 of 153,9 of 11,2 of 4
L,Aleksei Oleinik,0,59 of 121,48%,98 of 162,1 of 2,50%,1,0,3:31,33 of 92,13 of 16,13 of 13,52 of 110,4 of 6,3 of 5
W,Serghei Spivac,0,71 of 136,52%,112 of 181,0 of 0,---,0,0,4:51,67 of 132,3 of 3,1 of 1,55 of 112,4 of 8,12 of 16
W,Marlon Vera,0,105 of 162,64%,112 of 172,2 of 2,100%,3,1,5:15,62 of 113,28 of 34,15 of 15,61 of 109,19 of 21,25 of 32
L,Davey Grant,0,83 of 168,49%,95 of 180,1 of 2,50%,0,0,1:54,39 of 114,32 of 42,12 of 12,75 of 156,2 of 5,6 of 7
L,Julian Erosa,0,10 of 20,50%,10 of 20,0 of 0,---,0,0,0:00,5 of 14,2 of 3,3 of 3,10 of 20,0 of 0,0 of 0
W,SeungWoo Choi,1,13 of 29,44%,14 of 30,0 of 0,---,0,0,0:03,10 of 25,2 of 2,1 of 2,7 of 22,0 of 0,6 of 7
L,Wellington Turman,0,1 of 1,100%,12 of 12,0 of 10,0%,0,0,2:52,0 of 0,1 of 1,0 of 0,1 of 1,0 of 0,0 of 0
W,Bruno Silva,0,19 of 26,73%,28 of 37,0 of 2,0%,0,0,1:38,18 of 24,1 of 2,0 of 0,0 of 1,0 of 1,19 of 24
W,Matt Brown,1,27 of 49,55%,30 of 52,0 of 0,---,0,0,0:03,12 of 27,11 of 17,4 of 5,22 of 44,5 of 5,0 of 0
L,Dhiego Lima,0,23 of 54,42%,23 of 54,0 of 4,0%,0,0,0:52,8 of 38,4 of 4,11 of 12,22 of 53,1 of 1,0 of 0
L,Aleksa Camur,0,102 of 148,68%,118 of 166,0 of 2,0%,0,0,0:00,68 of 110,29 of 33,5 of 5,88 of 131,14 of 17,0 of 0
W,Nicolae Negumereanu,0,71 of 193,36%,99 of 224,1 of 5,20%,0,0,4:52,65 of 182,2 of 7,4 of 4,61 of 178,10 of 15,0 of 0
L,Kanako Murata,0,23 of 44,52%,26 of 48,0 of 1,0%,0,0,2:34,15 of 33,5 of 7,3 of 4,12 of 32,3 of 3,8 of 9
W,Virna Jandiroba,0,36 of 80,45%,39 of 83,0 of 0,---,1,0,0:46,32 of 73,4 of 7,0 of 0,35 of 77,1 of 3,0 of 0
W,Khaos Williams,0,91 of 260,35%,114 of 286,0 of 0,---,0,0,1:53,44 of 195,18 of 31,29 of 34,87 of 254,4 of 6,0 of 0
L,Matthew Semelsberger,0,64 of 141,45%,68 of 146,0 of 0,---,0,0,0:02,42 of 116,9 of 11,13 of 14,62 of 137,2 of 4,0 of 0
W,Josh Parisian,0,79 of 160,49%,100 of 186,1 of 7,14%,0,0,4:23,43 of 118,29 of 34,7 of 8,49 of 120,30 of 40,0 of 0
L,Roque Martinez,0,64 of 114,56%,245 of 309,0 of 0,---,1,0,4:19,48 of 98,15 of 15,1 of 1,39 of 84,25 of 30,0 of 0
L,Joaquim Silva,0,1 of 2,50%,1 of 2,0 of 0,---,0,0,0:00,1 of 2,0 of 0,0 of 0,1 of 2,0 of 0,0 of 0
W,Ricky Glenn,2,10 of 17,58%,14 of 22,0 of 0,---,0,0,0:08,9 of 16,0 of 0,1 of 1,2 of 4,2 of 3,6 of 10
W,Casey O'Neill,0,71 of 129,55%,176 of 246,1 of 2,50%,2,0,5:42,41 of 97,23 of 25,7 of 7,43 of 94,9 of 12,19 of 23
L,Lara Procopio,0,41 of 65,63%,76 of 103,2 of 5,40%,0,0,2:50,17 of 40,15 of 16,9 of 9,26 of 49,14 of 15,1 of 1
W,Israel Adesanya,0,96 of 181,53%,122 of 208,0 of 0,---,0,2,0:36,44 of 118,11 of 20,41 of 43,85 of 168,10 of 11,1 of 2
L,Marvin Vettori,0,58 of 176,32%,91 of 211,4 of 14,28%,0,0,6:55,42 of 158,7 of 8,9 of 10,58 of 176,0 of 0,0 of 0
L,Deiveson Figueiredo,0,24 of 36,66%,33 of 45,1 of 1,100%,0,0,1:30,9 of 20,11 of 12,4 of 4,14 of 25,1 of 1,9 of 10
W,Brandon Moreno,1,47 of 85,55%,71 of 109,2 of 2,100%,2,0,4:49,29 of 66,9 of 10,9 of 9,36 of 71,5 of 6,6 of 8
W,Leon Edwards,0,77 of 132,58%,83 of 139,4 of 5,80%,0,0,4:59,48 of 97,6 of 12,23 of 23,68 of 118,4 of 6,5 of 8
L,Nate Diaz,0,76 of 162,46%,130 of 223,0 of 0,---,0,0,1:53,52 of 129,16 of 21,8 of 12,66 of 152,10 of 10,0 of 0
L,Demian Maia,0,21 of 53,39%,23 of 55,1 of 21,4%,0,0,4:14,21 of 53,0 of 0,0 of 0,20 of 52,1 of 1,0 of 0
W,Belal Muhammad,0,45 of 127,35%,92 of 177,0 of 0,---,0,0,0:00,38 of 119,3 of 4,4 of 4,43 of 123,2 of 4,0 of 0
W,Paul Craig,0,23 of 25,92%,43 of 47,0 of 1,0%,3,0,0:03,18 of 20,4 of 4,1 of 1,6 of 7,0 of 0,17 of 18
L,Jamahal Hill,0,1 of 8,12%,3 of 10,0 of 0,---,0,0,0:53,0 of 4,0 of 2,1 of 2,1 of 8,0 of 0,0 of 0
L,Drew Dober,0,73 of 168,43%,78 of 173,1 of 5,20%,0,1,1:05,52 of 144,18 of 20,3 of 4,67 of 161,2 of 2,4 of 5
W,Brad Riddell,0,89 of 137,64%,113 of 161,5 of 11,45%,0,0,2:30,66 of 100,15 of 28,8 of 9,78 of 125,5 of 5,6 of 7
W,Eryk Anders,0,44 of 74,59%,112 of 148,0 of 4,0%,0,1,8:19,36 of 61,7 of 11,1 of 2,9 of 28,17 of 22,18 of 24
L,Darren Stewart,0,33 of 58,56%,63 of 93,2 of 4,50%,0,0,2:15,8 of 28,7 of 8,18 of 22,22 of 44,11 of 13,0 of 1
W,Lauren Murphy,0,80 of 148,54%,121 of 195,1 of 6,16%,0,0,4:54,66 of 131,14 of 17,0 of 0,55 of 119,10 of 13,15 of 16
L,Joanne Wood,0,123 of 228,53%,153 of 259,0 of 0,---,0,0,0:06,62 of 137,30 of 41,31 of 50,99 of 201,23 of 25,1 of 2
W,Movsar Evloev,0,42 of 90,46%,193 of 266,9 of 13,69%,2,0,8:55,37 of 83,3 of 4,2 of 3,21 of 63,5 of 9,16 of 18
L,Hakeem Dawodu,0,39 of 92,42%,60 of 129,0 of 1,0%,0,1,0:16,26 of 70,7 of 14,6 of 8,37 of 89,2 of 3,0 of 0
W,Pannie Kianzad,0,124 of 249,49%,124 of 249,0 of 0,---,0,0,0:05,99 of 210,24 of 38,1 of 1,122 of 246,2 of 3,0 of 0
L,Alexis Davis,0,132 of 251,52%,147 of 268,1 of 1,100%,0,0,0:06,95 of 211,12 of 15,25 of 25,125 of 239,7 of 9,0 of 3
L,Matt Frevola,0,0 of 0,---,0 of 0,0 of 0,---,0,0,0:00,0 of 0,0 of 0,0 of 0,0 of 0,0 of 0,0 of 0
W,Terrance McKinney,1,4 of 5,80%,5 of 7,0 of 0,---,0,0,0:03,4 of 5,0 of 0,0 of 0,2 of 2,0 of 0,2 of 3
L,Chase Hooper,0,31 of 61,50%,98 of 132,3 of 8,37%,2,1,2:55,21 of 51,9 of 9,1 of 1,28 of 55,0 of 0,3 of 6
W,Steven Peterson,0,49 of 68,72%,102 of 124,1 of 1,100%,2,0,7:57,38 of 56,8 of 9,3 of 3,19 of 37,5 of 5,25 of 26
W,Fares Ziam,0,39 of 121,32%,43 of 125,0 of 0,---,0,0,0:00,24 of 106,8 of 8,7 of 7,37 of 118,2 of 3,0 of 0
L,Luigi Vendramini,0,34 of 95,35%,50 of 116,1 of 6,16%,0,0,3:09,19 of 73,11 of 16,4 of 6,26 of 83,3 of 3,5 of 9
W,Carlos Felipe,0,94 of 192,48%,94 of 192,0 of 0,---,0,0,0:02,64 of 153,25 of 33,5 of 6,92 of 190,2 of 2,0 of 0
L,Jake Collier,0,130 of 281,46%,130 of 281,0 of 1,0%,0,0,0:00,86 of 229,20 of 26,24 of 26,127 of 277,3 of 4,0 of 0
W,Jairzinho Rozenstruik,1,16 of 29,55%,16 of 29,0 of 0,---,0,0,0:02,6 of 17,5 of 6,5 of 6,15 of 26,0 of 0,1 of 3
L,Augusto Sakai,0,3 of 14,21%,3 of 14,0 of 0,---,0,0,0:00,0 of 5,1 of 4,2 of 5,3 of 14,0 of 0,0 of 0
L,Walt Harris,0,23 of 40,57%,23 of 41,0 of 0,---,0,0,0:06,17 of 33,6 of 7,0 of 0,19 of 35,4 of 5,0 of 0
W,Marcin Tybura,0,4 of 10,40%,59 of 71,1 of 2,50%,0,0,2:18,2 of 6,2 of 4,0 of 0,4 of 10,0 of 0,0 of 0
W,Roman Dolidze,0,14 of 39,35%,52 of 89,5 of 9,55%,0,0,9:37,9 of 30,0 of 4,5 of 5,5 of 18,9 of 21,0 of 0
L,Laureano Staropoli,0,9 of 38,23%,25 of 63,3 of 5,60%,0,0,0:50,3 of 31,2 of 2,4 of 5,7 of 34,1 of 2,1 of 2
W,Santiago Ponzinibbio,0,121 of 270,44%,122 of 271,0 of 2,0%,0,0,0:00,98 of 245,12 of 13,11 of 12,121 of 270,0 of 0,0 of 0
L,Miguel Baeza,0,104 of 249,41%,104 of 249,0 of 0,---,0,0,0:00,36 of 166,24 of 34,44 of 49,104 of 249,0 of 0,0 of 0
L,Dusko Todorovic,0,37 of 120,30%,46 of 133,0 of 4,0%,0,0,1:26,23 of 103,10 of 13,4 of 4,27 of 106,10 of 14,0 of 0
W,Gregory Rodrigues,0,71 of 150,47%,73 of 153,3 of 5,60%,0,0,1:25,49 of 120,19 of 24,3 of 6,63 of 136,8 of 14,0 of 0
W,Montana De La Rosa,0,29 of 55,52%,66 of 113,2 of 3,66%,0,0,6:52,28 of 53,0 of 1,1 of 1,2 of 22,0 of 0,27 of 33
L,Ariane da Silva,0,11 of 24,45%,37 of 64,0 of 0,---,0,0,0:00,5 of 15,6 of 9,0 of 0,11 of 24,0 of 0,0 of 0
L,Tanner Boser,0,45 of 105,42%,84 of 153,0 of 0,---,0,0,0:42,32 of 84,11 of 19,2 of 2,28 of 79,4 of 9,13 of 17
W,Ilir Latifi,0,10 of 38,26%,51 of 98,2 of 3,66%,0,0,6:38,8 of 33,2 of 4,0 of 1,10 of 38,0 of 0,0 of 0
L,Francisco Trinaldo,0,39 of 128,30%,51 of 148,0 of 1,0%,0,0,0:40,22 of 101,16 of 26,1 of 1,34 of 119,5 of 9,0 of 0
W,Muslim Salikhov,1,62 of 118,52%,71 of 129,2 of 3,66%,0,0,2:07,29 of 84,26 of 27,7 of 7,48 of 98,1 of 1,13 of 19
L,Makwan Amirkhani,0,20 of 49,40%,25 of 56,5 of 9,55%,0,0,6:50,14 of 40,4 of 7,2 of 2,15 of 42,0 of 0,5 of 7
W,Kamuela Kirk,0,28 of 63,44%,100 of 143,0 of 0,---,3,0,1:34,8 of 34,9 of 15,11 of 14,27 of 62,0 of 0,1 of 1
NC,Alan Patrick,0,10 of 32,31%,14 of 39,0 of 4,0%,0,0,0:02,5 of 25,5 of 7,0 of 0,7 of 29,3 of 3,0 of 0
NC,Mason Jones,0,46 of 85,54%,57 of 100,2 of 3,66%,0,0,3:41,32 of 67,13 of 17,1 of 1,11 of 37,9 of 13,26 of 35
W,Manon Fiorot,1,84 of 172,48%,85 of 173,1 of 1,100%,0,0,0:40,68 of 154,8 of 10,8 of 8,61 of 140,17 of 24,6 of 8
L,Tabatha Ricci,0,17 of 90,18%,17 of 91,0 of 1,0%,0,0,0:00,6 of 69,5 of 12,6 of 9,16 of 89,1 of 1,0 of 0
W,Sean Woodson,0,40 of 116,34%,104 of 204,0 of 0,---,2,0,1:03,23 of 88,6 of 12,11 of 16,33 of 107,7 of 9,0 of 0
L,Youssef Zalal,0,42 of 89,47%,55 of 112,2 of 17,11%,0,0,6:21,18 of 62,9 of 11,15 of 16,40 of 85,2 of 4,0 of 0
W,Claudio Puelles,0,20 of 33,60%,71 of 100,4 of 4,100%,0,0,10:01,6 of 14,12 of 14,2 of 5,7 of 15,0 of 0,13 of 18
L,Jordan Leavitt,0,21 of 34,61%,170 of 213,2 of 7,28%,0,1,2:06,4 of 14,5 of 8,12 of 12,19 of 30,2 of 3,0 of 1
W,Rob Font,0,176 of 365,48%,183 of 374,2 of 3,66%,0,0,1:13,145 of 326,23 of 29,8 of 10,168 of 356,6 of 6,2 of 3
L,Cody Garbrandt,0,63 of 142,44%,78 of 159,3 of 10,30%,0,0,3:02,45 of 120,8 of 11,10 of 11,51 of 126,8 of 11,4 of 5
L,Yan Xiaonan,0,5 of 11,45%,31 of 41,0 of 0,---,0,0,0:00,4 of 10,1 of 1,0 of 0,2 of 7,0 of 0,3 of 4
W,Carla Esparza,0,27 of 33,81%,170 of 194,3 of 3,100%,0,0,7:18,27 of 33,0 of 0,0 of 0,1 of 2,0 of 0,26 of 31
L,Justin Tafa,0,74 of 147,50%,74 of 147,0 of 0,---,0,0,0:11,35 of 102,32 of 38,7 of 7,70 of 143,4 of 4,0 of 0
W,Jared Vanderaa,0,121 of 248,48%,141 of 269,0 of 0,---,0,0,0:24,64 of 181,34 of 43,23 of 24,104 of 226,17 of 22,0 of 0
L,Felicia Spencer,0,47 of 114,41%,70 of 139,0 of 0,---,0,0,2:58,27 of 76,14 of 27,6 of 11,38 of 102,9 of 12,0 of 0
W,Norma Dumont,0,68 of 135,50%,88 of 155,1 of 3,33%,0,0,1:21,40 of 100,14 of 20,14 of 15,59 of 123,9 of 12,0 of 0
W,Ricardo Ramos,0,53 of 102,51%,57 of 106,8 of 13,61%,1,0,3:26,30 of 72,16 of 20,7 of 10,45 of 93,8 of 9,0 of 0
L,Bill Algeo,0,76 of 170,44%,90 of 187,0 of 1,0%,0,1,0:41,35 of 111,25 of 40,16 of 19,71 of 161,4 of 7,1 of 2
W,Jack Hermansson,0,55 of 100,55%,141 of 192,3 of 6,50%,0,0,7:11,44 of 82,3 of 6,8 of 12,20 of 56,0 of 0,35 of 44
L,Edmen Shahbazyan,0,40 of 92,43%,42 of 94,0 of 0,---,1,1,1:51,34 of 84,6 of 8,0 of 0,30 of 77,3 of 4,7 of 11
W,Ben Rothwell,0,60 of 101,59%,72 of 120,1 of 1,100%,2,0,2:03,47 of 88,10 of 10,3 of 3,54 of 94,6 of 7,0 of 0
L,Chris Barnett,0,33 of 85,38%,34 of 86,0 of 1,0%,0,0,0:02,20 of 69,4 of 5,9 of 11,31 of 81,2 of 4,0 of 0
W,Court McGee,0,37 of 74,50%,110 of 157,3 of 5,60%,1,0,8:03,22 of 53,9 of 14,6 of 7,23 of 58,2 of 3,12 of 13
L,Claudio Silva,0,21 of 56,37%,81 of 126,1 of 10,10%,0,0,1:48,8 of 36,9 of 15,4 of 5,19 of 52,2 of 4,0 of 0
W,Bruno Silva,1,6 of 12,50%,6 of 12,0 of 0,---,0,0,0:02,4 of 10,1 of 1,1 of 1,3 of 6,1 of 1,2 of 5
L,Victor Rodriguez,0,0 of 3,0%,0 of 3,0 of 0,---,0,0,0:00,0 of 3,0 of 0,0 of 0,0 of 3,0 of 0,0 of 0
W,Josh Culibao,0,53 of 104,50%,87 of 140,0 of 1,0%,1,0,0:04,34 of 82,1 of 1,18 of 21,51 of 101,2 of 3,0 of 0
L,Shayilan Nuerdanbieke,0,17 of 63,26%,23 of 71,2 of 14,14%,0,0,6:06,13 of 55,3 of 4,1 of 4,12 of 53,5 of 10,0 of 0
W,David Dvorak,0,9 of 28,32%,9 of 28,0 of 0,---,1,0,0:23,4 of 19,4 of 8,1 of 1,9 of 28,0 of 0,0 of 0
L,Juancamilo Ronderos,0,11 of 32,34%,12 of 33,0 of 2,0%,0,0,0:00,5 of 25,2 of 2,4 of 5,8 of 27,3 of 5,0 of 0
L,Rafael Alves,1,30 of 63,47%,36 of 69,0 of 1,0%,1,0,0:16,20 of 50,6 of 7,4 of 6,28 of 59,2 of 2,0 of 2
W,Damir Ismagulov,0,56 of 126,44%,141 of 220,2 of 3,66%,0,0,7:40,30 of 91,16 of 24,10 of 11,37 of 104,0 of 0,19 of 22
W,Charles Oliveira,2,24 of 32,75%,32 of 41,1 of 2,50%,0,0,1:42,20 of 26,1 of 3,3 of 3,13 of 20,3 of 3,8 of 9
L,Michael Chandler,0,30 of 55,54%,36 of 61,0 of 0,---,1,1,2:27,22 of 42,6 of 10,2 of 3,13 of 26,0 of 0,17 of 29
L,Tony Ferguson,0,15 of 34,44%,37 of 59,0 of 0,---,1,0,0:05,10 of 29,5 of 5,0 of 0,6 of 23,1 of 1,8 of 10
W,Beneil Dariush,0,23 of 55,41%,76 of 142,3 of 6,50%,1,1,12:15,16 of 48,3 of 3,4 of 4,15 of 44,1 of 1,7 of 10
NC,Matt Schnell,0,65 of 135,48%,113 of 184,0 of 0,---,0,0,0:00,38 of 104,21 of 25,6 of 6,57 of 125,8 of 10,0 of 0
NC,Rogerio Bontorin,0,72 of 124,58%,89 of 143,1 of 1,100%,0,0,2:18,57 of 103,4 of 8,11 of 13,57 of 107,3 of 5,12 of 12
W,Katlyn Cerminara,0,127 of 292,43%,135 of 300,0 of 0,---,0,0,0:01,87 of 236,31 of 46,9 of 10,121 of 286,6 of 6,0 of 0
L,Viviane Araujo,0,89 of 196,45%,129 of 238,1 of 3,33%,1,0,3:04,60 of 162,24 of 29,5 of 5,85 of 192,4 of 4,0 of 0
L,Shane Burgos,0,80 of 180,44%,80 of 180,0 of 0,---,0,0,0:03,41 of 131,24 of 33,15 of 16,80 of 179,0 of 1,0 of 0
W,Edson Barboza,1,98 of 191,51%,98 of 191,0 of 0,---,0,0,0:03,51 of 134,14 of 17,33 of 40,96 of 189,0 of 0,2 of 2
L,Jacare Souza,0,11 of 19,57%,15 of 23,1 of 2,50%,0,0,0:53,5 of 13,4 of 4,2 of 2,7 of 13,0 of 0,4 of 6
W,Andre Muniz,0,7 of 12,58%,19 of 26,2 of 3,66%,1,0,1:10,3 of 8,2 of 2,2 of 2,6 of 11,1 of 1,0 of 0
W,Lando Vannata,0,80 of 168,47%,83 of 173,1 of 1,100%,0,0,0:23,40 of 118,27 of 36,13 of 14,73 of 161,7 of 7,0 of 0
L,Mike Grundy,0,32 of 63,50%,34 of 65,3 of 20,15%,0,0,2:37,19 of 44,13 of 19,0 of 0,28 of 59,4 of 4,0 of 0
W,Jordan Wright,1,26 of 32,81%,33 of 40,0 of 0,---,0,0,0:11,21 of 27,5 of 5,0 of 0,5 of 6,12 of 12,9 of 14
L,Jamie Pickett,0,4 of 5,80%,4 of 5,0 of 0,---,0,0,0:12,2 of 3,1 of 1,1 of 1,4 of 4,0 of 1,0 of 0
W,Andrea Lee,0,45 of 62,72%,88 of 108,3 of 3,100%,3,0,2:11,32 of 43,11 of 15,2 of 4,19 of 35,6 of 6,20 of 21
L,Antonina Shevchenko,0,23 of 41,56%,36 of 54,0 of 0,---,0,0,3:58,13 of 30,8 of 9,2 of 2,15 of 32,8 of 9,0 of 0
L,Gina Mazany,0,33 of 48,68%,77 of 99,4 of 9,44%,0,0,6:44,21 of 34,10 of 11,2 of 3,19 of 32,5 of 7,9 of 9
W,Priscila Cachoeira,0,36 of 57,63%,47 of 71,0 of 0,---,0,0,0:17,31 of 52,5 of 5,0 of 0,24 of 45,10 of 10,2 of 2
L,Kevin Aguilar,0,81 of 144,56%,132 of 196,0 of 2,0%,0,0,0:52,45 of 98,31 of 39,5 of 7,72 of 135,9 of 9,0 of 0
W,Tucker Lutz,0,99 of 177,55%,114 of 192,3 of 4,75%,0,0,3:05,59 of 131,21 of 26,19 of 20,91 of 167,5 of 6,3 of 4
W,Christos Giagos,0,22 of 54,40%,23 of 55,3 of 5,60%,1,0,0:59,15 of 43,5 of 9,2 of 2,19 of 50,2 of 3,1 of 1
L,Sean Soriano,0,33 of 53,62%,37 of 57,0 of 0,---,0,0,0:00,16 of 35,8 of 9,9 of 9,30 of 50,3 of 3,0 of 0
W,Marina Rodriguez,0,125 of 282,44%,144 of 304,0 of 0,---,0,0,0:51,60 of 188,28 of 41,37 of 53,106 of 256,19 of 26,0 of 0
L,Michelle Waterson-Gomez,0,88 of 205,42%,100 of 222,1 of 5,20%,0,0,3:54,43 of 129,25 of 38,20 of 38,74 of 182,7 of 12,7 of 11
L,Donald Cerrone,0,17 of 35,48%,18 of 36,0 of 2,0%,0,0,0:02,5 of 23,10 of 10,2 of 2,16 of 34,1 of 1,0 of 0
W,Alex Morono,0,35 of 84,41%,41 of 90,0 of 2,0%,0,0,0:47,28 of 74,5 of 7,2 of 3,30 of 73,5 of 11,0 of 0
W,Neil Magny,0,55 of 174,31%,89 of 214,2 of 10,20%,0,0,1:43,34 of 144,18 of 26,3 of 4,45 of 161,7 of 10,3 of 3
L,Geoff Neal,0,35 of 73,47%,37 of 76,1 of 2,50%,0,0,3:50,30 of 67,5 of 6,0 of 0,30 of 62,4 of 9,1 of 2
L,Maurice Greene,0,5 of 8,62%,60 of 72,0 of 0,---,0,0,0:00,3 of 6,1 of 1,1 of 1,5 of 8,0 of 0,0 of 0
W,Marcos Rogerio de Lima,0,14 of 26,53%,166 of 228,3 of 4,75%,0,0,14:06,11 of 23,2 of 2,1 of 1,3 of 10,1 of 1,10 of 15
L,Diego Ferreira,0,31 of 60,51%,37 of 70,0 of 2,0%,0,2,1:06,31 of 60,0 of 0,0 of 0,10 of 39,3 of 3,18 of 18
W,Gregor Gillespie,0,45 of 62,72%,53 of 70,4 of 8,50%,0,0,5:10,37 of 52,7 of 9,1 of 1,9 of 17,6 of 8,30 of 37
W,Phil Hawes,0,66 of 101,65%,157 of 210,2 of 4,50%,1,0,5:34,42 of 75,23 of 25,1 of 1,33 of 57,18 of 19,15 of 25
L,Kyle Daukaus,0,28 of 82,34%,52 of 113,0 of 7,0%,0,1,4:13,20 of 68,6 of 11,2 of 3,26 of 78,2 of 3,0 of 1
L,Ludovit Klein,0,45 of 86,52%,50 of 91,4 of 7,57%,0,0,3:28,23 of 57,15 of 22,7 of 7,44 of 85,1 of 1,0 of 0
W,Michael Trizano,0,56 of 104,53%,91 of 143,0 of 0,---,1,0,0:00,34 of 72,11 of 21,11 of 11,54 of 102,2 of 2,0 of 0
W,JunYong Park,0,71 of 145,48%,79 of 155,2 of 5,40%,2,0,3:49,61 of 134,4 of 5,6 of 6,48 of 117,3 of 3,20 of 25
L,Tafon Nchukwi,0,58 of 136,42%,64 of 144,1 of 2,50%,0,0,0:34,20 of 83,25 of 33,13 of 20,51 of 127,7 of 9,0 of 0
L,Christian Aguilera,0,1 of 10,10%,5 of 15,0 of 1,0%,0,0,0:32,1 of 9,0 of 0,0 of 1,1 of 10,0 of 0,0 of 0
W,Carlston Harris,0,5 of 13,38%,6 of 16,0 of 3,0%,1,0,0:52,3 of 9,1 of 3,1 of 1,5 of 13,0 of 0,0 of 0
L,Dominick Reyes,0,63 of 108,58%,68 of 114,1 of 1,100%,1,0,0:29,39 of 81,21 of 24,3 of 3,57 of 100,1 of 1,5 of 7
W,Jiri Prochazka,1,77 of 136,56%,78 of 137,1 of 1,100%,0,0,1:35,61 of 119,16 of 17,0 of 0,70 of 122,1 of 2,6 of 12
W,Giga Chikadze,1,12 of 18,66%,12 of 18,0 of 0,---,0,0,0:05,9 of 14,2 of 3,1 of 1,7 of 11,0 of 0,5 of 7
L,Cub Swanson,0,4 of 6,66%,4 of 6,0 of 0,---,0,0,0:00,1 of 1,0 of 0,3 of 5,4 of 6,0 of 0,0 of 0
D,Ion Cutelaba,0,71 of 152,46%,111 of 201,9 of 19,47%,0,0,4:27,62 of 139,5 of 9,4 of 4,44 of 123,8 of 8,19 of 21
D,Dustin Jacoby,0,84 of 148,56%,100 of 164,1 of 3,33%,0,0,1:32,67 of 130,8 of 9,9 of 9,80 of 142,3 of 5,1 of 1
W,Sean Strickland,0,84 of 182,46%,84 of 182,0 of 0,---,0,0,0:00,46 of 130,24 of 32,14 of 20,84 of 182,0 of 0,0 of 0
L,Krzysztof Jotko,0,37 of 196,18%,37 of 196,0 of 1,0%,0,0,0:00,17 of 163,14 of 27,6 of 6,37 of 196,0 of 0,0 of 0
W,Merab Dvalishvili,0,71 of 192,36%,178 of 306,5 of 11,45%,1,0,1:42,49 of 158,16 of 25,6 of 9,64 of 183,4 of 6,3 of 3
L,Cody Stamann,0,48 of 134,35%,73 of 163,1 of 4,25%,0,1,2:57,27 of 102,20 of 30,1 of 2,41 of 126,6 of 7,1 of 1
L,Randa Markos,0,18 of 40,45%,28 of 51,0 of 0,---,0,0,0:29,12 of 32,6 of 7,0 of 1,12 of 34,5 of 5,1 of 1
W,Luana Pinheiro,0,29 of 53,54%,35 of 61,5 of 6,83%,0,0,0:54,22 of 44,4 of 5,3 of 4,20 of 38,7 of 7,2 of 8
L,Kai Kamaka III,1,61 of 128,47%,85 of 155,1 of 1,100%,0,0,5:38,38 of 100,14 of 17,9 of 11,51 of 115,1 of 1,9 of 12
W,TJ Brown,0,82 of 211,38%,110 of 243,2 of 4,50%,1,0,0:36,54 of 174,19 of 26,9 of 11,77 of 204,3 of 5,2 of 2
L,Poliana Botelho,0,34 of 57,59%,87 of 112,1 of 4,25%,0,0,4:39,12 of 27,14 of 22,8 of 8,22 of 44,6 of 7,6 of 6
W,Luana Carolina,0,25 of 46,54%,100 of 130,0 of 0,---,0,0,5:28,6 of 22,13 of 17,6 of 7,13 of 31,11 of 13,1 of 2
W,Loma Lookboonmee,0,84 of 124,67%,108 of 149,4 of 8,50%,0,0,1:30,23 of 53,53 of 62,8 of 9,34 of 72,43 of 45,7 of 7
L,Sam Hughes,0,49 of 73,67%,98 of 126,0 of 2,0%,0,0,6:34,32 of 47,15 of 17,2 of 9,30 of 52,17 of 19,2 of 2
W,Andreas Michailidis,0,73 of 137,53%,75 of 139,1 of 1,100%,0,0,1:59,46 of 107,19 of 22,8 of 8,66 of 129,4 of 4,3 of 4
L,KB Bhullar,0,70 of 131,53%,71 of 132,0 of 0,---,0,0,0:12,5 of 44,12 of 19,53 of 68,69 of 130,1 of 1,0 of 0
L,Luke Sanders,1,118 of 211,55%,131 of 225,2 of 5,40%,0,0,2:55,93 of 182,16 of 20,9 of 9,97 of 187,12 of 14,9 of 10
W,Felipe Colares,0,78 of 131,59%,104 of 165,2 of 10,20%,0,0,2:54,51 of 101,26 of 29,1 of 1,70 of 119,3 of 3,5 of 9
W,Kamaru Usman,1,21 of 40,52%,32 of 54,2 of 2,100%,0,0,1:42,15 of 32,5 of 7,1 of 1,12 of 30,0 of 0,9 of 10
L,Jorge Masvidal,0,31 of 52,59%,56 of 79,0 of 0,---,0,0,0:00,13 of 33,3 of 4,15 of 15,27 of 47,0 of 0,4 of 5
L,Zhang Weili,0,7 of 11,63%,7 of 11,0 of 0,---,0,0,0:00,1 of 4,0 of 1,6 of 6,7 of 11,0 of 0,0 of 0
W,Rose Namajunas,1,5 of 10,50%,5 of 10,0 of 0,---,0,0,0:03,5 of 10,0 of 0,0 of 0,2 of 7,0 of 0,3 of 3
W,Valentina Shevchenko,0,32 of 39,82%,90 of 97,7 of 7,100%,1,0,5:11,27 of 34,3 of 3,2 of 2,9 of 15,5 of 6,18 of 18
L,Jessica Andrade,0,10 of 15,66%,47 of 55,0 of 2,0%,0,0,0:57,2 of 6,8 of 8,0 of 1,4 of 9,6 of 6,0 of 0
W,Uriah Hall,0,0 of 0,---,0 of 0,0 of 0,---,0,0,0:00,0 of 0,0 of 0,0 of 0,0 of 0,0 of 0,0 of 0
L,Chris Weidman,0,1 of 2,50%,1 of 2,0 of 0,---,0,0,0:00,0 of 1,0 of 0,1 of 1,1 of 2,0 of 0,0 of 0
W,Anthony Smith,0,26 of 39,66%,27 of 40,0 of 0,---,0,0,0:02,20 of 32,4 of 5,2 of 2,26 of 39,0 of 0,0 of 0
L,Jimmy Crute,0,18 of 35,51%,34 of 57,3 of 3,100%,0,0,0:57,7 of 21,2 of 5,9 of 9,17 of 33,0 of 0,1 of 2
L,Alex Oliveira,0,7 of 12,58%,9 of 14,0 of 0,---,0,0,0:00,1 of 6,1 of 1,5 of 5,7 of 12,0 of 0,0 of 0
W,Randy Brown,1,16 of 32,50%,23 of 39,0 of 0,---,1,0,1:23,10 of 24,1 of 2,5 of 6,8 of 21,0 of 0,8 of 11
W,Dwight Grant,0,49 of 156,31%,52 of 160,1 of 1,100%,0,0,0:25,28 of 126,10 of 17,11 of 13,45 of 152,2 of 2,2 of 2
L,Stefan Sekulic,0,33 of 52,63%,39 of 59,3 of 7,42%,1,0,2:04,14 of 31,5 of 7,14 of 14,31 of 50,0 of 0,2 of 2
L,Karl Roberson,0,6 of 14,42%,15 of 24,0 of 0,---,0,0,0:00,5 of 11,0 of 2,1 of 1,6 of 14,0 of 0,0 of 0
W,Brendan Allen,0,9 of 16,56%,15 of 22,2 of 2,100%,1,0,3:16,4 of 11,1 of 1,4 of 4,9 of 16,0 of 0,0 of 0
W,Pat Sabatini,1,26 of 45,57%,73 of 98,1 of 5,20%,1,0,9:58,18 of 36,7 of 7,1 of 2,11 of 27,4 of 6,11 of 12
L,Tristan Connelly,0,19 of 50,38%,87 of 125,1 of 1,100%,0,0,1:20,10 of 41,6 of 6,3 of 3,14 of 42,4 of 6,1 of 2
W,Batgerel Danaa,1,7 of 15,46%,8 of 16,0 of 0,---,0,0,0:04,7 of 15,0 of 0,0 of 0,3 of 8,0 of 0,4 of 7
L,Kevin Natividad,0,3 of 8,37%,3 of 8,0 of 0,---,0,0,0:00,1 of 5,2 of 3,0 of 0,3 of 8,0 of 0,0 of 0
W,Kazula Vargas,0,96 of 176,54%,111 of 192,0 of 1,0%,1,1,1:10,50 of 121,29 of 34,17 of 21,94 of 174,1 of 1,1 of 1
L,Rongzhu,0,42 of 105,40%,49 of 114,3 of 4,75%,0,0,2:44,40 of 101,2 of 4,0 of 0,40 of 100,0 of 0,2 of 5
L,Aoriqileng,0,116 of 258,44%,125 of 269,3 of 4,75%,0,0,2:00,77 of 214,33 of 38,6 of 6,111 of 248,5 of 10,0 of 0
W,Jeff Molina,2,189 of 356,53%,210 of 378,0 of 1,0%,0,0,0:43,167 of 328,18 of 22,4 of 6,178 of 345,10 of 10,1 of 1
L,Liang Na,0,19 of 27,70%,36 of 47,3 of 4,75%,1,2,2:48,13 of 21,6 of 6,0 of 0,10 of 17,7 of 7,2 of 3
W,Ariane Carnelossi,0,24 of 32,75%,91 of 113,0 of 0,---,0,3,2:36,23 of 31,0 of 0,1 of 1,6 of 11,5 of 5,13 of 16
W,Robert Whittaker,0,150 of 284,52%,169 of 303,4 of 7,57%,0,0,4:19,115 of 241,13 of 19,22 of 24,138 of 265,5 of 7,7 of 12
L,Kelvin Gastelum,0,62 of 209,29%,70 of 218,1 of 5,20%,0,0,0:26,42 of 185,7 of 10,13 of 14,59 of 203,3 of 6,0 of 0
W,Andrei Arlovski,0,105 of 222,47%,109 of 226,0 of 0,---,0,0,0:39,54 of 154,26 of 39,25 of 29,103 of 217,2 of 5,0 of 0
L,Chase Sherman,0,88 of 192,45%,99 of 203,0 of 0,---,0,0,0:00,55 of 154,16 of 20,17 of 18,84 of 187,4 of 5,0 of 0
L,Abdul Razak Alhassan,0,21 of 47,44%,32 of 59,0 of 0,---,0,0,0:02,11 of 33,9 of 12,1 of 2,14 of 38,5 of 6,2 of 3
W,Jacob Malkoun,0,27 of 55,49%,91 of 135,8 of 24,33%,2,0,11:41,24 of 51,2 of 3,1 of 1,18 of 37,3 of 9,6 of 9
W,Tracy Cortez,0,66 of 112,58%,84 of 138,3 of 5,60%,1,0,6:26,40 of 78,19 of 24,7 of 10,39 of 73,7 of 7,20 of 32
L,Justine Kish,1,55 of 119,46%,72 of 140,0 of 1,0%,0,0,0:38,30 of 86,8 of 14,17 of 19,50 of 111,4 of 6,1 of 2
W,Luis Pena,0,90 of 195,46%,90 of 195,0 of 0,---,0,0,0:03,74 of 171,12 of 19,4 of 5,88 of 186,2 of 9,0 of 0
L,Alexander Munoz,0,80 of 169,47%,82 of 172,4 of 9,44%,0,0,2:21,40 of 110,20 of 38,20 of 21,77 of 163,3 of 6,0 of 0
W,Alexandr Romanov,0,32 of 53,60%,53 of 77,2 of 4,50%,0,0,5:41,23 of 44,4 of 4,5 of 5,8 of 20,6 of 6,18 of 27
L,Juan Espino,0,12 of 22,54%,44 of 56,4 of 5,80%,0,0,2:55,8 of 17,2 of 2,2 of 3,7 of 17,4 of 4,1 of 1
W,Jessica Penne,0,31 of 87,35%,98 of 158,1 of 7,14%,0,0,4:30,19 of 63,12 of 24,0 of 0,29 of 82,2 of 5,0 of 0
L,Loopy Godinez,0,40 of 74,54%,68 of 106,3 of 9,33%,0,0,4:10,31 of 63,7 of 8,2 of 3,37 of 68,3 of 4,0 of 2
L,Bartosz Fabinski,0,6 of 13,46%,16 of 23,1 of 1,100%,0,0,0:13,2 of 9,4 of 4,0 of 0,2 of 9,4 of 4,0 of 0
W,Gerald Meerschaert,0,8 of 10,80%,12 of 14,0 of 0,---,1,1,1:26,7 of 9,1 of 1,0 of 0,5 of 7,3 of 3,0 of 0
W,Austin Hubbard,0,67 of 115,58%,126 of 181,1 of 1,100%,0,2,6:42,32 of 76,10 of 12,25 of 27,49 of 91,2 of 3,16 of 21
L,Dakota Bush,0,41 of 104,39%,54 of 122,1 of 6,16%,0,1,1:31,17 of 59,6 of 20,18 of 25,41 of 104,0 of 0,0 of 0
W,Tony Gravely,2,39 of 75,52%,61 of 105,4 of 6,66%,0,0,4:34,31 of 65,5 of 6,3 of 4,17 of 33,1 of 5,21 of 37
L,Anthony Birchak,0,18 of 45,40%,30 of 59,0 of 1,0%,1,1,0:27,11 of 34,4 of 8,3 of 3,11 of 36,3 of 5,4 of 4
W,Marvin Vettori,0,24 of 64,37%,152 of 250,11 of 17,64%,1,0,20:01,22 of 61,2 of 3,0 of 0,15 of 43,2 of 5,7 of 16
L,Kevin Holland,0,37 of 103,35%,138 of 214,0 of 0,---,0,0,0:03,24 of 81,5 of 10,8 of 12,31 of 85,6 of 18,0 of 0
W,Arnold Allen,1,21 of 61,34%,26 of 68,2 of 5,40%,0,0,5:09,15 of 53,6 of 7,0 of 1,16 of 52,4 of 6,1 of 3
L,Sodiq Yusuff,0,47 of 113,41%,79 of 164,0 of 1,0%,1,0,2:33,24 of 85,12 of 17,11 of 11,29 of 86,18 of 27,0 of 0
L,Sam Alvey,0,29 of 78,37%,29 of 78,0 of 0,---,0,0,0:05,21 of 64,4 of 8,4 of 6,28 of 77,1 of 1,0 of 0
W,Julian Marquez,1,61 of 100,61%,62 of 101,0 of 0,---,1,0,0:16,46 of 78,15 of 22,0 of 0,41 of 75,1 of 1,19 of 24
L,Nina Nunes,0,4 of 7,57%,5 of 8,0 of 0,---,0,0,0:00,2 of 5,1 of 1,1 of 1,4 of 7,0 of 0,0 of 0
W,Mackenzie Dern,0,12 of 22,54%,31 of 44,1 of 2,50%,1,0,4:00,10 of 20,0 of 0,2 of 2,8 of 15,0 of 1,4 of 6
L,Mike Perry,0,61 of 132,46%,65 of 137,2 of 4,50%,0,0,2:49,27 of 85,14 of 21,20 of 26,60 of 130,1 of 2,0 of 0
W,Daniel Rodriguez,0,129 of 235,54%,145 of 252,0 of 1,0%,0,0,0:00,90 of 191,11 of 14,28 of 30,129 of 235,0 of 0,0 of 0
L,Jim Miller,0,11 of 34,32%,45 of 76,0 of 0,---,0,0,2:03,7 of 26,2 of 4,2 of 4,9 of 31,2 of 2,0 of 1
W,Joe Solecki,0,19 of 42,45%,93 of 146,1 of 4,25%,0,0,9:23,12 of 33,2 of 4,5 of 5,18 of 41,1 of 1,0 of 0
L,Scott Holtzman,0,10 of 48,20%,10 of 48,0 of 1,0%,0,0,0:00,5 of 34,2 of 6,3 of 8,10 of 48,0 of 0,0 of 0
W,Mateusz Gamrot,1,39 of 63,61%,41 of 65,2 of 5,40%,0,0,0:50,17 of 38,8 of 10,14 of 15,30 of 52,6 of 6,3 of 5
W,John Makdessi,0,124 of 232,53%,145 of 257,0 of 0,---,0,0,0:13,72 of 165,33 of 45,19 of 22,109 of 212,15 of 20,0 of 0
L,Ignacio Bahamondes,0,112 of 312,35%,117 of 318,0 of 4,0%,0,0,1:14,75 of 268,22 of 25,15 of 19,99 of 297,13 of 15,0 of 0
L,Yorgan De Castro,0,2 of 11,18%,5 of 15,0 of 0,---,0,0,0:08,2 of 11,0 of 0,0 of 0,2 of 11,0 of 0,0 of 0
W,Jarjis Danho,1,10 of 12,83%,10 of 12,0 of 1,0%,0,0,0:42,3 of 4,1 of 2,6 of 6,8 of 10,1 of 1,1 of 1
L,Hunter Azure,0,45 of 80,56%,78 of 121,0 of 6,0%,1,1,4:02,12 of 37,14 of 19,19 of 24,35 of 64,6 of 11,4 of 5
W,Jack Shore,0,36 of 57,63%,57 of 84,6 of 13,46%,0,1,5:17,24 of 42,4 of 4,8 of 11,27 of 43,6 of 10,3 of 4
W,Luis Saldana,0,36 of 88,40%,40 of 94,0 of 0,---,1,1,2:18,19 of 67,8 of 10,9 of 11,30 of 79,6 of 9,0 of 0
L,Jordan Griffin,0,33 of 69,47%,39 of 77,4 of 7,57%,2,1,6:18,22 of 55,9 of 11,2 of 3,27 of 60,4 of 6,2 of 3
W,Da Woon Jung,0,28 of 46,60%,73 of 99,8 of 9,88%,0,0,12:04,20 of 37,0 of 1,8 of 8,11 of 23,0 of 0,17 of 23
L,William Knight,0,17 of 29,58%,38 of 50,0 of 3,0%,0,0,0:09,5 of 13,1 of 1,11 of 15,17 of 26,0 of 3,0 of 0
W,Impa Kasanganay,0,13 of 29,44%,21 of 41,2 of 6,33%,1,0,2:54,11 of 26,0 of 0,2 of 3,10 of 26,3 of 3,0 of 0
L,Sasha Palatnikov,0,13 of 24,54%,31 of 43,0 of 0,---,0,0,0:56,6 of 16,4 of 4,3 of 4,7 of 16,6 of 8,0 of 0
L,Stipe Miocic,0,12 of 13,92%,12 of 13,0 of 1,0%,0,0,0:04,3 of 4,2 of 2,7 of 7,12 of 13,0 of 0,0 of 0
W,Francis Ngannou,2,36 of 56,64%,38 of 58,1 of 2,50%,0,0,0:22,28 of 46,2 of 4,6 of 6,17 of 36,8 of 8,11 of 12
L,Tyron Woodley,0,18 of 40,45%,21 of 43,0 of 1,0%,0,0,0:22,7 of 27,10 of 12,1 of 1,8 of 28,10 of 12,0 of 0
W,Vicente Luque,0,25 of 33,75%,41 of 49,0 of 0,---,1,0,2:03,15 of 22,10 of 11,0 of 0,16 of 23,9 of 10,0 of 0
W,Sean O'Malley,2,86 of 149,57%,91 of 157,0 of 0,---,0,0,0:08,41 of 99,24 of 29,21 of 21,83 of 146,2 of 2,1 of 1
L,Thomas Almeida,0,25 of 71,35%,25 of 71,1 of 2,50%,0,0,0:22,9 of 43,3 of 9,13 of 19,23 of 66,0 of 0,2 of 5
L,Gillian Robertson,0,27 of 68,39%,32 of 75,2 of 4,50%,1,1,3:29,16 of 52,10 of 14,1 of 2,26 of 67,1 of 1,0 of 0
W,Miranda Maverick,0,71 of 150,47%,131 of 217,3 of 4,75%,0,1,4:40,54 of 125,14 of 20,3 of 5,48 of 125,4 of 4,19 of 21
W,Jamie Mullarkey,1,6 of 13,46%,6 of 13,0 of 0,---,0,0,0:04,5 of 11,0 of 0,1 of 2,3 of 9,0 of 0,3 of 4
L,Khama Worthy,0,5 of 10,50%,5 of 10,0 of 0,---,0,0,0:00,3 of 8,0 of 0,2 of 2,5 of 10,0 of 0,0 of 0
W,Alonzo Menifield,0,3 of 3,100%,3 of 3,1 of 1,100%,1,0,1:07,3 of 3,0 of 0,0 of 0,3 of 3,0 of 0,0 of 0
L,Fabio Cherant,0,0 of 1,0%,0 of 1,0 of 0,---,0,0,0:00,0 of 1,0 of 0,0 of 0,0 of 1,0 of 0,0 of 0
L,Jared Gooden,0,43 of 136,31%,111 of 207,0 of 0,---,0,0,0:00,30 of 110,12 of 25,1 of 1,35 of 127,3 of 3,5 of 6
W,Abubakar Nurmagomedov,0,60 of 120,50%,100 of 164,1 of 5,20%,0,0,4:18,45 of 105,9 of 9,6 of 6,56 of 115,4 of 5,0 of 0
L,Modestas Bukauskas,0,58 of 167,34%,62 of 172,0 of 1,0%,0,0,0:04,44 of 146,14 of 21,0 of 0,55 of 159,3 of 8,0 of 0
W,Michal Oleksiejczuk,0,56 of 122,45%,77 of 144,0 of 2,0%,0,0,1:09,30 of 93,26 of 29,0 of 0,53 of 119,3 of 3,0 of 0
L,Shane Young,0,46 of 105,43%,59 of 120,1 of 5,20%,0,0,3:26,17 of 65,19 of 26,10 of 14,40 of 99,6 of 6,0 of 0
W,Omar Morales,0,69 of 144,47%,74 of 150,2 of 2,100%,0,0,1:27,48 of 120,7 of 10,14 of 14,59 of 133,9 of 10,1 of 1
W,Marc-Andre Barriault,1,141 of 275,51%,190 of 339,0 of 1,0%,0,0,6:00,126 of 257,9 of 11,6 of 7,83 of 192,15 of 22,43 of 61
L,Abu Azaitar,0,108 of 219,49%,142 of 261,0 of 3,0%,0,0,2:03,45 of 138,48 of 65,15 of 16,82 of 186,26 of 33,0 of 0
W,Derek Brunson,0,43 of 93,46%,226 of 323,6 of 12,50%,1,0,16:55,28 of 74,7 of 10,8 of 9,14 of 43,10 of 10,19 of 40
L,Kevin Holland,0,36 of 74,48%,190 of 236,1 of 1,100%,0,0,1:47,28 of 64,2 of 4,6 of 6,29 of 64,5 of 7,2 of 3
L,Song Kenan,0,14 of 24,58%,14 of 24,0 of 0,---,0,0,0:00,5 of 10,5 of 8,4 of 6,14 of 24,0 of 0,0 of 0
W,Max Griffin,1,17 of 28,60%,17 of 28,0 of 1,0%,0,0,0:28,11 of 17,2 of 7,4 of 4,16 of 27,0 of 0,1 of 1
L,Cheyanne Vlismas,0,31 of 65,47%,49 of 87,0 of 0,---,0,3,1:04,26 of 60,5 of 5,0 of 0,26 of 56,2 of 2,3 of 7
W,Montserrat Conejo Ruiz,0,15 of 41,36%,136 of 168,4 of 5,80%,2,1,9:53,10 of 35,0 of 1,5 of 5,15 of 41,0 of 0,0 of 0
W,Adrian Yanez,2,41 of 103,39%,41 of 103,0 of 0,---,0,0,0:03,32 of 83,8 of 19,1 of 1,41 of 102,0 of 0,0 of 1
L,Gustavo Lopez,0,23 of 51,45%,23 of 51,0 of 1,0%,0,0,0:00,14 of 40,5 of 7,4 of 4,23 of 51,0 of 0,0 of 0
W,Tai Tuivasa,1,14 of 18,77%,14 of 18,0 of 0,---,0,0,0:10,10 of 14,0 of 0,4 of 4,9 of 10,0 of 0,5 of 8
L,Harry Hunsucker,0,2 of 6,33%,2 of 6,0 of 0,---,0,0,0:00,1 of 5,0 of 0,1 of 1,2 of 6,0 of 0,0 of 0
L,Marion Reneau,0,30 of 63,47%,59 of 93,2 of 4,50%,0,0,2:15,14 of 40,7 of 13,9 of 10,25 of 54,5 of 9,0 of 0
W,Macy Chiasson,0,51 of 138,36%,92 of 184,1 of 1,100%,0,1,3:48,29 of 110,15 of 20,7 of 8,36 of 119,13 of 15,2 of 4
L,Leonardo Santos,0,30 of 67,44%,74 of 115,1 of 2,50%,0,0,1:21,14 of 45,6 of 10,10 of 12,28 of 65,2 of 2,0 of 0
W,Grant Dawson,0,46 of 84,54%,75 of 132,1 of 13,7%,0,0,8:18,16 of 48,23 of 27,7 of 9,33 of 68,9 of 11,4 of 5
W,Trevin Giles,0,27 of 57,47%,43 of 73,1 of 2,50%,1,0,1:15,22 of 51,4 of 4,1 of 2,15 of 42,4 of 5,8 of 10
L,Roman Dolidze,0,32 of 67,47%,75 of 110,1 of 3,33%,2,1,4:15,10 of 37,7 of 14,15 of 16,28 of 59,3 of 6,1 of 2
W,Montel Jackson,2,15 of 26,57%,15 of 26,0 of 0,---,0,0,0:16,11 of 22,2 of 2,2 of 2,5 of 12,3 of 4,7 of 10
L,Jesse Strader,0,14 of 25,56%,14 of 25,0 of 0,---,0,0,0:01,3 of 7,3 of 7,8 of 11,12 of 22,0 of 1,2 of 2
W,Bruno Silva,3,37 of 61,60%,62 of 89,1 of 2,50%,0,0,3:51,29 of 51,4 of 6,4 of 4,26 of 43,1 of 2,10 of 16
L,JP Buys,0,17 of 56,30%,37 of 76,0 of 1,0%,1,0,1:02,8 of 42,4 of 7,5 of 7,15 of 53,2 of 3,0 of 0
NC,Leon Edwards,0,19 of 39,48%,20 of 40,0 of 1,0%,0,0,0:19,10 of 29,5 of 6,4 of 4,19 of 38,0 of 1,0 of 0
NC,Belal Muhammad,0,8 of 26,30%,14 of 32,0 of 0,---,0,0,0:33,7 of 23,1 of 3,0 of 0,6 of 23,2 of 3,0 of 0
L,Misha Cirkunov,0,5 of 18,27%,5 of 18,0 of 0,---,0,0,0:00,5 of 18,0 of 0,0 of 0,5 of 18,0 of 0,0 of 0
W,Ryan Spann,1,16 of 29,55%,16 of 29,0 of 0,---,0,0,0:13,14 of 27,2 of 2,0 of 0,4 of 13,0 of 0,12 of 16
W,Dan Ige,1,1 of 4,25%,1 of 4,0 of 0,---,0,0,0:01,1 of 4,0 of 0,0 of 0,1 of 4,0 of 0,0 of 0
L,Gavin Tucker,0,1 of 1,100%,1 of 1,0 of 0,---,0,0,0:00,0 of 0,0 of 0,1 of 1,1 of 1,0 of 0,0 of 0
L,Jonathan Martinez,1,29 of 71,40%,29 of 71,0 of 0,---,0,0,0:25,16 of 57,5 of 6,8 of 8,26 of 66,0 of 0,3 of 5
W,Davey Grant,1,48 of 110,43%,49 of 111,0 of 1,0%,0,0,0:03,14 of 64,19 of 30,15 of 16,46 of 108,0 of 0,2 of 2
L,Manel Kape,0,61 of 150,40%,73 of 165,0 of 0,---,0,0,0:38,37 of 120,10 of 16,14 of 14,58 of 145,1 of 2,2 of 3
W,Matheus Nicolau,0,55 of 102,53%,76 of 132,2 of 9,22%,1,0,2:31,27 of 66,21 of 26,7 of 10,50 of 96,2 of 2,3 of 4
NC,Eryk Anders,1,43 of 63,68%,58 of 79,3 of 7,42%,0,0,2:35,38 of 57,3 of 3,2 of 3,17 of 32,11 of 14,15 of 17
NC,Darren Stewart,0,15 of 42,35%,21 of 51,0 of 0,---,0,0,0:00,7 of 32,2 of 2,6 of 8,11 of 38,4 of 4,0 of 0
W,Angela Hill,0,77 of 135,57%,97 of 165,1 of 3,33%,0,0,3:52,26 of 63,35 of 54,16 of 18,47 of 98,29 of 33,1 of 4
L,Ashley Yoder,0,34 of 116,29%,53 of 143,2 of 6,33%,0,0,2:39,17 of 85,11 of 21,6 of 10,34 of 115,0 of 1,0 of 0
W,Charles Jourdain,2,106 of 220,48%,128 of 248,0 of 1,0%,0,0,2:57,68 of 167,21 of 35,17 of 18,73 of 163,14 of 18,19 of 39
L,Marcelo Rojo,0,74 of 204,36%,80 of 211,1 of 2,50%,0,0,0:28,25 of 146,22 of 29,27 of 29,63 of 187,11 of 17,0 of 0
W,Rani Yahya,0,8 of 13,61%,42 of 65,2 of 4,50%,1,0,7:00,0 of 3,1 of 2,7 of 8,8 of 13,0 of 0,0 of 0
L,Ray Rodriguez,0,3 of 18,16%,15 of 35,0 of 0,---,0,0,0:00,2 of 16,1 of 2,0 of 0,3 of 18,0 of 0,0 of 0
W,Nasrat Haqparast,0,99 of 217,45%,99 of 218,0 of 2,0%,0,0,0:00,60 of 170,38 of 45,1 of 2,99 of 217,0 of 0,0 of 0
L,Rafa Garcia,0,52 of 217,23%,54 of 219,0 of 3,0%,0,0,0:21,32 of 186,15 of 24,5 of 7,48 of 211,4 of 6,0 of 0
L,Cortney Casey,0,55 of 131,41%,121 of 202,0 of 1,0%,0,0,0:02,35 of 107,9 of 12,11 of 12,45 of 114,10 of 17,0 of 0
W,JJ Aldrich,0,45 of 80,56%,58 of 99,4 of 7,57%,0,0,5:44,41 of 74,4 of 6,0 of 0,36 of 64,4 of 7,5 of 9
L,Gloria de Paula,0,31 of 63,49%,51 of 95,0 of 0,---,0,0,0:05,18 of 48,7 of 9,6 of 6,27 of 59,4 of 4,0 of 0
W,Jinh Yu Frey,0,24 of 79,30%,50 of 125,2 of 3,66%,2,0,9:33,10 of 62,3 of 5,11 of 12,17 of 70,1 of 1,6 of 8
W,Matthew Semelsberger,1,3 of 5,60%,3 of 5,0 of 0,---,0,0,0:02,2 of 4,0 of 0,1 of 1,2 of 2,0 of 0,1 of 3
L,Jason Witt,0,4 of 4,100%,4 of 4,0 of 0,---,0,0,0:00,2 of 2,0 of 0,2 of 2,4 of 4,0 of 0,0 of 0
W,Jan Blachowicz,0,107 of 193,55%,184 of 276,3 of 5,60%,0,0,7:06,67 of 146,29 of 33,11 of 14,85 of 169,6 of 6,16 of 18
L,Israel Adesanya,0,78 of 161,48%,99 of 182,0 of 0,---,0,0,0:01,32 of 102,17 of 23,29 of 36,77 of 158,0 of 1,1 of 2
W,Amanda Nunes,0,18 of 25,72%,19 of 26,0 of 0,---,2,0,0:42,15 of 22,0 of 0,3 of 3,10 of 16,0 of 0,8 of 9
L,Megan Anderson,0,2 of 5,40%,2 of 5,0 of 1,0%,0,0,0:00,0 of 3,1 of 1,1 of 1,2 of 5,0 of 0,0 of 0
L,Petr Yan,1,86 of 137,62%,103 of 157,7 of 7,100%,0,0,4:12,48 of 96,21 of 24,17 of 17,64 of 106,12 of 18,10 of 13
W,Aljamain Sterling,0,97 of 230,42%,119 of 260,1 of 17,5%,0,1,3:25,40 of 154,43 of 60,14 of 16,79 of 207,13 of 14,5 of 9
W,Islam Makhachev,0,15 of 25,60%,102 of 119,3 of 4,75%,2,0,9:26,12 of 22,2 of 2,1 of 1,5 of 14,1 of 1,9 of 10
L,Drew Dober,0,10 of 20,50%,14 of 24,0 of 0,---,0,0,0:12,5 of 15,3 of 3,2 of 2,6 of 14,1 of 1,3 of 5
L,Thiago Santos,0,49 of 97,50%,61 of 109,0 of 1,0%,0,0,0:00,10 of 41,23 of 33,16 of 23,35 of 82,14 of 15,0 of 0
W,Aleksandar Rakic,0,36 of 89,40%,50 of 103,0 of 2,0%,0,0,2:32,8 of 47,13 of 16,15 of 26,29 of 82,7 of 7,0 of 0
W,Dominick Cruz,0,89 of 202,44%,115 of 229,2 of 9,22%,0,0,2:07,51 of 151,24 of 35,14 of 16,85 of 197,4 of 4,0 of 1
L,Casey Kenney,0,74 of 193,38%,74 of 193,0 of 2,0%,0,0,0:26,41 of 148,10 of 19,23 of 26,72 of 191,2 of 2,0 of 0
L,Song Yadong,0,67 of 161,41%,89 of 189,0 of 0,---,0,1,1:06,39 of 120,20 of 32,8 of 9,67 of 158,0 of 1,0 of 2
W,Kyler Phillips,0,59 of 142,41%,69 of 152,3 of 5,60%,0,0,1:36,38 of 112,16 of 23,5 of 7,54 of 137,2 of 2,3 of 3
L,Joseph Benavidez,0,46 of 114,40%,61 of 130,0 of 0,---,0,0,0:00,13 of 57,21 of 41,12 of 16,41 of 108,4 of 5,1 of 1
W,Askar Askarov,0,58 of 88,65%,71 of 107,5 of 6,83%,0,0,5:00,39 of 65,14 of 18,5 of 5,50 of 77,4 of 5,4 of 6
L,Rogerio Bontorin,0,6 of 17,35%,27 of 43,1 of 1,100%,2,0,3:15,5 of 16,1 of 1,0 of 0,5 of 16,0 of 0,1 of 1
W,Kai Kara-France,1,13 of 22,59%,21 of 32,0 of 0,---,0,0,0:01,8 of 17,2 of 2,3 of 3,11 of 20,2 of 2,0 of 0
W,Tim Elliott,0,25 of 44,56%,91 of 120,4 of 7,57%,0,0,13:19,14 of 27,10 of 14,1 of 3,4 of 17,6 of 9,15 of 18
L,Jordan Espinosa,0,13 of 25,52%,22 of 35,0 of 0,---,0,0,0:00,7 of 18,4 of 4,2 of 3,6 of 15,4 of 5,3 of 5
W,Kennedy Nzechukwu,1,82 of 148,55%,84 of 150,0 of 1,0%,0,0,0:05,81 of 144,1 of 4,0 of 0,72 of 132,3 of 8,7 of 8
L,Carlos Ulberg,0,146 of 227,64%,146 of 227,0 of 0,---,0,0,0:05,101 of 175,31 of 37,14 of 15,132 of 210,14 of 17,0 of 0
W,Sean Brady,0,37 of 68,54%,133 of 187,1 of 1,100%,1,1,8:08,23 of 52,1 of 1,13 of 15,21 of 49,0 of 0,16 of 19
L,Jake Matthews,0,21 of 84,25%,32 of 95,0 of 0,---,0,0,0:04,17 of 76,3 of 7,1 of 1,19 of 82,0 of 0,2 of 2
L,Livinha Souza,0,1 of 7,14%,1 of 7,0 of 0,---,0,0,0:00,0 of 4,0 of 1,1 of 2,1 of 7,0 of 0,0 of 0
W,Amanda Lemos,2,29 of 46,63%,30 of 47,0 of 0,---,0,0,1:13,22 of 37,3 of 5,4 of 4,12 of 22,0 of 0,17 of 24
W,Uros Medic,1,45 of 63,71%,55 of 74,0 of 0,---,0,0,0:56,43 of 61,1 of 1,1 of 1,7 of 8,3 of 3,35 of 52
L,Aalon Cruz,0,0 of 3,0%,0 of 3,0 of 2,0%,0,0,0:11,0 of 2,0 of 1,0 of 0,0 of 3,0 of 0,0 of 0
L,Mario Bautista,0,21 of 42,50%,43 of 64,0 of 0,---,0,0,0:09,11 of 27,6 of 11,4 of 4,16 of 35,5 of 7,0 of 0
W,Trevin Jones,1,23 of 30,76%,36 of 44,0 of 3,0%,0,0,1:26,11 of 18,1 of 1,11 of 11,17 of 22,2 of 2,4 of 6
L,Jairzinho Rozenstruik,0,42 of 104,40%,49 of 111,0 of 0,---,0,0,0:00,14 of 69,5 of 6,23 of 29,38 of 97,4 of 7,0 of 0
W,Ciryl Gane,0,102 of 176,57%,128 of 202,2 of 14,14%,0,0,4:29,33 of 83,23 of 32,46 of 61,98 of 172,3 of 3,1 of 1
L,Nikita Krylov,0,47 of 120,39%,58 of 132,1 of 6,16%,0,0,1:44,18 of 78,22 of 34,7 of 8,45 of 116,2 of 4,0 of 0
W,Magomed Ankalaev,0,43 of 92,46%,89 of 143,3 of 9,33%,0,0,5:59,37 of 83,4 of 7,2 of 2,29 of 76,2 of 2,12 of 14
D,Montana De La Rosa,0,30 of 72,41%,107 of 156,3 of 12,25%,0,0,9:12,19 of 56,11 of 16,0 of 0,23 of 63,5 of 6,2 of 3
D,Mayra Bueno Silva,0,52 of 80,65%,111 of 142,0 of 0,---,1,0,1:04,28 of 53,22 of 23,2 of 4,20 of 40,29 of 36,3 of 4
W,Pedro Munhoz,0,94 of 194,48%,94 of 194,0 of 0,---,0,0,0:03,35 of 115,19 of 27,40 of 52,93 of 193,1 of 1,0 of 0
L,Jimmie Rivera,0,65 of 193,33%,65 of 193,1 of 5,20%,0,0,0:04,48 of 168,4 of 8,13 of 17,65 of 193,0 of 0,0 of 0
W,Alex Caceres,0,48 of 68,70%,97 of 121,1 of 1,100%,1,1,3:44,33 of 49,11 of 13,4 of 6,30 of 46,12 of 14,6 of 8
L,Kevin Croom,0,16 of 51,31%,26 of 67,1 of 16,6%,0,1,7:32,10 of 44,1 of 2,5 of 5,14 of 46,2 of 5,0 of 0
L,Alexander Hernandez,0,50 of 205,24%,50 of 205,0 of 0,---,0,0,0:00,15 of 152,18 of 33,17 of 20,50 of 204,0 of 1,0 of 0
W,Thiago Moises,0,53 of 183,28%,53 of 183,0 of 1,0%,0,0,0:00,36 of 155,5 of 11,12 of 17,53 of 183,0 of 0,0 of 0
W,Alexis Davis,0,49 of 83,59%,128 of 196,3 of 3,100%,0,0,8:50,8 of 37,4 of 5,37 of 41,46 of 78,0 of 0,3 of 5
L,Sabina Mazo,0,64 of 165,38%,71 of 173,0 of 1,0%,0,0,0:00,50 of 149,5 of 7,9 of 9,64 of 165,0 of 0,0 of 0
L,Vince Cachero,0,15 of 46,32%,23 of 55,0 of 2,0%,1,1,0:36,8 of 36,3 of 6,4 of 4,10 of 38,5 of 7,0 of 1
W,Ronnie Lawrence,0,77 of 121,63%,102 of 151,8 of 9,88%,0,0,7:49,53 of 89,14 of 19,10 of 13,22 of 46,5 of 7,50 of 68
W,Dustin Jacoby,0,57 of 137,41%,60 of 141,0 of 0,---,0,0,0:48,25 of 88,7 of 15,25 of 34,55 of 133,2 of 4,0 of 0
L,Maxim Grishin,2,66 of 156,42%,80 of 172,0 of 2,0%,0,0,1:16,31 of 110,8 of 16,27 of 30,59 of 144,2 of 5,5 of 7
L,Curtis Blaydes,0,28 of 52,53%,28 of 52,0 of 3,0%,0,0,0:15,18 of 42,3 of 3,7 of 7,25 of 47,3 of 5,0 of 0
W,Derrick Lewis,1,7 of 23,30%,7 of 23,0 of 0,---,0,0,0:02,6 of 21,1 of 2,0 of 0,4 of 20,1 of 1,2 of 2
L,Ketlen Vieira,0,7 of 16,43%,35 of 51,3 of 8,37%,0,0,8:38,3 of 10,3 of 4,1 of 2,3 of 11,4 of 5,0 of 0
W,Yana Santos,0,47 of 60,78%,215 of 247,0 of 0,---,0,0,5:09,7 of 15,30 of 35,10 of 10,8 of 11,21 of 24,18 of 25
L,Charles Rosa,0,15 of 25,60%,40 of 51,0 of 1,0%,2,0,0:00,9 of 17,4 of 4,2 of 4,8 of 17,0 of 0,7 of 8
W,Darrick Minner,1,45 of 60,75%,96 of 117,4 of 5,80%,3,0,12:34,35 of 49,5 of 5,5 of 6,21 of 31,5 of 7,19 of 22
L,Aleksei Oleinik,0,5 of 10,50%,6 of 11,0 of 1,0%,0,0,0:24,3 of 8,1 of 1,1 of 1,5 of 10,0 of 0,0 of 0
W,Chris Daukaus,0,34 of 56,60%,34 of 56,0 of 0,---,0,0,0:19,32 of 54,2 of 2,0 of 0,28 of 49,2 of 3,4 of 4
W,Phil Hawes,0,31 of 54,57%,101 of 128,4 of 7,57%,0,0,11:06,13 of 31,7 of 9,11 of 14,23 of 42,7 of 11,1 of 1
L,Nassourdine Imavov,0,57 of 93,61%,87 of 124,0 of 0,---,0,0,0:07,39 of 71,14 of 17,4 of 5,29 of 62,27 of 30,1 of 1
L,Andrei Arlovski,0,20 of 55,36%,22 of 57,0 of 0,---,0,0,0:00,8 of 40,7 of 9,5 of 6,17 of 49,3 of 6,0 of 0
W,Tom Aspinall,0,37 of 60,61%,41 of 64,1 of 1,100%,1,0,2:17,22 of 44,6 of 7,9 of 9,24 of 40,13 of 20,0 of 0
W,Jared Gordon,0,82 of 131,62%,138 of 191,2 of 7,28%,0,0,6:07,41 of 89,19 of 20,22 of 22,67 of 110,6 of 8,9 of 13
L,Danny Chavez,0,39 of 113,34%,42 of 116,1 of 1,100%,0,0,0:10,23 of 91,5 of 8,11 of 14,38 of 112,1 of 1,0 of 0
L,Eddie Wineland,0,17 of 66,25%,17 of 66,1 of 1,100%,0,0,0:12,10 of 50,3 of 6,4 of 10,16 of 63,0 of 0,1 of 3
W,John Castaneda,1,42 of 57,73%,44 of 59,0 of 0,---,0,0,0:04,23 of 34,4 of 7,15 of 16,34 of 49,2 of 2,6 of 6
L,Nate Landwehr,0,9 of 14,64%,9 of 14,0 of 0,---,0,0,0:00,5 of 9,1 of 1,3 of 4,6 of 11,3 of 3,0 of 0
W,Julian Erosa,1,15 of 23,65%,17 of 25,0 of 0,---,0,0,0:01,11 of 18,2 of 3,2 of 2,12 of 17,2 of 5,1 of 1
L,Shana Dobson,0,16 of 28,57%,27 of 42,0 of 0,---,0,1,0:13,9 of 21,5 of 5,2 of 2,11 of 20,3 of 4,2 of 4
W,Casey O'Neill,0,49 of 68,72%,132 of 183,4 of 6,66%,1,0,7:26,44 of 62,3 of 4,2 of 2,17 of 24,1 of 1,31 of 43
W,Aiemann Zahabi,1,9 of 11,81%,9 of 11,0 of 0,---,0,0,0:10,8 of 10,1 of 1,0 of 0,6 of 7,1 of 2,2 of 2
L,Drako Rodriguez,0,11 of 33,33%,13 of 35,0 of 0,---,0,0,0:00,6 of 27,1 of 2,4 of 4,8 of 30,3 of 3,0 of 0
W,Serghei Spivac,0,51 of 72,70%,107 of 135,3 of 3,100%,0,0,8:29,51 of 72,0 of 0,0 of 0,7 of 17,0 of 0,44 of 55
L,Jared Vanderaa,0,13 of 24,54%,27 of 38,0 of 0,---,0,0,0:00,8 of 19,3 of 3,2 of 2,11 of 22,2 of 2,0 of 0
W,Kamaru Usman,2,83 of 136,61%,93 of 149,0 of 0,---,0,0,2:05,56 of 105,11 of 15,16 of 16,54 of 100,3 of 4,26 of 32
L,Gilbert Burns,0,45 of 108,41%,55 of 124,0 of 3,0%,0,0,0:00,18 of 75,13 of 14,14 of 19,44 of 104,1 of 4,0 of 0
L,Maycee Barber,0,40 of 152,26%,50 of 165,3 of 5,60%,0,0,3:14,23 of 130,14 of 18,3 of 4,18 of 119,20 of 31,2 of 2
W,Alexa Grasso,0,38 of 81,46%,95 of 162,0 of 0,---,1,1,5:10,24 of 57,9 of 14,5 of 10,25 of 61,13 of 20,0 of 0
W,Kelvin Gastelum,0,38 of 84,45%,51 of 115,6 of 14,42%,0,1,6:50,20 of 62,10 of 13,8 of 9,28 of 69,8 of 11,2 of 4
L,Ian Heinisch,0,27 of 67,40%,56 of 107,1 of 6,16%,2,1,1:11,10 of 42,6 of 11,11 of 14,26 of 64,0 of 0,1 of 3
W,Ricky Simon,0,45 of 98,45%,72 of 136,6 of 9,66%,1,0,8:14,25 of 73,3 of 4,17 of 21,29 of 74,6 of 9,10 of 15
L,Brian Kelleher,0,19 of 73,26%,25 of 83,0 of 0,---,0,0,0:12,7 of 56,4 of 8,8 of 9,18 of 72,1 of 1,0 of 0
L,Maki Pitolo,0,32 of 65,49%,70 of 110,5 of 11,45%,1,1,9:07,16 of 46,12 of 14,4 of 5,22 of 52,7 of 8,3 of 5
W,Julian Marquez,0,41 of 100,41%,61 of 129,0 of 1,0%,4,1,1:54,37 of 94,3 of 4,1 of 2,18 of 72,15 of 16,8 of 12
L,Rodolfo Vieira,0,9 of 26,34%,14 of 32,4 of 10,40%,0,0,4:00,9 of 26,0 of 0,0 of 0,7 of 21,2 of 2,0 of 3
W,Anthony Hernandez,0,32 of 50,64%,50 of 73,0 of 0,---,2,1,1:25,28 of 45,4 of 5,0 of 0,28 of 46,4 of 4,0 of 0
W,Belal Muhammad,0,129 of 264,48%,136 of 284,1 of 10,10%,0,0,2:42,109 of 232,20 of 31,0 of 1,118 of 248,11 of 16,0 of 0
L,Dhiego Lima,0,69 of 203,33%,70 of 206,0 of 1,0%,0,0,0:00,26 of 156,17 of 19,26 of 28,69 of 203,0 of 0,0 of 0
W,Polyana Viana,0,4 of 16,25%,71 of 89,0 of 0,---,5,0,0:18,0 of 12,3 of 3,1 of 1,4 of 16,0 of 0,0 of 0
L,Mallory Martin,0,5 of 7,71%,14 of 19,1 of 1,100%,0,0,2:25,1 of 3,4 of 4,0 of 0,5 of 7,0 of 0,0 of 0
L,Andre Ewell,0,59 of 120,49%,62 of 124,1 of 1,100%,1,0,0:09,15 of 56,28 of 40,16 of 24,59 of 119,0 of 0,0 of 1
W,Chris Gutierrez,1,69 of 126,54%,72 of 131,1 of 1,100%,0,0,1:11,23 of 59,14 of 21,32 of 46,61 of 116,8 of 10,0 of 0
W,Gabe Green,2,70 of 152,46%,128 of 213,2 of 2,100%,1,0,3:13,36 of 112,15 of 20,19 of 20,51 of 126,4 of 7,15 of 19
L,Phil Rowe,0,42 of 86,48%,48 of 93,2 of 6,33%,0,2,5:43,25 of 67,8 of 10,9 of 9,40 of 84,1 of 1,1 of 1
L,Alistair Overeem,0,10 of 20,50%,10 of 20,0 of 1,0%,0,0,0:15,3 of 13,2 of 2,5 of 5,10 of 20,0 of 0,0 of 0
W,Alexander Volkov,1,54 of 88,61%,54 of 88,0 of 0,---,0,0,0:11,47 of 81,3 of 3,4 of 4,40 of 65,11 of 18,3 of 5
W,Cory Sandhagen,1,2 of 5,40%,2 of 5,0 of 0,---,0,0,0:02,1 of 3,0 of 0,1 of 2,2 of 5,0 of 0,0 of 0
L,Frankie Edgar,0,2 of 3,66%,2 of 3,0 of 0,---,0,0,0:00,1 of 2,0 of 0,1 of 1,2 of 3,0 of 0,0 of 0
L,Michael Johnson,0,58 of 126,46%,70 of 138,0 of 0,---,0,0,3:03,52 of 113,5 of 12,1 of 1,47 of 115,6 of 6,5 of 5
W,Clay Guida,0,49 of 89,55%,65 of 107,3 of 7,42%,1,0,6:53,31 of 71,12 of 12,6 of 6,32 of 72,14 of 14,3 of 3
W,Alexandre Pantoja,0,74 of 149,49%,77 of 152,0 of 1,0%,0,0,0:24,27 of 83,26 of 38,21 of 28,72 of 146,1 of 1,1 of 2
L,Manel Kape,0,49 of 91,53%,51 of 94,2 of 7,28%,0,0,0:25,36 of 76,8 of 8,5 of 7,49 of 91,0 of 0,0 of 0
L,Diego Ferreira,0,54 of 121,44%,74 of 145,0 of 1,0%,0,1,0:58,43 of 104,10 of 15,1 of 2,45 of 109,5 of 5,4 of 7
W,Beneil Dariush,0,62 of 116,53%,74 of 132,5 of 15,33%,0,0,7:23,46 of 98,10 of 12,6 of 6,51 of 93,3 of 5,8 of 18
L,Mike Rodriguez,0,16 of 24,66%,34 of 43,0 of 0,---,0,0,0:04,3 of 7,5 of 6,8 of 11,11 of 19,5 of 5,0 of 0
W,Danilo Marques,0,29 of 29,100%,55 of 58,4 of 7,57%,2,0,7:39,27 of 27,2 of 2,0 of 0,2 of 2,0 of 0,27 of 27
W,Devonte Smith,0,34 of 65,52%,46 of 78,1 of 1,100%,1,0,3:08,25 of 54,5 of 7,4 of 4,21 of 45,5 of 8,8 of 12
L,Justin Jaynes,0,11 of 27,40%,19 of 35,0 of 2,0%,0,1,0:12,6 of 21,3 of 4,2 of 2,10 of 26,0 of 0,1 of 1
W,Karol Rosa,0,57 of 84,67%,135 of 175,4 of 6,66%,0,0,11:13,33 of 55,9 of 10,15 of 19,27 of 46,11 of 14,19 of 24
L,Joselyne Edwards,0,38 of 59,64%,70 of 97,1 of 3,33%,0,1,0:02,22 of 36,4 of 8,12 of 15,31 of 51,3 of 3,4 of 5
L,Molly McCann,0,37 of 47,78%,71 of 83,0 of 0,---,1,0,0:50,17 of 25,13 of 14,7 of 8,21 of 28,11 of 12,5 of 7
W,Lara Procopio,0,36 of 58,62%,85 of 113,7 of 9,77%,1,0,11:43,20 of 39,11 of 12,5 of 7,19 of 39,9 of 11,8 of 8
W,SeungWoo Choi,0,41 of 109,37%,73 of 144,2 of 3,66%,0,0,3:39,25 of 84,10 of 13,6 of 12,26 of 93,12 of 13,3 of 3
L,Youssef Zalal,0,23 of 47,48%,46 of 70,3 of 9,33%,1,1,4:29,12 of 34,9 of 10,2 of 3,21 of 44,1 of 2,1 of 1
W,Timur Valiev,0,55 of 76,72%,115 of 149,4 of 6,66%,0,0,11:19,37 of 53,4 of 7,14 of 16,20 of 31,2 of 2,33 of 43
L,Martin Day,0,8 of 28,28%,24 of 46,0 of 0,---,0,1,0:15,7 of 23,0 of 2,1 of 3,6 of 23,0 of 1,2 of 4
W,Ode Osbourne,1,5 of 6,83%,5 of 6,0 of 0,---,0,0,0:02,5 of 6,0 of 0,0 of 0,1 of 1,0 of 0,4 of 5
L,Jerome Rivera,0,2 of 3,66%,2 of 3,0 of 0,---,0,0,0:00,0 of 1,1 of 1,1 of 1,2 of 3,0 of 0,0 of 0
W,Dustin Poirier,1,48 of 91,52%,53 of 98,1 of 1,100%,0,0,1:42,30 of 69,0 of 1,18 of 21,46 of 89,0 of 0,2 of 2
L,Conor McGregor,0,29 of 66,43%,52 of 92,0 of 1,0%,0,0,1:07,23 of 60,4 of 4,2 of 2,27 of 63,2 of 3,0 of 0
L,Dan Hooker,0,8 of 19,42%,8 of 19,0 of 0,---,0,0,0:00,0 of 6,0 of 1,8 of 12,8 of 19,0 of 0,0 of 0
W,Michael Chandler,1,17 of 24,70%,17 of 24,0 of 0,---,0,0,0:09,12 of 17,4 of 6,1 of 1,7 of 11,0 of 0,10 of 13
L,Jessica Eye,0,77 of 173,44%,104 of 218,1 of 4,25%,0,0,5:03,39 of 127,35 of 41,3 of 5,44 of 132,32 of 40,1 of 1
W,Joanne Wood,0,148 of 240,61%,214 of 319,1 of 3,33%,0,0,0:19,52 of 122,53 of 62,43 of 56,113 of 198,35 of 42,0 of 0
L,Andrew Sanchez,0,48 of 141,34%,50 of 144,0 of 2,0%,0,0,0:22,34 of 118,8 of 15,6 of 8,48 of 141,0 of 0,0 of 0
W,Makhmud Muradov,0,79 of 174,45%,82 of 177,0 of 2,0%,0,0,0:16,52 of 139,16 of 22,11 of 13,72 of 165,5 of 7,2 of 2
W,Marina Rodriguez,1,15 of 36,41%,26 of 52,0 of 0,---,0,0,0:07,14 of 33,1 of 1,0 of 2,5 of 25,3 of 3,7 of 8
L,Amanda Ribas,0,7 of 23,30%,35 of 57,1 of 1,100%,0,0,3:39,4 of 19,2 of 2,1 of 2,3 of 16,1 of 1,3 of 6
W,Arman Tsarukyan,0,50 of 103,48%,103 of 180,10 of 12,83%,0,0,8:24,32 of 82,12 of 15,6 of 6,39 of 86,5 of 8,6 of 9
L,Matt Frevola,0,16 of 57,28%,51 of 97,0 of 2,0%,0,0,0:02,8 of 46,6 of 9,2 of 2,9 of 48,7 of 9,0 of 0
W,Brad Tavares,0,54 of 108,50%,73 of 135,0 of 0,---,0,0,0:05,28 of 76,6 of 8,20 of 24,50 of 102,4 of 6,0 of 0
L,Antonio Carlos Junior,0,34 of 103,33%,57 of 135,1 of 12,8%,0,0,6:28,24 of 93,2 of 2,8 of 8,33 of 100,1 of 3,0 of 0
W,Julianna Pena,0,38 of 76,50%,140 of 192,1 of 1,100%,1,0,2:55,27 of 65,11 of 11,0 of 0,20 of 57,10 of 10,8 of 9
L,Sara McMann,0,21 of 54,38%,28 of 63,3 of 3,100%,0,0,7:21,10 of 39,7 of 10,4 of 5,12 of 43,6 of 6,3 of 5
L,Khalil Rountree Jr.,0,49 of 148,33%,50 of 149,0 of 0,---,0,0,0:00,29 of 120,13 of 18,7 of 10,49 of 146,0 of 2,0 of 0
W,Marcin Prachnio,0,102 of 216,47%,105 of 220,0 of 2,0%,0,0,0:05,33 of 131,29 of 39,40 of 46,100 of 211,2 of 5,0 of 0
L,Nik Lentz,0,46 of 127,36%,50 of 137,1 of 5,20%,2,1,1:26,24 of 100,15 of 20,7 of 7,41 of 120,5 of 7,0 of 0
W,Movsar Evloev,0,82 of 170,48%,137 of 235,2 of 2,100%,0,0,4:36,70 of 153,7 of 10,5 of 7,78 of 165,0 of 0,4 of 5
W,Amir Albazi,0,68 of 169,40%,94 of 200,2 of 3,66%,0,0,3:38,40 of 128,15 of 24,13 of 17,64 of 163,2 of 3,2 of 3
L,Zhalgas Zhumagulov,0,59 of 132,44%,74 of 150,1 of 3,33%,0,0,0:27,22 of 84,31 of 41,6 of 7,58 of 128,1 of 2,0 of 2
W,Michael Chiesa,0,24 of 52,46%,93 of 125,4 of 6,66%,0,0,15:21,19 of 43,3 of 7,2 of 2,10 of 29,1 of 2,13 of 21
L,Neil Magny,0,12 of 50,24%,52 of 96,1 of 3,33%,1,0,2:15,7 of 42,5 of 7,0 of 1,8 of 45,4 of 5,0 of 0
W,Warlley Alves,1,17 of 21,80%,24 of 30,1 of 1,100%,0,0,1:36,9 of 12,7 of 8,1 of 1,7 of 9,4 of 6,6 of 6
L,Mounir Lazzez,0,2 of 2,100%,2 of 2,0 of 0,---,0,0,0:42,1 of 1,1 of 1,0 of 0,0 of 0,2 of 2,0 of 0
W,Ike Villanueva,1,24 of 56,42%,24 of 56,0 of 0,---,0,0,0:02,18 of 47,6 of 9,0 of 0,24 of 56,0 of 0,0 of 0
L,Vinicius Moreira,0,24 of 42,57%,24 of 42,0 of 0,---,0,0,0:00,4 of 10,10 of 18,10 of 14,23 of 41,1 of 1,0 of 0
L,Roxanne Modafferi,0,46 of 184,25%,49 of 193,0 of 5,0%,0,0,0:39,40 of 177,2 of 3,4 of 4,45 of 181,1 of 3,0 of 0
W,Viviane Araujo,0,86 of 198,43%,100 of 214,4 of 4,100%,1,0,3:06,79 of 187,5 of 8,2 of 3,85 of 192,1 of 2,0 of 4
W,Matt Schnell,0,85 of 214,39%,85 of 214,0 of 0,---,0,0,0:00,69 of 195,10 of 12,6 of 7,83 of 212,2 of 2,0 of 0
L,Tyson Nam,0,58 of 193,30%,58 of 193,0 of 0,---,0,0,0:00,36 of 164,10 of 15,12 of 14,58 of 193,0 of 0,0 of 0
W,Lerone Murphy,0,48 of 115,41%,60 of 131,1 of 4,25%,0,0,1:51,29 of 92,8 of 11,11 of 12,37 of 97,6 of 8,5 of 10
L,Douglas Silva de Andrade,0,39 of 108,36%,51 of 121,1 of 2,50%,0,0,1:21,16 of 74,11 of 14,12 of 20,33 of 101,6 of 7,0 of 0
W,Omari Akhmedov,0,25 of 38,65%,73 of 91,2 of 5,40%,1,0,4:34,23 of 34,1 of 3,1 of 1,4 of 7,0 of 0,21 of 31
L,Tom Breese,0,1 of 4,25%,6 of 12,0 of 1,0%,3,1,1:00,0 of 2,1 of 2,0 of 0,1 of 4,0 of 0,0 of 0
W,Ricky Simon,0,17 of 32,53%,50 of 69,7 of 10,70%,1,0,6:59,14 of 28,3 of 4,0 of 0,3 of 13,4 of 6,10 of 13
L,Gaetano Pirrello,0,6 of 14,42%,10 of 18,0 of 0,---,0,0,0:00,4 of 11,0 of 0,2 of 3,5 of 12,1 of 2,0 of 0
W,Sumudaerji,0,50 of 127,39%,50 of 127,0 of 0,---,0,0,0:00,22 of 87,9 of 16,19 of 24,50 of 127,0 of 0,0 of 0
L,Zarrukh Adashev,0,28 of 123,22%,28 of 123,0 of 1,0%,0,0,0:02,20 of 102,3 of 13,5 of 8,24 of 117,4 of 6,0 of 0
W,Dalcha Lungiambula,0,29 of 65,44%,61 of 98,1 of 2,50%,0,0,6:46,17 of 47,12 of 17,0 of 1,5 of 34,5 of 8,19 of 23
L,Markus Perez,0,25 of 49,51%,50 of 75,0 of 1,0%,1,0,4:21,7 of 26,15 of 18,3 of 5,18 of 37,7 of 12,0 of 0
W,Francisco Figueiredo,0,29 of 53,54%,39 of 65,4 of 6,66%,0,0,7:07,11 of 28,7 of 11,11 of 14,20 of 40,4 of 4,5 of 9
L,Jerome Rivera,0,31 of 134,23%,85 of 199,0 of 5,0%,0,1,1:07,12 of 90,8 of 20,11 of 24,22 of 112,9 of 22,0 of 0
W,Mike Davis,0,108 of 207,52%,111 of 210,3 of 9,33%,0,0,0:50,54 of 131,42 of 61,12 of 15,97 of 189,8 of 14,3 of 4
L,Mason Jones,0,117 of 313,37%,132 of 329,1 of 4,25%,0,0,0:51,83 of 265,18 of 31,16 of 17,104 of 285,11 of 21,2 of 7
W,Umar Nurmagomedov,0,25 of 41,60%,32 of 48,5 of 11,45%,1,0,2:57,14 of 25,4 of 9,7 of 7,18 of 34,6 of 6,1 of 1
L,Sergey Morozov,0,7 of 30,23%,8 of 31,0 of 0,---,0,0,0:08,2 of 20,3 of 7,2 of 3,7 of 29,0 of 1,0 of 0
L,Victoria Leonardo,0,17 of 81,20%,18 of 82,0 of 1,0%,0,0,0:02,7 of 59,3 of 11,7 of 11,15 of 76,2 of 5,0 of 0
W,Manon Fiorot,0,53 of 100,53%,58 of 105,1 of 1,100%,0,0,1:25,31 of 72,14 of 19,8 of 9,42 of 82,10 of 15,1 of 3
W,Max Holloway,0,445 of 744,59%,447 of 746,0 of 1,0%,0,0,0:27,274 of 553,117 of 133,54 of 58,439 of 737,6 of 7,0 of 0
L,Calvin Kattar,0,133 of 283,47%,134 of 284,0 of 2,0%,0,0,0:05,99 of 237,16 of 23,18 of 23,129 of 279,4 of 4,0 of 0
W,Carlos Condit,0,39 of 88,44%,157 of 209,2 of 4,50%,0,1,4:52,30 of 73,4 of 8,5 of 7,22 of 68,5 of 5,12 of 15
L,Matt Brown,0,28 of 37,75%,37 of 52,1 of 6,16%,0,0,6:06,13 of 22,11 of 11,4 of 4,11 of 18,8 of 8,9 of 11
L,Santiago Ponzinibbio,0,11 of 18,61%,11 of 18,0 of 0,---,0,0,0:00,7 of 14,0 of 0,4 of 4,11 of 18,0 of 0,0 of 0
W,Li Jingliang,1,21 of 50,42%,21 of 50,0 of 0,---,0,0,0:02,6 of 30,3 of 6,12 of 14,20 of 49,0 of 0,1 of 1
L,Joaquin Buckley,0,3 of 22,13%,3 of 22,0 of 0,---,0,0,0:00,2 of 19,1 of 3,0 of 0,3 of 22,0 of 0,0 of 0
W,Alessio Di Chirico,1,12 of 23,52%,12 of 23,0 of 0,---,0,0,0:01,6 of 17,4 of 4,2 of 2,9 of 20,0 of 0,3 of 3
W,Punahele Soriano,2,30 of 66,45%,32 of 69,0 of 1,0%,0,0,0:38,25 of 60,4 of 5,1 of 1,21 of 51,4 of 5,5 of 10
L,Dusko Todorovic,0,22 of 57,38%,23 of 59,0 of 0,---,0,0,0:04,15 of 49,7 of 8,0 of 0,18 of 53,4 of 4,0 of 0
L,Wu Yanan,0,58 of 129,44%,70 of 148,1 of 2,50%,0,1,3:49,34 of 91,14 of 23,10 of 15,51 of 118,5 of 8,2 of 3
W,Joselyne Edwards,0,88 of 178,49%,111 of 206,0 of 3,0%,1,1,1:09,44 of 105,23 of 43,21 of 30,72 of 158,5 of 7,11 of 13
W,Carlos Felipe,0,77 of 142,54%,77 of 142,0 of 1,0%,0,0,0:41,46 of 103,28 of 36,3 of 3,64 of 128,13 of 14,0 of 0
L,Justin Tafa,0,86 of 148,58%,109 of 171,0 of 2,0%,0,0,1:53,50 of 107,20 of 24,16 of 17,74 of 133,12 of 15,0 of 0
L,David Zawada,0,44 of 114,38%,114 of 190,1 of 1,100%,0,0,2:06,24 of 88,6 of 10,14 of 16,30 of 90,13 of 23,1 of 1
W,Ramazan Emeev,0,53 of 101,52%,101 of 160,4 of 9,44%,0,1,4:28,36 of 81,13 of 15,4 of 5,36 of 82,12 of 14,5 of 5
L,Sarah Moras,0,44 of 200,22%,44 of 200,0 of 1,0%,0,0,0:00,12 of 162,7 of 11,25 of 27,44 of 200,0 of 0,0 of 0
W,Vanessa Melo,0,56 of 169,33%,56 of 169,0 of 0,---,0,0,0:04,43 of 151,9 of 14,4 of 4,56 of 169,0 of 0,0 of 0
L,Jacob Kilburn,0,64 of 201,31%,78 of 216,1 of 18,5%,1,0,1:09,47 of 172,8 of 19,9 of 10,60 of 190,3 of 8,1 of 3
W,Austin Lingo,1,95 of 182,52%,110 of 197,1 of 2,50%,0,0,3:50,81 of 166,10 of 12,4 of 4,93 of 177,2 of 4,0 of 1
W,Stephen Thompson,0,171 of 406,42%,191 of 428,0 of 0,---,0,0,0:00,124 of 354,41 of 46,6 of 6,165 of 398,6 of 8,0 of 0
L,Geoff Neal,0,85 of 179,47%,110 of 205,0 of 0,---,0,0,3:46,71 of 161,8 of 11,6 of 7,79 of 169,6 of 10,0 of 0
W,Jose Aldo,0,44 of 70,62%,60 of 86,0 of 2,0%,0,0,4:57,17 of 38,21 of 26,6 of 6,36 of 62,8 of 8,0 of 0
L,Marlon Vera,0,46 of 82,56%,92 of 133,0 of 3,0%,0,0,2:51,8 of 33,11 of 15,27 of 34,34 of 69,12 of 13,0 of 0
W,Michel Pereira,0,44 of 79,55%,56 of 94,2 of 2,100%,1,0,1:21,24 of 53,20 of 26,0 of 0,33 of 67,9 of 10,2 of 2
L,Khaos Williams,0,55 of 127,43%,62 of 134,0 of 0,---,0,0,0:36,23 of 74,9 of 19,23 of 34,48 of 114,7 of 13,0 of 0
L,Marlon Moraes,0,9 of 12,75%,12 of 16,2 of 3,66%,0,0,2:31,8 of 10,1 of 2,0 of 0,8 of 9,0 of 0,1 of 3
W,Rob Font,1,30 of 37,81%,33 of 41,0 of 0,---,0,1,0:38,27 of 34,3 of 3,0 of 0,13 of 18,1 of 1,16 of 18
W,Marcin Tybura,0,51 of 101,50%,60 of 111,1 of 4,25%,0,0,1:27,34 of 82,10 of 12,7 of 7,33 of 74,0 of 0,18 of 27
L,Greg Hardy,0,50 of 91,54%,50 of 91,0 of 0,---,0,0,0:02,29 of 65,12 of 13,9 of 13,46 of 85,4 of 6,0 of 0
W,Anthony Pettis,0,50 of 80,62%,80 of 115,0 of 1,0%,0,1,4:32,26 of 51,11 of 14,13 of 15,48 of 75,1 of 3,1 of 2
L,Alex Morono,0,31 of 78,39%,50 of 102,1 of 5,20%,0,0,2:30,22 of 61,6 of 12,3 of 5,26 of 70,0 of 1,5 of 7
L,Sijara Eubanks,0,49 of 104,47%,70 of 131,2 of 4,50%,0,0,6:33,43 of 94,5 of 9,1 of 1,38 of 90,4 of 7,7 of 7
W,Pannie Kianzad,0,92 of 143,64%,132 of 187,0 of 2,0%,0,0,2:14,57 of 105,22 of 25,13 of 13,65 of 114,26 of 28,1 of 1
W,Deron Winn,0,20 of 38,52%,64 of 89,12 of 16,75%,0,0,9:29,10 of 26,5 of 7,5 of 5,18 of 35,2 of 2,0 of 1
L,Antonio Arroyo,0,45 of 62,72%,70 of 87,0 of 0,---,0,0,0:28,29 of 45,11 of 12,5 of 5,43 of 60,0 of 0,2 of 2
L,Gillian Robertson,0,9 of 14,64%,42 of 48,0 of 2,0%,1,0,1:01,7 of 12,1 of 1,1 of 1,4 of 9,0 of 0,5 of 5
W,Taila Santos,0,27 of 37,72%,72 of 85,1 of 1,100%,1,0,12:47,21 of 30,3 of 4,3 of 3,4 of 13,1 of 1,22 of 23
W,Tafon Nchukwi,1,120 of 187,64%,159 of 234,0 of 2,0%,0,0,2:51,70 of 133,49 of 53,1 of 1,59 of 118,57 of 63,4 of 6
L,Jamie Pickett,0,40 of 81,49%,40 of 81,1 of 4,25%,0,0,0:34,28 of 68,8 of 9,4 of 4,39 of 77,1 of 4,0 of 0
W,Jimmy Flick,0,6 of 14,42%,7 of 15,0 of 1,0%,1,0,0:00,4 of 7,0 of 1,2 of 6,6 of 14,0 of 0,0 of 0
L,Cody Durden,0,21 of 32,65%,30 of 43,2 of 2,100%,0,0,1:21,17 of 28,3 of 3,1 of 1,17 of 28,2 of 2,2 of 2
W,Christos Giagos,0,31 of 67,46%,76 of 124,5 of 15,33%,0,0,8:57,23 of 57,3 of 5,5 of 5,17 of 50,1 of 1,13 of 16
L,Carlton Minus,0,28 of 80,35%,29 of 81,0 of 0,---,0,0,0:00,18 of 64,4 of 9,6 of 7,28 of 79,0 of 1,0 of 0
D,Deiveson Figueiredo,0,137 of 238,57%,147 of 248,2 of 4,50%,0,0,0:55,93 of 181,34 of 45,10 of 12,126 of 220,3 of 7,8 of 11
D,Brandon Moreno,0,132 of 248,53%,139 of 256,4 of 8,50%,0,0,3:19,118 of 227,13 of 20,1 of 1,129 of 240,1 of 5,2 of 3
L,Tony Ferguson,0,19 of 42,45%,26 of 49,0 of 0,---,0,0,0:05,14 of 29,3 of 10,2 of 3,15 of 38,1 of 1,3 of 3
W,Charles Oliveira,0,41 of 63,65%,86 of 112,3 of 3,100%,3,0,11:39,26 of 43,7 of 11,8 of 9,17 of 34,0 of 0,24 of 29
W,Mackenzie Dern,0,82 of 174,47%,101 of 195,0 of 5,0%,0,0,2:34,57 of 143,16 of 21,9 of 10,62 of 150,17 of 21,3 of 3
L,Virna Jandiroba,0,63 of 134,47%,80 of 152,1 of 1,100%,0,0,2:44,46 of 113,15 of 19,2 of 2,43 of 109,18 of 23,2 of 2
W,Kevin Holland,0,15 of 18,83%,21 of 24,0 of 0,---,0,0,0:02,14 of 17,0 of 0,1 of 1,1 of 2,2 of 2,12 of 14
L,Jacare Souza,0,2 of 2,100%,2 of 2,2 of 3,66%,0,0,1:27,2 of 2,0 of 0,0 of 0,0 of 0,0 of 0,2 of 2
L,Junior Dos Santos,0,10 of 35,28%,11 of 36,0 of 1,0%,0,0,0:00,6 of 26,3 of 7,1 of 2,10 of 35,0 of 0,0 of 0
W,Ciryl Gane,1,59 of 80,73%,61 of 82,0 of 0,---,0,0,0:25,13 of 28,17 of 20,29 of 32,53 of 74,4 of 4,2 of 2
W,Cub Swanson,2,46 of 66,69%,51 of 71,1 of 1,100%,0,0,1:34,35 of 51,7 of 11,4 of 4,37 of 54,3 of 3,6 of 9
L,Daniel Pineda,0,21 of 45,46%,40 of 65,1 of 2,50%,1,0,0:35,9 of 28,3 of 4,9 of 13,19 of 43,2 of 2,0 of 0
L,Renato Moicano,0,15 of 37,40%,15 of 37,0 of 1,0%,0,0,0:00,10 of 32,3 of 3,2 of 2,14 of 35,1 of 2,0 of 0
W,Rafael Fiziev,1,21 of 35,60%,21 of 35,0 of 1,0%,0,0,0:04,7 of 18,7 of 10,7 of 7,20 of 34,0 of 0,1 of 1
W,Gavin Tucker,0,106 of 166,63%,123 of 183,7 of 13,53%,0,0,5:14,68 of 122,31 of 37,7 of 7,71 of 122,32 of 41,3 of 3
L,Billy Quarantillo,0,84 of 178,47%,136 of 233,0 of 3,0%,0,0,0:25,45 of 127,33 of 44,6 of 7,55 of 138,29 of 35,0 of 5
W,Tecia Pennington,0,52 of 103,50%,52 of 103,1 of 1,100%,0,0,0:15,27 of 71,13 of 17,12 of 15,50 of 101,2 of 2,0 of 0
L,Sam Hughes,0,20 of 53,37%,26 of 59,0 of 1,0%,0,0,0:51,9 of 33,2 of 3,9 of 17,19 of 52,1 of 1,0 of 0
W,Chase Hooper,0,57 of 117,48%,81 of 144,0 of 6,0%,2,0,0:44,18 of 66,10 of 18,29 of 33,55 of 115,0 of 0,2 of 2
L,Peter Barrett,0,48 of 87,55%,61 of 100,0 of 0,---,0,0,1:05,17 of 52,9 of 12,22 of 23,48 of 86,0 of 1,0 of 0
L,Jack Hermansson,0,122 of 346,35%,139 of 365,2 of 7,28%,0,0,0:28,86 of 306,18 of 22,18 of 18,118 of 339,4 of 7,0 of 0
W,Marvin Vettori,1,164 of 334,49%,202 of 376,0 of 1,0%,1,1,5:47,143 of 312,18 of 19,3 of 3,156 of 320,0 of 1,8 of 13
L,Ovince Saint Preux,0,36 of 72,50%,37 of 73,0 of 0,---,0,0,0:00,7 of 36,14 of 17,15 of 19,35 of 70,1 of 2,0 of 0
W,Jamahal Hill,0,68 of 128,53%,68 of 128,0 of 0,---,0,0,0:15,39 of 92,23 of 28,6 of 8,62 of 120,6 of 8,0 of 0
W,Gabriel Benitez,1,38 of 104,36%,38 of 104,0 of 0,---,0,0,0:00,20 of 83,10 of 12,8 of 9,34 of 99,0 of 0,4 of 5
L,Justin Jaynes,0,22 of 52,42%,22 of 52,0 of 0,---,0,0,0:00,16 of 44,6 of 8,0 of 0,22 of 52,0 of 0,0 of 0
W,Roman Dolidze,0,51 of 109,46%,118 of 205,3 of 5,60%,3,0,7:16,31 of 81,15 of 23,5 of 5,47 of 100,1 of 1,3 of 8
L,John Allan,0,29 of 86,33%,48 of 117,1 of 1,100%,0,0,0:15,15 of 64,5 of 13,9 of 9,28 of 84,1 of 1,0 of 1
L,Matt Wiman,0,0 of 2,0%,0 of 2,0 of 0,---,0,0,0:00,0 of 1,0 of 0,0 of 1,0 of 2,0 of 0,0 of 0
W,Jordan Leavitt,0,1 of 1,100%,1 of 1,1 of 2,50%,0,0,0:00,0 of 0,1 of 1,0 of 0,1 of 1,0 of 0,0 of 0
W,Louis Smolka,0,59 of 116,50%,64 of 128,3 of 4,75%,0,0,1:09,35 of 88,18 of 22,6 of 6,34 of 78,13 of 16,12 of 22
L,Jose Quinonez,0,43 of 107,40%,47 of 113,2 of 3,66%,0,0,0:31,13 of 66,12 of 23,18 of 18,37 of 97,4 of 8,2 of 2
W,Ilia Topuria,1,31 of 63,49%,31 of 64,0 of 0,---,0,0,0:03,12 of 34,18 of 28,1 of 1,30 of 60,0 of 2,1 of 1
L,Damon Jackson,0,16 of 52,30%,16 of 53,0 of 0,---,0,0,0:13,10 of 40,5 of 10,1 of 2,15 of 50,1 of 2,0 of 0
L,Gian Villante,0,80 of 197,40%,81 of 198,0 of 0,---,0,0,0:00,58 of 168,14 of 19,8 of 10,79 of 196,1 of 1,0 of 0
W,Jake Collier,0,123 of 272,45%,126 of 277,0 of 0,---,0,0,0:02,88 of 225,19 of 29,16 of 18,121 of 270,2 of 2,0 of 0
W,Anthony Smith,0,1 of 4,25%,4 of 8,1 of 1,100%,1,0,1:18,1 of 4,0 of 0,0 of 0,0 of 2,0 of 0,1 of 2
L,Devin Clark,0,1 of 3,33%,27 of 30,0 of 0,---,0,1,1:07,1 of 3,0 of 0,0 of 0,1 of 3,0 of 0,0 of 0
W,Miguel Baeza,0,40 of 73,54%,43 of 82,1 of 2,50%,1,0,1:09,16 of 40,20 of 28,4 of 5,32 of 65,3 of 3,5 of 5
L,Takashi Sato,0,15 of 58,25%,15 of 58,0 of 0,---,0,0,0:02,10 of 49,4 of 8,1 of 1,15 of 56,0 of 1,0 of 1
L,Josh Parisian,0,114 of 226,50%,123 of 237,0 of 0,---,0,0,0:28,71 of 173,35 of 44,8 of 9,89 of 190,25 of 36,0 of 0
W,Parker Porter,0,126 of 228,55%,164 of 275,2 of 4,50%,1,0,4:27,90 of 190,16 of 18,20 of 20,105 of 198,20 of 27,1 of 3
L,Spike Carlyle,0,23 of 53,43%,28 of 65,4 of 13,30%,1,1,4:18,14 of 37,3 of 8,6 of 8,19 of 45,1 of 3,3 of 5
W,Bill Algeo,0,70 of 95,73%,118 of 150,1 of 3,33%,0,1,4:16,44 of 63,18 of 23,8 of 9,42 of 64,14 of 15,14 of 16
L,Ashlee Evans-Smith,0,42 of 164,25%,47 of 169,0 of 2,0%,0,0,0:10,12 of 108,17 of 35,13 of 21,37 of 156,5 of 8,0 of 0
W,Norma Dumont,1,94 of 161,58%,109 of 178,2 of 4,50%,0,1,4:01,78 of 142,8 of 11,8 of 8,71 of 130,9 of 13,14 of 18
W,Jonathan Pearce,0,51 of 100,51%,113 of 172,5 of 7,71%,1,0,3:26,34 of 76,12 of 19,5 of 5,27 of 71,6 of 9,18 of 20
L,Kai Kamaka III,0,47 of 83,56%,48 of 84,1 of 3,33%,1,1,0:33,20 of 51,20 of 25,7 of 7,44 of 79,2 of 3,1 of 1
L,Martin Day,0,9 of 12,75%,16 of 19,1 of 1,100%,0,0,0:15,3 of 4,3 of 3,3 of 5,9 of 12,0 of 0,0 of 0
W,Anderson Dos Santos,0,11 of 20,55%,22 of 31,1 of 6,16%,1,0,2:57,5 of 13,2 of 2,4 of 5,8 of 15,0 of 1,3 of 4
W,Gina Mazany,1,72 of 162,44%,106 of 216,7 of 12,58%,1,0,6:53,53 of 136,10 of 16,9 of 10,41 of 114,13 of 18,18 of 30
L,Rachael Ostovich,0,41 of 95,43%,49 of 106,0 of 1,0%,0,1,0:11,25 of 73,16 of 22,0 of 0,34 of 87,7 of 8,0 of 0
W,Sumudaerji,1,9 of 18,50%,9 of 18,0 of 0,---,0,0,0:02,6 of 15,0 of 0,3 of 3,9 of 17,0 of 0,0 of 1
L,Malcolm Gordon,0,0 of 6,0%,0 of 6,0 of 0,---,0,0,0:00,0 of 6,0 of 0,0 of 0,0 of 6,0 of 0,0 of 0
L,Luke Sanders,0,55 of 112,49%,63 of 120,0 of 1,0%,0,0,0:40,40 of 90,7 of 9,8 of 13,47 of 102,8 of 10,0 of 0
W,Nate Maness,1,33 of 70,47%,38 of 75,1 of 2,50%,1,0,0:30,27 of 62,4 of 6,2 of 2,28 of 62,3 of 5,2 of 3
W,Deiveson Figueiredo,0,5 of 8,62%,5 of 8,0 of 0,---,1,0,0:00,2 of 4,3 of 4,0 of 0,5 of 8,0 of 0,0 of 0
L,Alex Perez,0,6 of 14,42%,6 of 14,0 of 2,0%,0,0,0:37,3 of 9,2 of 4,1 of 1,5 of 13,0 of 0,1 of 1
W,Valentina Shevchenko,0,62 of 119,52%,249 of 317,5 of 6,83%,0,0,9:34,46 of 100,13 of 16,3 of 3,50 of 103,10 of 14,2 of 2
L,Jennifer Maia,0,36 of 88,40%,94 of 152,1 of 2,50%,0,0,7:51,22 of 72,10 of 12,4 of 4,23 of 73,11 of 12,2 of 3
L,Mike Perry,0,64 of 161,39%,69 of 166,1 of 5,20%,2,0,3:08,44 of 134,8 of 12,12 of 15,62 of 157,2 of 4,0 of 0
W,Tim Means,0,128 of 192,66%,143 of 207,0 of 1,0%,0,1,0:39,86 of 147,26 of 28,16 of 17,121 of 184,6 of 7,1 of 1
W,Katlyn Cerminara,0,69 of 230,30%,69 of 230,0 of 1,0%,0,0,0:02,45 of 190,11 of 22,13 of 18,68 of 227,1 of 3,0 of 0
L,Cynthia Calvillo,0,60 of 197,30%,60 of 197,1 of 4,25%,0,0,0:00,31 of 134,17 of 46,12 of 17,59 of 196,1 of 1,0 of 0
L,Mauricio Rua,0,10 of 28,35%,25 of 46,0 of 0,---,0,0,1:44,6 of 22,2 of 4,2 of 2,9 of 26,0 of 0,1 of 2
W,Paul Craig,0,29 of 57,50%,54 of 88,4 of 8,50%,0,1,3:46,17 of 38,4 of 9,8 of 10,16 of 35,4 of 11,9 of 11
W,Brandon Moreno,0,16 of 34,47%,53 of 73,2 of 2,100%,2,0,3:01,10 of 27,3 of 4,3 of 3,12 of 28,0 of 0,4 of 6
L,Brandon Royval,0,17 of 52,32%,24 of 62,0 of 0,---,0,0,0:00,7 of 38,5 of 8,5 of 6,15 of 50,0 of 0,2 of 2
W,Joaquin Buckley,2,43 of 80,53%,59 of 96,0 of 2,0%,0,0,1:49,31 of 63,12 of 17,0 of 0,33 of 67,3 of 3,7 of 10
L,Jordan Wright,0,18 of 47,38%,36 of 66,0 of 1,0%,0,0,0:02,5 of 32,12 of 14,1 of 1,16 of 44,2 of 3,0 of 0
W,Antonina Shevchenko,0,39 of 57,68%,94 of 128,1 of 3,33%,0,0,7:39,32 of 50,4 of 4,3 of 3,8 of 12,5 of 6,26 of 39
L,Ariane da Silva,0,15 of 26,57%,25 of 36,0 of 3,0%,0,0,0:28,7 of 15,5 of 6,3 of 5,13 of 24,2 of 2,0 of 0
L,Daniel Rodriguez,0,83 of 199,41%,105 of 222,0 of 2,0%,0,0,0:41,44 of 145,19 of 32,20 of 22,81 of 197,2 of 2,0 of 0
W,Nicolas Dalby,0,50 of 147,34%,58 of 155,0 of 7,0%,0,0,1:28,24 of 97,7 of 23,19 of 27,50 of 146,0 of 1,0 of 0
W,Alan Jouban,0,168 of 331,50%,169 of 332,0 of 1,0%,2,1,0:10,116 of 262,39 of 55,13 of 14,150 of 305,18 of 26,0 of 0
L,Jared Gooden,0,100 of 210,47%,101 of 211,1 of 1,100%,0,0,1:06,79 of 182,21 of 27,0 of 1,90 of 195,10 of 14,0 of 1
W,Kyle Daukaus,0,64 of 122,52%,113 of 183,2 of 7,28%,1,0,8:40,56 of 111,7 of 9,1 of 2,38 of 85,14 of 17,12 of 20
L,Dustin Stoltzfus,0,32 of 63,50%,95 of 130,0 of 7,0%,0,1,2:01,14 of 41,8 of 11,10 of 11,18 of 47,13 of 15,1 of 1
L,Louis Cosce,1,99 of 206,48%,115 of 224,1 of 9,11%,0,0,0:53,76 of 172,12 of 21,11 of 13,58 of 150,16 of 22,25 of 34
W,Sasha Palatnikov,0,125 of 237,52%,160 of 275,1 of 1,100%,0,0,3:16,100 of 202,24 of 34,1 of 1,82 of 180,25 of 33,18 of 24
L,Paul Felder,0,98 of 190,51%,134 of 226,1 of 2,50%,0,0,1:40,64 of 147,20 of 29,14 of 14,76 of 161,21 of 28,1 of 1
W,Rafael Dos Anjos,0,92 of 162,56%,155 of 231,6 of 22,27%,0,0,14:15,53 of 113,35 of 45,4 of 4,61 of 125,26 of 29,5 of 8
L,Abdul Razak Alhassan,0,2 of 2,100%,2 of 2,0 of 0,---,0,0,0:00,0 of 0,0 of 0,2 of 2,2 of 2,0 of 0,0 of 0
W,Khaos Williams,1,5 of 10,50%,5 of 10,0 of 0,---,0,0,0:00,2 of 7,0 of 0,3 of 3,4 of 9,0 of 0,1 of 1
W,Ashley Yoder,0,26 of 42,61%,151 of 184,2 of 4,50%,3,0,8:19,14 of 29,5 of 5,7 of 8,12 of 25,3 of 3,11 of 14
L,Miranda Granger,0,33 of 51,64%,87 of 107,0 of 0,---,0,1,3:16,19 of 36,9 of 10,5 of 5,15 of 32,14 of 15,4 of 4
L,Brendan Allen,0,51 of 90,56%,53 of 92,0 of 0,---,0,0,0:00,28 of 63,11 of 14,12 of 13,50 of 88,1 of 2,0 of 0
W,Sean Strickland,1,94 of 161,58%,106 of 176,1 of 1,100%,0,0,1:34,90 of 157,2 of 2,2 of 2,90 of 155,4 of 6,0 of 0
L,Kay Hansen,0,67 of 110,60%,87 of 131,2 of 5,40%,2,0,5:22,47 of 89,15 of 15,5 of 6,54 of 95,11 of 13,2 of 2
W,Cory McKenna,0,57 of 137,41%,156 of 246,0 of 1,0%,0,1,3:05,56 of 136,0 of 0,1 of 1,49 of 127,5 of 7,3 of 3
L,Randa Markos,0,29 of 61,47%,37 of 69,0 of 0,---,0,0,0:00,12 of 36,10 of 12,7 of 13,19 of 50,9 of 10,1 of 1
W,Kanako Murata,0,29 of 43,67%,79 of 95,4 of 9,44%,2,0,9:21,24 of 36,5 of 7,0 of 0,11 of 22,1 of 3,17 of 18
L,Geraldo de Freitas,0,76 of 128,59%,108 of 165,1 of 4,25%,0,0,0:02,61 of 111,12 of 14,3 of 3,69 of 117,4 of 6,3 of 5
W,Tony Gravely,0,49 of 101,48%,86 of 144,7 of 17,41%,0,0,9:55,37 of 87,4 of 5,8 of 9,27 of 72,5 of 6,17 of 23
W,Alex Morono,0,176 of 321,54%,208 of 360,3 of 3,100%,0,0,2:34,146 of 286,21 of 26,9 of 9,145 of 280,22 of 29,9 of 12
L,Rhys McKee,0,124 of 230,53%,133 of 242,0 of 3,0%,0,0,0:12,81 of 179,36 of 42,7 of 9,117 of 220,6 of 9,1 of 1
W,Don'Tale Mayes,0,59 of 135,43%,80 of 158,1 of 2,50%,0,0,2:27,34 of 100,20 of 29,5 of 6,54 of 126,5 of 6,0 of 3
L,Roque Martinez,0,58 of 111,52%,96 of 152,1 of 2,50%,0,0,2:52,30 of 76,16 of 19,12 of 16,54 of 107,4 of 4,0 of 0
L,Thiago Santos,1,40 of 64,62%,81 of 109,0 of 0,---,0,0,1:18,38 of 58,0 of 4,2 of 2,11 of 24,0 of 0,29 of 40
W,Glover Teixeira,0,46 of 63,73%,148 of 180,4 of 7,57%,2,0,9:03,46 of 63,0 of 0,0 of 0,2 of 5,0 of 0,44 of 58
W,Andrei Arlovski,0,34 of 82,41%,34 of 82,0 of 0,---,0,0,0:00,16 of 53,6 of 13,12 of 16,33 of 81,1 of 1,0 of 0
L,Tanner Boser,0,68 of 119,57%,68 of 119,0 of 0,---,0,0,0:00,16 of 58,6 of 9,46 of 52,68 of 118,0 of 1,0 of 0
W,Raoni Barcelos,0,120 of 207,57%,129 of 219,2 of 4,50%,1,0,3:15,85 of 166,17 of 22,18 of 19,108 of 195,7 of 7,5 of 5
L,Khalid Taha,0,49 of 202,24%,68 of 222,0 of 1,0%,0,1,1:27,40 of 186,5 of 10,4 of 6,49 of 193,0 of 6,0 of 3
W,Giga Chikadze,1,8 of 16,50%,8 of 16,0 of 1,0%,0,0,0:09,6 of 13,2 of 3,0 of 0,4 of 10,0 of 0,4 of 6
L,Jamey Simmons,0,2 of 4,50%,4 of 6,0 of 3,0%,0,0,0:44,2 of 4,0 of 0,0 of 0,1 of 3,1 of 1,0 of 0
L,Claudia Gadelha,0,36 of 96,37%,84 of 149,2 of 10,20%,0,0,6:46,29 of 84,6 of 11,1 of 1,30 of 88,1 of 3,5 of 5
W,Yan Xiaonan,0,74 of 170,43%,133 of 234,0 of 0,---,0,0,0:19,54 of 143,15 of 21,5 of 6,58 of 149,14 of 18,2 of 3
W,Trevin Giles,2,38 of 59,64%,51 of 73,1 of 2,50%,0,0,2:33,34 of 54,2 of 3,2 of 2,34 of 53,3 of 5,1 of 1
L,Bevon Lewis,0,26 of 75,34%,60 of 113,0 of 6,0%,0,0,1:35,15 of 59,6 of 9,5 of 7,21 of 69,5 of 6,0 of 0
W,Alexandr Romanov,0,6 of 7,85%,10 of 12,2 of 5,40%,1,0,3:51,3 of 3,1 of 2,2 of 2,0 of 0,3 of 4,3 of 3
L,Marcos Rogerio de Lima,0,18 of 29,62%,27 of 39,0 of 0,---,0,0,0:00,7 of 17,5 of 5,6 of 7,12 of 22,5 of 6,1 of 1
W,Darren Elkins,0,32 of 72,44%,120 of 168,7 of 21,33%,1,0,7:34,21 of 58,10 of 13,1 of 1,18 of 55,12 of 15,2 of 2
L,Eduardo Garagorri,0,36 of 78,46%,48 of 90,0 of 0,---,0,0,0:10,28 of 69,8 of 9,0 of 0,30 of 69,3 of 4,3 of 5
W,Max Griffin,0,74 of 167,44%,82 of 175,0 of 1,0%,0,0,0:32,50 of 135,14 of 21,10 of 11,73 of 166,1 of 1,0 of 0
L,Ramiz Brahimaj,0,45 of 123,36%,46 of 124,0 of 0,---,0,0,0:13,40 of 112,3 of 9,2 of 2,45 of 123,0 of 0,0 of 0
W,Gustavo Lopez,0,26 of 43,60%,33 of 50,2 of 3,66%,1,0,1:06,17 of 33,9 of 10,0 of 0,15 of 27,5 of 7,6 of 9
L,Anthony Birchak,0,17 of 40,42%,18 of 41,0 of 0,---,0,0,0:00,8 of 27,5 of 9,4 of 4,12 of 33,3 of 5,2 of 2
W,Uriah Hall,2,60 of 111,54%,61 of 112,0 of 0,---,0,0,0:15,41 of 90,10 of 12,9 of 9,45 of 87,0 of 0,15 of 24
L,Anderson Silva,0,53 of 110,48%,57 of 114,0 of 0,---,0,0,0:31,16 of 61,18 of 28,19 of 21,51 of 107,2 of 3,0 of 0
W,Bryce Mitchell,0,46 of 69,66%,100 of 135,7 of 13,53%,1,0,10:12,28 of 49,14 of 15,4 of 5,29 of 42,0 of 0,17 of 27
L,Andre Fili,0,27 of 72,37%,51 of 97,0 of 0,---,0,2,0:34,19 of 62,5 of 7,3 of 3,23 of 67,0 of 0,4 of 5
L,Maurice Greene,0,17 of 37,45%,17 of 37,0 of 0,---,0,0,0:00,6 of 21,3 of 5,8 of 11,16 of 36,0 of 0,1 of 1
W,Greg Hardy,1,46 of 74,62%,56 of 85,1 of 1,100%,0,0,2:32,32 of 55,5 of 5,9 of 14,19 of 36,0 of 0,27 of 38
W,Kevin Holland,0,11 of 12,91%,33 of 34,2 of 2,100%,0,0,2:13,10 of 11,0 of 0,1 of 1,2 of 3,0 of 0,9 of 9
L,Charlie Ontiveros,0,2 of 2,100%,2 of 2,0 of 0,---,0,0,0:00,2 of 2,0 of 0,0 of 0,2 of 2,0 of 0,0 of 0
L,King Green,0,85 of 177,48%,94 of 187,2 of 3,66%,0,1,1:11,29 of 104,31 of 40,25 of 33,82 of 170,3 of 4,0 of 3
W,Thiago Moises,0,42 of 119,35%,43 of 120,2 of 3,66%,1,0,1:51,29 of 102,5 of 7,8 of 10,42 of 119,0 of 0,0 of 0
L,Chris Gruetzemacher,0,8 of 27,29%,8 of 27,0 of 0,---,0,0,0:00,4 of 20,0 of 2,4 of 5,8 of 26,0 of 1,0 of 0
W,Alexander Hernandez,1,29 of 52,55%,29 of 52,0 of 0,---,0,0,0:00,16 of 34,4 of 9,9 of 9,28 of 51,1 of 1,0 of 0
W,Adrian Yanez,1,17 of 34,50%,18 of 35,0 of 0,---,0,0,0:05,15 of 32,2 of 2,0 of 0,16 of 33,1 of 1,0 of 0
L,Victor Rodriguez,0,6 of 13,46%,9 of 16,0 of 3,0%,0,0,0:54,5 of 11,1 of 2,0 of 0,6 of 12,0 of 1,0 of 0
W,Sean Strickland,0,106 of 227,46%,106 of 227,0 of 0,---,0,0,0:00,88 of 203,15 of 21,3 of 3,106 of 227,0 of 0,0 of 0
L,Jack Marshman,0,48 of 252,19%,48 of 252,0 of 0,---,0,0,0:00,19 of 176,18 of 59,11 of 17,48 of 252,0 of 0,0 of 0
L,Cole Williams,0,1 of 5,20%,23 of 27,0 of 0,---,0,0,0:00,1 of 4,0 of 1,0 of 0,1 of 5,0 of 0,0 of 0
W,Jason Witt,0,20 of 31,64%,50 of 70,2 of 3,66%,1,0,6:19,17 of 28,1 of 1,2 of 2,5 of 9,0 of 0,15 of 22
W,Dustin Jacoby,2,22 of 38,57%,22 of 38,0 of 0,---,0,0,0:11,10 of 22,2 of 5,10 of 11,17 of 29,0 of 1,5 of 8
L,Justin Ledet,0,10 of 31,32%,10 of 31,0 of 0,---,0,0,0:00,8 of 29,0 of 0,2 of 2,10 of 30,0 of 1,0 of 0
W,Miles Johns,1,48 of 105,45%,56 of 114,0 of 7,0%,0,0,3:03,39 of 92,3 of 7,6 of 6,46 of 100,2 of 5,0 of 0
L,Kevin Natividad,0,33 of 137,24%,38 of 142,0 of 1,0%,0,0,0:00,23 of 119,8 of 15,2 of 3,31 of 132,2 of 5,0 of 0
W,Khabib Nurmagomedov,0,26 of 80,32%,26 of 80,2 of 3,66%,1,0,0:55,18 of 72,7 of 7,1 of 1,25 of 79,0 of 0,1 of 1
L,Justin Gaethje,0,29 of 45,64%,29 of 46,0 of 0,---,0,0,0:14,12 of 26,2 of 4,15 of 15,29 of 45,0 of 0,0 of 0
W,Robert Whittaker,1,69 of 151,45%,75 of 158,0 of 2,0%,0,0,2:10,59 of 138,5 of 8,5 of 5,62 of 137,1 of 2,6 of 12
L,Jared Cannonier,0,53 of 89,59%,58 of 94,0 of 0,---,0,0,0:30,17 of 46,14 of 18,22 of 25,49 of 84,4 of 5,0 of 0
W,Alexander Volkov,0,45 of 73,61%,45 of 73,0 of 0,---,0,0,0:05,32 of 59,11 of 11,2 of 3,42 of 69,3 of 4,0 of 0
L,Walt Harris,0,16 of 58,27%,16 of 58,0 of 1,0%,0,0,0:00,7 of 45,5 of 9,4 of 4,16 of 56,0 of 2,0 of 0
L,Jacob Malkoun,0,0 of 2,0%,0 of 2,0 of 0,---,0,0,0:00,0 of 2,0 of 0,0 of 0,0 of 2,0 of 0,0 of 0
W,Phil Hawes,1,7 of 11,63%,7 of 11,0 of 0,---,0,0,0:01,7 of 11,0 of 0,0 of 0,5 of 9,0 of 0,2 of 2
W,Lauren Murphy,0,22 of 85,25%,32 of 96,1 of 1,100%,1,0,1:10,16 of 78,6 of 7,0 of 0,12 of 72,8 of 11,2 of 2
L,Liliya Shakirova,0,23 of 75,30%,27 of 80,0 of 3,0%,0,0,0:29,7 of 45,7 of 17,9 of 13,23 of 75,0 of 0,0 of 0
W,Magomed Ankalaev,2,21 of 41,51%,21 of 41,0 of 0,---,0,0,0:05,17 of 36,2 of 3,2 of 2,14 of 31,1 of 1,6 of 9
L,Ion Cutelaba,0,11 of 36,30%,11 of 36,0 of 0,---,0,0,0:00,5 of 27,2 of 4,4 of 5,11 of 36,0 of 0,0 of 0
L,Stefan Struve,0,13 of 19,68%,13 of 19,0 of 1,0%,0,0,0:00,4 of 6,4 of 8,5 of 5,13 of 19,0 of 0,0 of 0
W,Tai Tuivasa,1,27 of 42,64%,48 of 63,0 of 0,---,0,0,1:44,15 of 28,4 of 4,8 of 10,14 of 28,10 of 11,3 of 3
L,Nathaniel Wood,0,136 of 321,42%,138 of 325,0 of 3,0%,0,0,0:00,70 of 237,9 of 22,57 of 62,134 of 318,2 of 3,0 of 0
W,Casey Kenney,0,123 of 247,49%,125 of 249,2 of 6,33%,0,0,1:30,74 of 189,25 of 32,24 of 26,118 of 241,4 of 5,1 of 1
L,Alex Oliveira,0,9 of 18,50%,16 of 26,0 of 2,0%,0,0,2:04,3 of 9,3 of 5,3 of 4,4 of 12,5 of 6,0 of 0
W,Shavkat Rakhmonov,0,13 of 25,52%,32 of 44,0 of 2,0%,1,0,0:44,6 of 14,4 of 8,3 of 3,10 of 19,3 of 6,0 of 0
D,Da Woon Jung,1,56 of 126,44%,61 of 133,0 of 3,0%,0,0,2:25,43 of 108,5 of 10,8 of 8,46 of 114,6 of 8,4 of 4
D,Sam Alvey,0,59 of 166,35%,69 of 177,0 of 0,---,0,0,0:05,38 of 140,3 of 8,18 of 18,56 of 162,2 of 3,1 of 1
L,Liana Jojua,0,30 of 80,37%,30 of 80,0 of 0,---,0,0,0:00,26 of 71,4 of 8,0 of 1,30 of 80,0 of 0,0 of 0
W,Miranda Maverick,0,49 of 95,51%,49 of 95,0 of 0,---,0,0,0:00,25 of 65,15 of 21,9 of 9,49 of 95,0 of 0,0 of 0
W,Joel Alvarez,0,4 of 6,66%,10 of 13,0 of 0,---,2,0,0:00,1 of 3,0 of 0,3 of 3,3 of 5,0 of 0,1 of 1
L,Alexander Yakovlev,0,1 of 1,100%,15 of 16,1 of 1,100%,0,0,1:57,0 of 0,0 of 0,1 of 1,1 of 1,0 of 0,0 of 0
W,Brian Ortega,2,127 of 212,59%,129 of 214,3 of 10,30%,0,0,0:57,64 of 135,22 of 28,41 of 49,118 of 199,5 of 7,4 of 6
L,Chan Sung Jung,0,62 of 163,38%,64 of 166,0 of 0,---,0,0,0:00,35 of 127,14 of 21,13 of 15,62 of 162,0 of 1,0 of 0
L,Katlyn Cerminara,0,19 of 53,35%,27 of 61,0 of 0,---,0,0,0:25,7 of 35,12 of 18,0 of 0,10 of 41,9 of 12,0 of 0
W,Jessica Andrade,1,28 of 43,65%,62 of 79,2 of 3,66%,0,0,2:26,11 of 24,11 of 12,6 of 7,14 of 28,8 of 9,6 of 6
W,Jimmy Crute,2,17 of 24,70%,18 of 25,0 of 1,0%,0,0,0:25,8 of 14,1 of 1,8 of 9,14 of 21,1 of 1,2 of 2
L,Modestas Bukauskas,0,7 of 17,41%,7 of 17,0 of 0,---,0,0,0:00,2 of 11,2 of 3,3 of 3,7 of 17,0 of 0,0 of 0
L,Claudio Silva,0,64 of 214,29%,66 of 216,2 of 12,16%,0,0,0:58,30 of 143,11 of 43,23 of 28,64 of 214,0 of 0,0 of 0
W,James Krause,0,94 of 159,59%,96 of 162,0 of 1,0%,0,0,0:14,73 of 135,18 of 21,3 of 3,94 of 159,0 of 0,0 of 0
L,Thomas Almeida,0,64 of 171,37%,64 of 171,0 of 5,0%,0,0,0:02,33 of 127,17 of 29,14 of 15,56 of 163,8 of 8,0 of 0
W,Jonathan Martinez,0,73 of 205,35%,73 of 205,0 of 0,---,0,0,0:00,53 of 170,18 of 33,2 of 2,69 of 201,4 of 4,0 of 0
L,Mateusz Gamrot,0,52 of 126,41%,69 of 151,5 of 16,31%,0,0,3:29,42 of 112,6 of 10,4 of 4,37 of 103,4 of 4,11 of 19
W,Guram Kutateladze,1,37 of 86,43%,43 of 93,0 of 1,0%,0,0,0:01,12 of 48,12 of 24,13 of 14,35 of 84,0 of 0,2 of 2
W,Gillian Robertson,0,57 of 98,58%,104 of 161,3 of 7,42%,0,0,9:34,43 of 77,7 of 10,7 of 11,9 of 30,0 of 0,48 of 68
L,Poliana Botelho,0,22 of 43,51%,39 of 61,0 of 0,---,0,0,1:16,11 of 32,8 of 8,3 of 3,15 of 35,4 of 5,3 of 3
W,JunYong Park,0,10 of 21,47%,260 of 350,4 of 4,100%,0,0,13:11,10 of 21,0 of 0,0 of 0,2 of 2,0 of 0,8 of 19
L,John Phillips,0,5 of 14,35%,13 of 25,0 of 0,---,0,0,0:00,1 of 10,2 of 2,2 of 2,5 of 14,0 of 0,0 of 0
L,Jamie Mullarkey,0,20 of 72,27%,29 of 84,5 of 11,45%,0,0,6:56,7 of 51,2 of 8,11 of 13,18 of 65,2 of 7,0 of 0
W,Fares Ziam,0,47 of 89,52%,54 of 98,1 of 5,20%,0,2,1:12,34 of 76,4 of 4,9 of 9,35 of 72,6 of 8,6 of 9
L,Gadzhimurad Antigulov,0,12 of 23,52%,31 of 44,1 of 5,20%,0,0,2:39,5 of 15,4 of 5,3 of 3,8 of 17,3 of 5,1 of 1
W,Maxim Grishin,0,34 of 76,44%,66 of 126,1 of 1,100%,0,0,2:21,20 of 61,6 of 7,8 of 8,22 of 45,3 of 6,9 of 25
W,Said Nurmagomedov,0,18 of 24,75%,18 of 24,0 of 0,---,0,0,0:05,17 of 22,0 of 0,1 of 2,3 of 7,4 of 4,11 of 13
L,Mark Striegl,0,3 of 7,42%,3 of 7,0 of 1,0%,0,0,0:00,1 of 5,0 of 0,2 of 2,3 of 7,0 of 0,0 of 0
L,Marlon Moraes,0,14 of 50,28%,14 of 50,1 of 1,100%,0,0,0:09,10 of 39,1 of 5,3 of 6,14 of 50,0 of 0,0 of 0
W,Cory Sandhagen,1,38 of 88,43%,38 of 88,0 of 0,---,0,0,0:04,16 of 63,9 of 10,13 of 15,36 of 84,0 of 0,2 of 4
W,Edson Barboza,2,32 of 74,43%,34 of 77,0 of 0,---,1,0,1:38,8 of 42,18 of 23,6 of 9,31 of 69,0 of 1,1 of 4
L,Makwan Amirkhani,0,11 of 39,28%,25 of 59,3 of 6,50%,0,0,3:13,10 of 36,1 of 3,0 of 0,10 of 36,0 of 1,1 of 2
L,Ben Rothwell,0,89 of 276,32%,95 of 287,0 of 0,---,0,0,0:19,63 of 247,16 of 19,10 of 10,78 of 260,11 of 16,0 of 0
W,Marcin Tybura,0,94 of 183,51%,155 of 274,1 of 3,33%,0,0,3:08,69 of 154,15 of 19,10 of 10,89 of 165,3 of 12,2 of 6
L,Markus Perez,0,14 of 43,32%,14 of 43,0 of 0,---,0,0,0:00,8 of 36,3 of 4,3 of 3,14 of 43,0 of 0,0 of 0
W,Dricus Du Plessis,1,26 of 58,44%,26 of 58,0 of 0,---,0,0,0:02,7 of 28,4 of 5,15 of 25,23 of 54,0 of 0,3 of 4
W,Tom Aspinall,0,16 of 25,64%,17 of 26,1 of 1,100%,0,0,0:30,15 of 24,0 of 0,1 of 1,4 of 10,0 of 0,12 of 15
L,Alan Baudot,0,3 of 12,25%,5 of 14,0 of 0,---,0,0,0:00,1 of 10,0 of 0,2 of 2,3 of 12,0 of 0,0 of 0
L,Youssef Zalal,0,17 of 53,32%,40 of 85,0 of 2,0%,1,3,2:51,10 of 43,4 of 7,3 of 3,15 of 50,2 of 2,0 of 1
W,Ilia Topuria,0,13 of 33,39%,30 of 62,5 of 9,55%,5,0,8:02,7 of 23,6 of 10,0 of 0,12 of 30,1 of 2,0 of 1
W,Tom Breese,1,17 of 27,62%,18 of 28,0 of 0,---,0,0,0:05,15 of 25,0 of 0,2 of 2,11 of 19,0 of 1,6 of 7
L,KB Bhullar,0,2 of 15,13%,2 of 16,0 of 0,---,0,0,0:00,0 of 9,0 of 2,2 of 4,2 of 15,0 of 0,0 of 0
W,Chris Daukaus,2,13 of 21,61%,13 of 21,0 of 0,---,0,0,0:24,13 of 21,0 of 0,0 of 0,6 of 11,0 of 0,7 of 10
L,Rodrigo Nascimento,0,1 of 4,25%,1 of 4,0 of 0,---,0,0,0:00,0 of 3,0 of 0,1 of 1,1 of 4,0 of 0,0 of 0
L,Impa Kasanganay,0,28 of 79,35%,31 of 85,0 of 0,---,0,0,0:00,17 of 64,5 of 8,6 of 7,28 of 79,0 of 0,0 of 0
W,Joaquin Buckley,1,29 of 94,30%,29 of 95,1 of 2,50%,0,0,1:03,19 of 79,5 of 10,5 of 5,25 of 88,2 of 3,2 of 3
L,Ali AlQaisi,0,29 of 67,43%,58 of 103,5 of 15,33%,1,0,6:00,12 of 42,3 of 6,14 of 19,27 of 61,1 of 3,1 of 3
W,Tony Kelley,0,23 of 62,37%,61 of 109,0 of 0,---,4,0,1:56,11 of 43,5 of 9,7 of 10,21 of 58,2 of 4,0 of 0
W,Giga Chikadze,1,65 of 157,41%,69 of 163,0 of 1,0%,0,0,0:29,32 of 117,24 of 28,9 of 12,54 of 134,0 of 2,11 of 21
L,Omar Morales,0,34 of 128,26%,35 of 130,0 of 0,---,0,0,1:04,23 of 111,7 of 11,4 of 6,34 of 125,0 of 0,0 of 3
W,Tracy Cortez,0,20 of 42,47%,66 of 109,3 of 5,60%,0,0,9:58,11 of 28,3 of 6,6 of 8,9 of 24,0 of 2,11 of 16
L,Stephanie Egger,0,10 of 32,31%,27 of 70,1 of 6,16%,0,1,2:07,6 of 24,0 of 2,4 of 6,8 of 29,2 of 3,0 of 0
L,Bruno Silva,0,47 of 114,41%,59 of 134,4 of 8,50%,0,0,2:21,20 of 81,10 of 12,17 of 21,40 of 104,7 of 10,0 of 0
W,Tagir Ulanbekov,0,46 of 122,37%,69 of 152,5 of 11,45%,0,0,3:47,38 of 110,3 of 5,5 of 7,45 of 119,1 of 3,0 of 0
